';,'
     2;'Type data: Produksjonsrekke';;'Kilde: Vansimtap'; 
     3;'Antall tellere';'Parallell=0 Serie=1';'Antall uker i dataperioden';
     3;     3;     0;   260;
243;18,0000000 ;260,000000 ;
37;1982,00000 ;1983,00000 ;1984,00000 ;1985,00000 ;1986,00000 ;1987,00000 ;1988,00000 ;1989,00000 ;1990,00000 ;1991,00000 ;1992,00000 ;1993,00000 ;1994,00000 ;1995,00000 ;1996,00000 ;1997,00000 ;1998,00000 ;1999,00000 ;2000,00000 ;2001,00000 ;2002,00000 ;2003,00000 ;2004,00000 ;2005,00000 ;2006,00000 ;2007,00000 ;2008,00000 ;2009,00000 ;2010,00000 ;2011,00000 ;2012,00000 ;2013,00000 ;2014,00000 ;2015,00000 ;2016,00000 ;2017,00000 ;2018,00000 ;
1;168,000000 ;
;;18;19;20;21;22;23;24;25;26;27;28;29;30;31;32;33;34;35;36;37;38;39;40;41;42;43;44;45;46;47;48;49;50;51;52;53;54;55;56;57;58;59;60;61;62;63;64;65;66;67;68;69;70;71;72;73;74;75;76;77;78;79;80;81;82;83;84;85;86;87;88;89;90;91;92;93;94;95;96;97;98;99;100;101;102;103;104;105;106;107;108;109;110;111;112;113;114;115;116;117;118;119;120;121;122;123;124;125;126;127;128;129;130;131;132;133;134;135;136;137;138;139;140;141;142;143;144;145;146;147;148;149;150;151;152;153;154;155;156;157;158;159;160;161;162;163;164;165;166;167;168;169;170;171;172;173;174;175;176;177;178;179;180;181;182;183;184;185;186;187;188;189;190;191;192;193;194;195;196;197;198;199;200;201;202;203;204;205;206;207;208;209;210;211;212;213;214;215;216;217;218;219;220;221;222;223;224;225;226;227;228;229;230;231;232;233;234;235;236;237;238;239;240;241;242;243;244;245;246;247;248;249;250;251;252;253;254;255;256;257;258;259;260;
1982;1;-,0672000349;4,29312515;5,61242151;4,05520630;3,52015495;0,89957476;1,19291949;0,35881752;2,44631791;0,22070311;-,0672000349;4,18222809;5,30456734;4,04076576;4,85883570;2,05202007;3,17562962;2,54414678;1,22697175;-,0672000349;-,0672000349;-,0672000349;-,0672000349;0,40918130;0,53514403;2,80598664;-,0672000349;1,45455658;2,24550438;-,0672000349;1,58293581;2,15505719;3,15274358;1,72469521;0,22236006;,0776136369;-,0672000349;,0869389921;0,57308465;0,72961009;1,17120159;3,41563272;3,30216241;3,67443132;-,0672000349;0,22419024;-,0672000349;1,52683961;1,16640401;2,82042956;1,59281611;0,86093849;0,36164632;,0781995878;0,22401842;-,0672000349;,0786778852;0,36428699;-,0672000349;-,0672000349;-,0618405826;-,0060290340;-,0033441344;2,08393192;-,0141201429;-,0042778333;-,0021046898;0,14399102;0,58204681;6,36798525;1,58465266;4,31606007;1,45536411;2,81262016;1,07107544;1,52652645;-,0672000349;0,10061314;0,84840488;2,23346376;4,97406769;1,59279597;2,63753724;1,16358268;3,06326485;4,11711645;0,36462525;0,22730027;1,47061181;2,20330191;2,80631137;3,79228306;4,54810333;3,78814721;2,50102711;2,61327505;1,56041849;4,72002029;4,53293514;6,70682144;6,11898470;4,91042233;4,86585617;1,58216000;-,0671999380;1,40131414;-,0671999380;-,0672000349;-,0672000349;2,38507986;3,95038199;4,69633532;0,96307087;7,69417572;3,63195777;5,86996174;6,21265030;7,24056339;6,99004030;6,95054197;7,74824953;5,33111954;6,01035309;3,99579453;6,06548357;6,40279102;5,43476057;2,52904248;2,52367234;0,78901154;2,41374183;4,18263817;0,36133915;3,00501299;1,21892798;1,98631108;2,57006812;1,43065286;2,68456602;4,89267445;6,54811430;7,03499365;5,60623026;3,77520180;7,30562496;7,74958134;7,49268913;6,95580292;6,98281384;7,16113567;5,84765053;2,55919051;3,51696706;1,63242257;2,18184614;2,97346377;2,64499927;2,20704365;,0733660236;2,96423173;0,64502048;5,81140614;4,51055956;5,63521004;5,99757767;5,48211527;4,99353027;2,86352444;1,83200085;1,16951275;2,72945642;2,66622210;1,64248228;0,21237698;1,61432195;0,37053823;-,0672000349;0,63746876;-,0672000349;-,0672000349;-,0672000349;0,40220350;3,90889907;0,67637777;2,11940384;1,55013251;3,22821951;2,14869475;1,59247351;1,82059038;0,49440464;1,51570749;1,21376288;1,05387068;0,97575784;0,35343999;1,59854603;1,69969201;2,24159336;1,40621018;0,41908431;0,79297358;0,65990692;0,94583434;1,47659087;0,87179154;0,79504883;1,44696701;1,24834323;0,80667096;,0747488514;-,0672000349;-,0672000349;-,0672000349;-,0672000349;-,0672000349;-,0672000349;3,02043462;6,25170708;5,69767904;5,27157021;4,77281952;6,42196703;5,01726198;5,50592089;2,86043811;4,61373854;5,39602661;3,66619706;5,06806374;2,52614832;3,68470526;2,05259418;0,35158902;-,0672000349;-,0672000349;-,0672000349;1,34996247;-,0672000349;-,0672000349;1,87546873;2,68058467;1,69106698
1983;1;-,0672000349;2,49841976;4,31869984;0,78689593;0,22237167;0,36035284;-,0672000349;-,0454385169;-,0146443006;-,0103844292;-,0033717051;-,0050452286;0,28380477;1,53241456;5,52073336;3,26525426;6,82731962;5,61764383;3,16531229;2,83030725;1,88676691;1,10376883;2,00917745;0,22351469;-,0672000349;-,0672000349;,0777055174;-,0535342842;1,56951988;1,61257493;2,34409165;0,72152519;2,60011649;2,10917139;,0776721239;0,12124407;1,16861784;2,03601027;2,70013022;2,18874931;3,30258179;3,61807775;2,32126021;3,17642999;1,40177822;4,32890606;5,36762619;6,13192987;6,62815046;6,17889452;6,73183012;6,30292559;1,91180134;4,23658419;-,0672000349;-,0672000349;-,0672000349;-,0672000349;3,85358572;4,44293022;2,29470611;-,0672000349;0,78541732;3,74093652;5,93991947;6,70191193;0,64928573;6,72449350;7,10401535;4,71636295;4,81076193;2,61181307;5,07881546;6,01824427;4,67325878;3,22012591;2,68093348;0,49578601;-,0672000349;0,92438811;0,21698001;3,04675245;1,40103912;1,35999298;2,34445024;1,93637753;1,93638313;2,97828579;3,93134356;4,77913904;3,36375284;1,66498673;4,30892563;5,69278145;3,58608818;0,77616572;1,04446185;1,37284780;1,05733240;1,27059686;1,31462014;1,34182608;2,25722861;2,66238689;2,46059752;2,84842420;5,23291063;4,40239811;4,94416428;5,32997417;3,30250573;0,88466257;6,11125755;2,94518924;1,33842134;2,92798853;1,52883422;1,11230600;2,70449877;2,58323145;2,16439056;3,21667242;1,32856131;3,91386485;-,0672000349;-,0672000349;-,0672000349;-,0672000349;-,0672000349;-,0672000349;1,61131763;0,49639910;0,21485965;1,26627362;3,37883329;2,58077478;3,27544975;1,65282464;0,89123464;0,82010436;1,64458394;1,46597898;0,97151476;0,35162246;1,06164575;0,71543449;1,00691485;0,48146164;0,43144879;0,48007739;0,68846095;0,96771634;1,11382103;0,84330094;0,81408358;0,96704668;0,82347667;0,77811110;-,0672000349;-,0672000349;-,0672000349;-,0672000349;-,0672000349;-,0672000349;-,0672000349;5,15751076;5,53276825;5,74184179;5,79266596;4,82748747;6,44682074;5,21660757;5,89392042;2,79967523;4,90390682;6,03796768;4,65916491;5,19441795;1,92659760;2,25088096;0,92309904;0,63102049;1,64986300;,0733468086;,0738284439;1,83508015;-,0672000349;-,0672000349;1,93396115;2,72700477;0,93532383;3,95139885;4,57007647;4,68183136;2,91724181;4,10062408;2,58231068;4,29891014;2,96111941;1,69120753;0,65878099;0,66731030;0,74914938;0,83081049;0,97900712;1,12807512;2,30144143;3,60897994;3,30931473;4,13310528;5,35504913;5,59226274;3,94371462;3,02509284;2,57391071;2,33098006;1,82137990;1,29596460;0,60913008;1,09621596;1,09211624;0,81761605;2,06065631;2,55814457;1,54629159;1,98308492;2,30368900;0,76997072;0,51139909;0,51976007;1,30703080;0,49506429;-,0672000349;-,0672000349;,0769392997;6,29078579;1,85127437;4,04359770;4,53125000;6,76132154;5,53023624;2,87942910;0,92514813
1984;1;-,0672000349;4,11434317;5,21755266;2,82632208;2,69853401;-,0672000349;0,22345813;-,0672000349;-,0672000349;-,0482191481;-,0128509188;-,0097274827;3,93156624;5,45221376;6,40207863;4,47788715;6,02880621;4,20900965;5,39186478;4,30945396;4,18339014;5,84811687;5,03785801;4,45305109;2,75485754;1,10593545;1,36238801;4,01893950;-,0672000349;2,70869184;2,01484823;-,0672000349;3,61142802;1,37461329;2,04463959;2,53114128;4,04996157;5,40398359;4,75499439;4,24151659;4,71281528;6,79808712;5,92132378;0,77621293;1,32944298;1,19458365;1,34448993;1,34561586;1,64331663;1,40592444;2,69296503;2,27066755;2,95351434;3,42735457;4,99210453;5,51236725;5,50934887;5,48034716;4,39748764;-,0672000349;5,12324047;0,89972609;1,99429154;2,79715896;1,19260848;1,51680458;2,69458723;2,43209529;2,80080557;2,11628151;1,04959679;3,84211278;-,0672000349;0,21246982;-,0672000349;-,0672000349;-,0672000349;-,0672000349;0,91941369;0,96442044;2,06601000;1,54467964;3,83512640;2,09988070;3,25101066;1,37434673;1,14055920;0,49135029;1,22748637;1,54167318;0,90675074;0,21171586;1,05336714;0,40002158;0,35369837;0,61752284;0,42048272;0,49831265;0,78705883;0,82840860;1,24685943;0,80091888;0,90375930;2,48051119;2,53458214;-,0672000349;2,21797442;-,0672000349;-,0672000349;-,0672000349;-,0672000349;-,0672000349;-,0672000349;5,30303669;5,52228117;5,92516136;5,64673471;4,84338951;4,42649412;5,34521723;5,72962284;2,71747255;3,97378206;6,27817678;4,55879259;5,27859688;0,21171470;1,33884656;1,62284482;0,77091599;1,89416361;1,05601847;-,0672000349;1,38052762;-,0672000349;,0753175095;1,85592318;2,77927279;1,07719982;3,25493169;3,86281323;3,50645876;3,08366084;3,02837849;2,65850115;6,41601992;3,40255022;0,78667158;0,66686851;0,70970464;0,49506900;0,83552599;0,78722519;1,42525518;2,87503409;3,81866765;3,78263044;4,25527477;5,73726892;5,50955534;3,61137652;2,05697227;1,97487259;2,29148507;1,40225315;1,10038567;0,64329660;1,11547065;0,99147522;1,12541842;2,40887403;2,18587732;1,61952555;3,02422023;1,83334839;1,38087595;2,44369507;1,68858898;1,15473056;0,91315621;-,0672000349;-,0672000349;5,06539726;6,30252123;1,68135941;3,19478202;4,95139694;4,50080395;3,86953568;2,74965525;0,77940035;0,35683271;3,42340922;3,87082791;3,20233440;1,09221172;1,06059599;4,11986160;3,12461638;3,34029341;2,25970960;2,74575472;1,08189392;1,01223850;1,74962544;2,46637440;1,93425822;2,27754331;2,82575417;,0727495551;-,0672000349;1,38836455;-,0672000349;-,0672000349;5,00169325;6,05400038;5,77634907;4,20150757;3,65859389;2,95098233;2,95952702;-,0672000349;4,51304150;2,20886111;-,0672000349;-,0672000349;5,13335562;4,47432041;4,42801666;-,0672000349;-,0672000349;0,22346543;4,16892242;4,22210503;5,71832752;4,49064827;5,15538502;5,27001429;3,67082977;2,76638079;4,47754812;2,76759219;,0747262239
1985;1;-,0672000349;2,77155423;3,82740402;3,60387945;3,18713260;1,21085703;0,82435530;-,0672000349;0,96040606;0,22216074;-,0672000349;-,0431329459;2,35129571;-,0351782441;-,0281043667;-,0320884958;-,0345035754;-,0264033377;-,0345390588;-,0157033782;-,0195230786;0,28553519;,0;,0;-,0019187740;-,0021875186;4,89467621;3,02610230;6,25048542;6,89663410;4,77896833;6,41394901;3,99928570;5,23778486;3,53417039;5,57760525;3,09514403;3,52858448;5,39288712;2,57135606;4,40219164;4,44270515;5,69179201;0,49504855;0,77621210;0,87164402;0,88358986;1,10533214;1,03348935;0,89514756;1,00433862;2,95891976;2,93342638;3,27525258;3,46476746;-,0672000349;-,0672000349;-,0672000349;-,0672000349;-,0672000349;-,0672000349;-,0672000349;-,0672000349;5,55824327;6,25674677;5,34039164;6,54042864;5,14009714;5,65271139;3,77146482;4,65409946;6,87366581;5,00877523;4,62850666;0,21199927;2,04086399;1,75802982;1,64428020;1,64875197;0,49422601;0,91833419;1,99583066;-,0672000349;0,21744560;1,40636277;1,78605902;1,86342418;2,69588184;3,55345011;3,34396791;2,71467257;3,02581549;2,49483228;5,20070982;4,59901476;0,99583685;0,68544984;0,73622411;0,67908496;0,73601729;1,00919962;1,38270926;3,25403500;5,06531239;4,16597223;4,00300169;5,50858879;5,25534916;2,31172705;2,68950677;2,13640523;2,16655350;1,17278850;1,04850590;1,05756378;1,05753243;1,11303174;1,23833358;2,43500304;2,13327837;1,86115980;2,38814354;1,62811589;1,63111579;2,19251013;1,56153417;1,67399347;1,41357327;-,0672000349;5,02095413;4,77893257;6,45526505;1,63483858;3,92489672;2,30225325;3,21016669;3,34883571;2,54788280;1,37465620;0,49660406;3,33399224;3,45401287;2,34610224;0,91736990;1,62194037;3,26123166;2,15124893;2,17972755;2,70153904;2,62102723;1,64242649;0,95999122;1,84070945;2,02859545;2,08988357;2,07361317;3,54915833;,0727461278;-,0672000349;0,78571129;-,0672000349;0,51109034;6,09494019;6,20566130;5,92384195;4,58019638;3,53377628;-,0672000349;2,89345264;2,70234847;5,62110090;1,32382870;1,32350671;0,62740368;4,12749958;5,01609945;3,91493678;0,74762040;-,0672000349;0,35936981;1,11840034;4,27315044;5,66127825;4,48150682;5,26133251;5,68271828;3,60054255;2,31722927;4,33202887;2,68158340;0,49962345;1,91065431;3,29854131;0,35843182;1,64060271;1,92756760;0,50426739;,0761983395;,0765538737;0,50873041;-,0672000349;-,0672000349;-,0672000349;-,0672000349;0,66040891;-,0672000349;-,0089421226;-,0091801118;,0803842247;-,0672000349;-,0672000349;-,0672000349;-,0324169025;-,0120521644;-,0089569399;-,0049610930;-,0044292989;-,0120357452;-,0062153805;-,0052424134;-,0023022105;-,0077131898;-,0077921874;-,0229164977;-,0211431626;-,0112161310;-,0095904041;0,14904003;-,0195762049;-,0133687183;,0;,0;-,0019169227;-,0021848294;-,0024510676;-,0027166279;,0971254036;2,05778861;2,90450287;1,18253052;4,98189116;1,17379522;3,24699259
1986;1;-,0672000349;2,68229342;2,98906183;0,81341696;1,81239176;-,0672000349;-,0672000349;-,0672000349;-,0339143053;-,0067601311;-,0033733239;-,0028405981;0,29034647;0,41559476;,0846615881;0,16145952;5,68953705;1,32448375;2,65398908;6,07181168;4,83289337;6,66958284;4,80300713;5,73383951;4,40308475;2,20967460;1,44506240;0,51255172;0,65935999;1,74297357;0,51666981;0,22590514;1,89161158;2,05276752;2,91854072;3,62788224;3,76564145;4,06362200;4,82457161;4,76418877;2,72565222;7,75083017;6,66584730;6,22444153;6,79942751;5,83563423;3,84245586;0,93856710;1,19414544;1,83414233;3,58135509;5,69271183;3,22624826;4,83368063;5,39920902;-,0672000349;3,96581554;4,01010036;4,58111286;2,00662136;1,16941035;0,67785960;0,95689464;0,77625751;0,99532729;1,74833655;2,41070867;2,20373368;2,42076349;2,12559700;1,84925771;1,60656512;2,21055126;1,70102406;2,28277588;1,33454525;0,64049590;4,11266422;2,62339306;4,91903639;1,96339595;4,30128288;3,16752315;3,90274239;3,65894508;3,93623137;2,50402021;2,22117925;1,62015355;2,28602362;2,30370784;0,77652419;0,63685918;1,62607443;1,80534220;1,74692678;3,22787499;2,80104256;3,83981109;1,19676626;1,94151175;1,85070801;2,35745215;1,88991833;4,49784994;,0727501661;-,0672000349;0,21723309;-,0672000349;-,0671999380;5,91785240;5,65859890;6,12584543;3,75226617;4,62067032;-,0672000349;2,90925002;3,77489138;6,35781765;2,88455486;4,07857132;1,04189754;2,71209168;5,14049864;3,52150202;0,65104240;-,0672000349;-,0672000349;,0776475295;4,40171337;5,41153336;4,23760366;5,02898836;3,18840623;3,81671453;2,41234469;2,97156119;2,66377831;,0747554153;0,64351672;2,57406855;0,36019066;0,35814801;0,50608522;1,04477525;,0770654082;-,0672000349;,0776247308;-,0672000349;-,0672000349;-,0672000349;-,0672000349;0,66875577;-,0672000349;-,0089439014;-,0091858599;-,0672000349;-,0672000349;-,0672000349;0,12293588;-,0308181494;-,0124241570;-,0083689084;-,0049580885;-,0069429260;-,0098890169;-,0058970535;-,0049751941;-,0023008159;-,0080090398;-,0094217416;-,0242371503;-,0195463933;-,0672000349;-,0672000349;-,0188949890;-,0047835940;-,0027098211;,0;,0;-,0019228292;-,0021915934;-,0024584853;-,0027247886;0,28898120;1,31318188;2,21585822;1,17426407;4,51619911;0,87896991;1,61446762;2,61344314;5,26314497;1,46560180;2,99165225;3,63475657;1,84018028;4,22311592;2,96683168;1,70338273;0,36454910;0,66920280;-,0320823416;2,05734110;5,74492025;4,76840258;4,03477669;7,58232594;5,75656843;2,22584271;-,0672000349;-,0186807606;0,41066682;1,06716645;1,04753220;0,89389390;2,47383642;3,83945823;5,79014587;1,22840381;0,64466125;0,45366704;0,37999642;0,55379117;2,83039379;1,35506022;3,18562555;2,54020214;1,51797247;3,55983520;2,10313058;3,92143321;2,11972761;2,23017573;8,22731876;7,95807743;3,96727514;2,74309397;2,19368505;0,57476538;2,73857188;4,11227608;0,67379999
1987;1;-,0672000349;3,48811388;5,01074553;5,07931423;5,96311951;1,78008127;4,69148684;5,05695486;3,34434652;-,0672000349;3,36138821;0,68922436;1,70751512;1,61135209;3,64694428;2,89784122;5,27485228;3,23973513;1,84936345;-,0672000349;-,0672000349;-,0672000349;1,28400898;-,0672000349;-,0672000349;0,95337826;0,78770632;2,70731926;2,96064472;6,02486372;3,73093772;3,89296794;6,75942755;5,96450186;4,71877766;3,84737968;1,13697839;3,57243109;4,45333910;4,57638359;0,50289017;1,64429545;1,13139355;1,35917008;1,98810577;2,66343975;4,04998684;4,92750359;5,94813395;4,49854803;4,44190359;4,47684669;4,90389633;0,35262361;,0738517046;1,67434907;-,0672000349;0,68704140;6,79056263;5,95302391;6,40971756;4,30226755;-,0672000349;-,0672000349;4,27153349;4,69352627;5,56465769;2,26339865;2,55471492;3,63254213;0,85934466;4,38837433;2,60177422;0,35869470;-,0672000349;1,68818760;-,0672000349;4,45012712;6,00190449;4,84163904;3,75620151;3,47158647;4,59395838;5,61452150;3,71354055;1,70446408;-,0672000349;0,35747904;1,09961176;-,0672000349;-,0672000349;,0759646073;0,35864797;0,22126915;-,0672000349;-,0672000349;-,0672000349;-,0672000349;-,0672000349;-,0672000349;,0776406527;-,0663140491;-,0089655947;-,0092114974;-,0672000349;-,0600376762;-,0298616514;-,0107811317;-,0065537337;-,0095297983;-,0054900069;-,0049579744;-,0097203646;-,0088621248;-,0057877013;-,0047548334;-,0023008895;-,0082845492;-,0108078336;-,0252242163;-,0183042940;-,0672000349;-,0672000349;-,0203682091;-,0049968031;-,0027114910;,0;0,44712010;-,0019228947;-,0021915843;-,0024585475;-,0027242713;-,0029809135;1,60501766;2,66103125;1,45168102;4,39913559;1,16817367;2,72426629;3,40086389;4,99095440;1,17113090;1,51697683;3,28565001;2,00947285;5,28680134;3,54946351;2,88252687;1,69878936;0,52396744;0,25153100;2,00037384;3,36107850;2,50956154;5,14213276;5,77255297;3,88096976;1,36166251;0,89753532;1,30191493;,0219473429;1,56271303;0,96248531;1,15181863;2,58379197;5,35977983;4,03026867;1,14707315;0,57766855;0,44501761;0,37345299;0,82916486;2,75973105;1,28671587;3,62107325;2,10429215;1,81655419;3,36918974;2,21256948;3,99949193;1,87458301;2,63818240;8,18598938;5,75791645;3,09095478;2,91143632;1,45818937;0,56882596;2,58506632;3,67101932;-,0672000349;0,70126688;1,91018128;2,33642459;4,26375914;4,13655186;6,80954218;5,01417685;5,88371658;6,87722969;7,43971729;5,22127342;4,86694860;5,65270233;2,36346698;1,76550138;1,60403180;2,31793618;0,22390053;6,41586637;5,14926815;4,80916023;6,88251495;6,24160290;3,55939007;6,48255873;5,44022036;5,99211264;3,74637365;1,73285449;6,35116720;6,05622196;4,42257738;5,13663626;5,65709066;7,09421635;6,76857471;4,69445896;3,58757234;,0743060932;,0746867359;-,0672000349;2,47335339;5,98742104;1,18518734;2,27689457;1,64058864;1,11803448;0,36101681;4,91069889;3,61646724;1,10317874;0,64420521
1988;1;-,0672000349;2,05476260;4,48851776;4,09789467;2,80794501;0,94444627;-,0672000349;-,0672000349;2,63116980;-,0672000349;-,0672000349;-,0672000349;-,0672000349;-,0478645600;-,0125964051;-,0274194013;-,0595910773;-,0672000349;0,66463518;4,27287912;2,48429108;0,58611542;4,89823580;1,63503170;4,56313181;4,61659193;5,37049150;5,79510784;5,63923931;4,78777266;6,53828192;6,52718258;6,52770424;5,35514069;1,32192802;3,33627963;1,65799701;,0769865215;,0774744898;-,0672000349;0,36307260;-,0672000349;-,0672000349;-,0672000349;-,0672000349;-,0672000349;-,0672000349;-,0672000349;-,0083932625;-,0086565781;0,25054735;-,0091437073;-,0672000349;-,0672000349;-,0672000349;-,0672000349;-,0672000349;0,72204250;0,23516443;-,0528015494;-,0097699175;-,0039036016;-,0033706555;-,0028379643;-,0023055342;0,14616907;-,0021201624;-,0020269533;-,0019324907;-,0018394212;,0;,0;,0;,0;,0;2,67468810;2,47938228;-,0021788545;-,0024445129;2,35305929;1,44168985;1,59906089;3,07437968;3,75216556;4,43223524;4,40196705;5,43913317;2,94875455;6,45818663;3,80926514;3,63768411;3,05875540;1,70669377;5,06124592;3,16349316;1,23889542;0,52349877;0,52373451;1,12158191;0,96733761;1,45974159;3,53821588;4,59952211;4,97495508;4,43344593;-,0672000349;-,0400886163;1,38426375;-,0173472799;0,87435579;0,75111210;1,97907507;1,98935056;6,94737053;2,35207796;0,93118471;0,52881187;0,42528823;0,35712951;1,42434049;2,46878314;1,17064023;4,14659166;1,56547904;2,77188635;2,63740420;2,67799067;3,62409997;1,63411570;2,48609304;8,18801212;5,12974834;3,10529423;3,09932280;1,45973063;0,57088935;3,37334347;3,99120307;-,0672000349;0,70154566;2,21805811;2,60651922;4,11623287;3,82556701;5,71398497;5,29023933;5,88521814;4,67617559;7,15274906;3,94306445;4,34398317;5,55543375;2,82329321;4,12419415;2,37545180;0,28201404;-,0672000349;2,72512937;5,08768845;3,67067313;4,29817343;6,58841276;3,96731424;6,82612991;5,01764822;3,44221115;0,52090627;3,96521354;4,05048800;6,28888464;5,00807238;4,91970444;5,95971918;7,14559841;6,80100632;5,62409830;4,43891001;0,35837054;-,0672000349;-,0672000349;3,06878591;6,84044552;1,65215504;2,67133808;4,55847406;1,36842823;2,75792503;6,71351480;3,91458583;1,10651684;1,74837887;1,07549655;1,65110052;1,71976447;2,43360424;2,87997127;2,72751689;2,92152953;4,59183931;0,21719390;-,0672000349;-,0672000349;-,0672000349;1,08009195;3,35230064;3,79834175;0,78484106;1,11355793;-,0672000349;-,0672000349;-,0672000349;-,0672000349;-,0672000349;-,0606573150;-,0085725877;-,0049772700;-,0044442331;-,0039111110;-,0033778893;-,0028445474;-,0096026072;-,0145284925;-,0149367712;-,0230879448;-,0260137152;-,0385124385;-,0335849188;-,0281674732;-,0305080619;-,0386535935;,0;,0;0,43039110;1,29470468;3,91471887;3,59105635;4,76352167;3,00064516;2,63523006;3,46261549;2,25379992;5,22185755;1,37029207
1989;1;-,0672000349;3,39833188;4,90539598;1,97148895;5,41661024;2,22424388;0,50763881;-,0672000349;0,10846051;0,13347335;-,0282662287;0,43331367;0,39685017;0,86265337;5,27730656;-,0672000349;-,0181138795;0,57485896;5,46226788;1,70366776;3,47151184;5,61426258;3,34105563;5,02675390;3,52363443;1,12988830;0,93721080;2,14489770;1,11288166;2,64294934;2,41549397;1,81163204;3,11221409;5,01094437;1,09893286;1,64628005;2,08646131;3,36880779;-,0672000349;-,0672000349;-,0672000349;1,19649029;-,0672000349;-,0672000349;-,0672000349;-,0672000349;-,0672000349;-,0672000349;-,0227881689;-,0086240415;-,0088822525;-,0091330586;-,0672000349;-,0672000349;-,0672000349;-,0672000349;-,0672000349;-,0672000349;-,0672000349;-,0487807244;-,0272147451;-,0672000349;-,0672000349;-,0377968177;-,0049629291;-,0022115991;-,0021192268;-,0020269167;-,0019331357;-,0018395261;-,0067713168;-,0031942150;-,0060492912;-,0039951680;,0;,0;-,0019039673;0,87429523;4,95618248;5,16183090;3,06725311;3,21747088;5,30409288;0,56934857;2,90672684;4,25789070;-,0672000349;-,0672000349;2,77716184;2,20296049;1,89706874;3,94152498;6,18634558;4,92080355;4,66781187;4,81077719;5,02348757;3,04687476;4,43280268;5,61216784;3,07799435;2,28114128;2,68492460;2,72403216;-,0672000349;2,82597899;6,16211510;3,71760440;6,78923416;5,78689480;3,85148621;6,94038343;5,52850962;6,61075401;0,96639407;3,97884369;6,93599463;6,63229895;4,82655573;5,30295372;6,13614178;6,71097612;7,37538576;5,31717396;4,45111895;,0745124444;-,0672000349;-,0672000349;,0755156577;5,27068758;1,94332218;2,21474814;4,53725052;1,11929810;0,25099695;5,45928574;3,56853366;0,92842948;0,35992789;1,39456308;0,50530344;1,97920203;2,08447671;2,72220135;1,40764332;3,01017308;4,39514256;0,92926413;,0753622800;0,64691806;-,0672000349;1,08013904;3,40660310;4,12383223;1,45818675;1,13628030;-,0672000349;-,0672000349;-,0672000349;-,0672000349;-,0599239729;-,0105501898;-,0055117742;-,0049787029;-,0044455235;-,0039122468;-,0033788790;-,0028452424;-,0092412299;-,0132983439;-,0155129526;-,0242913496;-,0301391874;-,0385654084;-,0292184819;-,0316365473;-,0254678708;-,0397812240;,0;0,27903375;0,71752572;2,73004007;3,47832584;3,30008841;2,76348305;2,15348458;2,64459658;5,45165157;3,69688869;6,39140558;1,10877132;3,96141815;-,0672000349;0,22597234;,0777265877;1,16932321;1,11918521;1,46279705;1,13646162;1,21583605;0,37441218;2,56417799;-,0672000349;0,36118156;0,36616752;2,33776069;0,22302087;-,0092129679;-,0672000349;-,0672000349;-,0672000349;-,0672000349;-,0672000349;-,0672000349;0,58521056;-,0546653308;-,0079572434;-,0039042565;-,0033714639;-,0028385771;-,0023045200;-,0022103807;-,0021164583;-,0020223469;-,0019292507;-,0018367878;,0;3,76018047;6,30625439;5,43245983;4,51022625;5,70136023;6,42982817;7,91080236;7,78210545;7,59666443;7,14027500;7,74988461;6,56668949;6,58562517;5,91569424;4,97051811;5,42753744
1990;1;-,0672000349;4,29324532;5,63847113;5,08722162;5,12222719;1,14148033;0,81127745;-,0672000349;-,0672000349;-,0672000349;-,0672000349;-,0295771658;-,0075410097;-,0044274456;0,84726334;1,82987952;4,69465780;4,13899899;5,62731266;5,78431940;1,69866967;4,01810932;1,49092293;-,0672000349;-,0672000349;2,84361029;1,11185300;4,07190609;4,79849625;4,30882597;3,32409835;6,30589533;4,84496546;4,48605299;3,12497950;2,61278462;2,59224796;1,48469043;3,93906236;3,13209939;3,22240496;3,72654533;3,71238995;1,73471665;0,90960479;2,02933240;3,08648968;3,30378914;2,16605115;,0729449168;2,63120294;6,72512484;4,94386959;6,15633535;3,80040026;1,20646322;0,70085710;1,05736983;2,15984702;1,88536716;1,93605423;0,87332672;0,88432205;2,01528859;-,0672000349;1,00162804;1,49621880;0,37022901;0,83068228;-,0672000349;1,01705945;0,44261122;1,12496090;2,53207445;2,63926768;0,38742146;2,50462151;0,85551965;1,64285934;2,89497781;3,94417667;1,33285689;0,25317141;2,49033141;3,54016900;2,62761760;-,0672000349;1,05348670;0,35465217;0,35580817;2,18117118;2,83495140;1,25992298;1,67236054;1,75248551;-,0672000349;-,0672000349;-,0672000349;-,0672000349;-,0672000349;2,84293532;2,99084616;1,12653768;1,41192329;-,0672000349;-,0672000349;-,0672000349;-,0250503253;-,0065847179;-,0060511730;1,84685552;-,0068309815;-,0044505498;-,0039166762;-,0033827031;-,0028484201;-,0094388248;-,0126228994;-,0159823913;-,0247426499;-,0327060223;0,13015892;-,0507037155;-,0351380669;-,0201337244;-,0419811755;,0;0,56208128;0,56886888;3,12630701;3,43717670;3,03027797;4,14061022;3,89004159;2,78372765;4,83607292;3,14955997;2,73373222;0,22393373;4,10835361;-,0672000349;0,22393410;2,08159161;0,84313124;1,16019511;1,94414651;1,74342394;2,47056460;0,78698277;1,19527507;-,0672000349;0,51745838;1,94203365;3,22190261;0,36026499;-,0091935042;-,0672000349;-,0672000349;-,0672000349;-,0672000349;-,0672000349;-,0672000349;-,0434807837;-,0096233124;-,0068690088;-,0038954292;0,29320478;-,0224587638;-,0222466197;-,0234464873;-,0229215045;-,0672000349;-,0672000349;-,0229845811;-,0040226439;,0;0,74520022;5,53455639;4,36210775;5,71716738;6,96920156;7,39908504;7,74827814;7,25439930;7,17126751;7,70876837;6,45937204;6,32898617;5,70220661;5,81887960;4,09107256;3,32878494;4,42978334;5,04729366;1,35582614;3,03593826;3,17440152;4,07886028;5,58584976;3,99978495;1,60976481;0,35213909;2,55520988;1,16054857;0,49201092;3,28808045;2,04280877;-,0091767693;,0738726482;-,0672000349;-,0672000349;-,0672000349;0,35985568;-,0672000349;-,0672000349;-,0672000349;-,0672000349;-,0672000349;-,0672000349;1,02600718;-,0672000349;-,0672000349;-,0263004862;0,14398667;0,56840706;-,0672000349;,0947614163;2,89662528;6,05241489;4,42284298;3,46213579;7,62741804;4,34566736;4,56150675;2,14123893;6,95742750;3,27893782;4,33846331;7,71875143;3,56757832;2,92611766;4,63579559;1,12885106
1991;1;-,0672000349;4,29316950;4,43774748;4,37454033;5,81867170;4,74057627;3,27799296;-,0672000349;1,62566984;-,0672000349;-,0672000349;-,0672000349;-,0200350862;-,0078804214;1,10640705;1,32077408;1,59819627;6,11457825;5,43596745;4,45447350;2,65281749;0,16448689;-,0608592071;-,0121468389;0,85136116;4,87408686;1,80209804;2,74499512;3,94309902;1,41468477;0,35975620;3,24298406;2,77626419;3,78290510;-,0672000349;0,93467337;0,21813439;0,66295630;2,47170401;2,67802835;0,83415413;1,53075171;1,89450669;,0754554272;-,0672000349;-,0672000349;-,0672000349;,0796640515;-,0593298413;0,11855073;1,00319648;1,43725657;-,0672000349;0,41890770;-,0476286076;-,0108941868;-,0065731336;-,0060405629;-,0055079884;-,0049752872;0,72498775;-,0051507712;4,67843676;0,98858082;-,0195507854;-,0139733115;-,0167909451;-,0244908258;0,29064381;-,0672000349;-,0300530475;-,0366976000;-,0257413741;0,13985203;,0;,0;0,43470508;2,45385718;3,50518727;5,06573582;5,48832369;5,13664913;3,87558675;5,14012289;2,54167151;4,87705660;4,68450356;4,37134218;,0786162987;0,22356929;1,85890162;1,81206512;1,47686064;2,03956962;1,10253656;2,53337717;,0776033476;1,04589105;-,0672000349;,0777134821;0,22268681;1,75334811;0,52117717;-,0092062047;-,0672000349;-,0672000349;-,0672000349;-,0672000349;-,0672000349;-,0410760455;-,0096732033;-,0049549774;-,0044238530;-,0038923130;-,0115222968;0,37781364;-,0672000349;-,0293172803;-,0067918915;0,43777800;-,0060952390;-,0018421271;0,29808006;3,12971568;6,73939466;5,32819653;4,41055346;5,71606970;6,75499582;7,22223854;7,95687389;7,43186092;6,80081749;7,30346346;6,73339462;5,75659895;5,75113869;4,73707771;4,03063107;2,71186709;5,22327900;5,06120968;1,10471952;3,12713170;5,07837248;3,81628108;5,96377277;3,87446713;1,36236620;0,77026981;2,24059606;1,32727206;0,49121428;2,04956698;2,88428283;-,0091498261;-,0672000349;-,0672000349;-,0672000349;-,0672000349;-,0672000349;-,0672000349;-,0672000349;-,0672000349;-,0672000349;-,0672000349;-,0672000349;-,0672000349;-,0672000349;-,0429548472;-,0103849657;-,0204164088;-,0313446745;-,0672000349;-,0294981301;3,16667795;6,33540487;4,79864407;3,85189342;7,11963606;4,47249746;4,50385761;2,01364303;7,14699364;1,96212602;2,75478911;2,37766886;3,63888669;2,88899374;4,83278608;1,68813825;4,05068111;3,51937652;2,34705281;2,43230653;3,01112175;3,40084600;1,09571707;0,66015214;0,95179516;0,36650857;-,0672000349;-,0672000349;-,0672000349;,0776521340;0,52007729;,0777216554;-,0092331152;-,0352123603;-,0495309383;-,0457565002;0,12426272;-,0672000349;-,0672000349;-,0672000349;-,0672000349;-,0672000349;0,30438039;-,0470250994;-,0058482373;-,0022854747;-,0021931741;-,0021014092;0,46157819;5,66498470;5,13797998;4,90140581;7,98042631;7,01597023;1,23109901;1,02609730;2,64072895;0,56517571;-,0672000349;1,46941805;6,46000385;4,93202162;3,23954082;4,16629219;6,69918823;5,26414490;6,44934988;7,11815929
1992;1;-,0672000349;2,73291564;2,60059142;0,52967060;1,15143144;0,23546048;0,11293837;-,0281323120;2,25397468;4,88754940;4,38623285;3,43935728;3,17377400;2,49959445;2,20585132;0,21511950;,0762325153;-,0672000349;-,0352178998;-,0378288850;-,0340890735;-,0238619763;2,98103809;2,66056323;3,47600627;5,47845030;4,92530155;4,57348013;5,44406700;5,07169390;4,37910604;5,12168264;5,01247883;2,28356457;-,0672000349;0,64323926;3,51113963;,0747702047;0,21725012;0,64509892;0,84311295;1,52586281;0,66135925;1,13568878;0,99230814;0,83060813;-,0672000349;-,0672000349;,0765474364;2,00516343;1,86136639;-,0092203002;-,0672000349;-,0672000349;-,0672000349;-,0672000349;-,0672000349;-,0622275136;0,14144127;-,0097142113;-,0067856289;-,0039032353;1,24470222;-,0304833129;-,0231890604;-,0267303064;-,0188573450;-,0115912938;-,0100122048;-,0071448144;-,0071585560;1,72374380;5,35596085;5,29389524;3,30541086;4,78369713;6,64668560;7,03329420;7,29582071;6,78413868;6,39380407;7,47292376;6,33386707;6,15063095;6,01053524;5,58953094;1,94002485;0,35484537;2,97084737;2,91435742;0,35309798;1,40118134;1,95203269;1,21449316;3,04513788;0,94237900;0,58316678;0,21200289;1,94383490;1,73377645;1,03779554;0,49227855;2,05381942;-,0092281979;-,0672000349;-,0672000349;-,0672000349;-,0672000349;-,0672000349;-,0672000349;-,0672000349;-,0672000349;-,0672000349;-,0672000349;-,0318690315;-,0080108065;0,14486587;-,0097880149;-,0082166586;-,0240359306;0,58932376;3,78054976;6,48909378;3,38511896;5,97864676;4,75183201;4,22100353;7,34684181;4,61617804;3,59623170;1,69844043;6,03379583;2,24523067;2,79040527;1,42438364;1,75250745;2,75007772;4,01697731;1,09876597;2,03644085;2,01904964;2,38603187;2,16388011;2,61858845;2,59163952;1,12952316;0,66017371;0,95175999;-,0672000349;-,0672000349;-,0672000349;-,0672000349;0,51843220;1,60269499;,0776980966;-,0092144962;-,0672000349;-,0672000349;-,0621624179;-,0605573356;-,0672000349;-,0672000349;-,0672000349;0,13952659;-,0672000349;-,0149761830;-,0033434704;-,0028154240;-,0022865110;-,0021943182;-,0021025594;-,0020109492;5,70263338;5,02053404;4,75491381;7,98228025;7,37043619;1,46837318;2,45980382;0,43135738;-,0672000349;-,0672000349;2,05806684;3,09334064;3,62121964;1,18151605;3,97548127;3,04638433;4,83171701;4,53683949;6,33128643;5,28608561;7,82929850;6,43396521;6,73426867;8,15961742;6,54594803;7,07913494;5,86500216;7,79703426;6,87006950;6,18536282;7,32138681;7,35304880;6,98988628;3,99473810;1,54935086;4,69396544;5,48835897;5,02621794;3,39527059;3,49472356;2,37949157;1,50073469;0,92763281;1,05751777;1,17393148;1,10006428;0,96313059;0,52914184;0,82100505;0,47610709;0,89881343;0,93066972;0,49698442;1,67308414;2,92213106;2,36906338;1,01502526;0,93411613;1,74694657;3,03628659;2,72366714;1,69003022;0,21287872;1,65567136;1,66173315;1,09216690;2,53059411;3,24181104;2,72213435;2,83099556;-,0672000349
1993;1;-,0672000349;3,21930933;1,60050941;1,99718428;2,51970673;1,29608226;1,00663924;4,54143858;4,38092232;1,31920218;-,0672000349;-,0672000349;1,12024081;1,97920060;1,50223780;2,17030048;5,20082283;3,47326946;4,72940779;3,55904984;5,06651974;5,26005173;4,77460861;5,18359661;6,29189253;3,41965771;1,64353859;2,12303829;1,71275985;-,0672000349;,0725040734;3,51468492;0,91082573;0,76978165;1,71392262;-,0672000349;1,82672369;0,61548680;-,0672000349;0,76292664;0,90144014;1,32918119;0,44214222;0,48178491;0,89940792;1,19298160;0,94869798;1,48837757;,0724018067;3,95870924;3,79343152;-,0092195040;-,0672000349;-,0672000349;-,0672000349;-,0672000349;0,65948868;-,0672000349;-,0672000349;0,57416427;-,0672000349;-,0672000349;-,0672000349;-,0098510114;-,0045901337;-,0084926868;-,0105897635;2,71678638;7,15578604;3,67094994;6,65443087;3,16900301;6,36394167;3,69708204;3,67371154;6,64928913;4,67194128;3,55404210;2,81201077;6,06669378;3,93499875;4,10374689;1,36654758;2,41036606;2,44535279;3,10486984;0,65099466;1,37072825;0,65207165;1,76656199;0,94074684;2,00726295;0,35886461;0,22130704;,0772600323;0,97645652;-,0672000349;-,0672000349;-,0672000349;-,0672000349;-,0672000349;1,59331262;0,71975356;-,0092415428;-,0449323766;-,0536279865;-,0412667356;-,0672000349;-,0672000349;-,0672000349;-,0672000349;-,0672000349;-,0672000349;-,0672000349;-,0182173122;-,0028253898;0,14359921;-,0022021257;-,0021101024;-,0020181746;5,89347601;4,81429958;5,29342508;7,72401571;7,53188944;1,52720356;1,17568600;4,07556915;-,0672000349;-,0672000349;2,85682130;2,90566397;5,00594521;1,50793743;3,77260637;2,22948790;8,08645439;6,54304981;6,12273455;5,29276705;5,68307257;6,18625069;6,31225967;8,04448605;6,63654709;6,32736778;5,98007298;7,55783939;6,39932156;5,32127333;6,12352848;4,17005634;0,64156175;0,98832297;1,83392465;5,89390850;5,25248766;4,84377432;2,30421448;3,11721134;2,26985550;1,21109641;1,20946455;1,00482023;0,73141420;1,40263581;0,91463190;0,83501422;0,69541949;0,29895258;1,08031392;0,82212079;0,68488997;2,85294151;3,26321936;1,07633162;0,76430714;1,49069309;2,44453740;3,06198025;2,68921041;2,66301680;0,21230502;1,68971026;1,63454247;1,08984828;1,90155923;3,15261865;1,41488063;2,50005412;-,0672000349;1,95403790;2,79096532;0,96340382;0,90099198;0,78642082;-,0672000349;0,96383345;-,0672000349;0,21794157;-,0672000349;1,68165874;2,74456429;-,0672000349;0,27363735;-,0663370565;2,11640739;3,57376575;2,30816245;2,35585880;0,50231284;3,13496351;2,09927130;-,0672000349;-,0672000349;-,0672000349;-,0634879917;0,28353354;-,0447594374;-,0097852303;4,28573370;4,57505751;5,43092680;6,15002537;5,08094931;4,03881216;-,0672000349;-,0672000349;-,0672000349;-,0371493362;,0;-,0020698661;0,14102833;1,56234634;4,79437065;1,85046721;4,40842581;2,58557582;3,91502261;3,10093498;2,81882119;3,73308492;1,31898320
1994;1;-,0672000349;3,12978172;4,57560968;5,87067795;4,86503506;1,46334541;3,57093191;1,71110225;,0757889450;0,53127617;-,0672000349;-,0464735851;-,0068154675;1,22544634;2,25765228;0,94020480;5,32726765;3,27149367;5,16335487;0,79095614;4,83505535;3,62364483;4,43498945;6,62627983;4,96951818;4,97432470;3,20716882;1,65957105;4,75169420;3,03379202;1,09062827;3,86696148;1,05737197;0,77838075;0,31352764;0,92352813;,0744607225;0,64214265;0,50114405;1,39928663;-,0672000349;-,0672000349;-,0672000349;0,85042799;-,0563530773;-,0257132128;-,0240838863;-,0285199005;-,0310221780;0,27941477;1,14501762;0,71310490;-,0672000349;-,0672000349;-,0451658331;0,58075440;-,0672000349;-,0672000349;-,0672000349;-,0672000349;-,0672000349;6,14759970;0,22659487;-,0672000349;-,0411599278;-,0070737023;-,0039992919;-,0020236478;5,92582893;3,26733351;5,00427866;7,39777470;6,79045677;1,23804939;0,73350084;4,72688532;-,0672000349;-,0672000349;2,05129790;3,52779794;4,27236795;1,78188229;4,26998949;6,72936201;5,53916121;4,95246172;5,20065594;4,01416063;4,91166592;5,47578382;5,82582855;7,21811628;5,74972820;4,43969440;4,15798664;6,93437338;4,13017082;3,48382187;4,48919392;0,42921653;0,88533205;1,04356360;2,15391660;5,71293259;5,64073563;4,51981878;2,38923073;3,19209576;2,09976459;1,28856337;1,12667513;0,71376723;0,89974630;1,42657995;1,00027895;0,69757885;0,86680114;0,34265637;1,15140760;0,73746818;1,06967652;3,13536978;2,66011691;1,01910031;0,49511799;2,34540200;2,54029775;2,32494783;2,99955797;2,71528387;0,21229045;1,92331016;2,84897995;2,60850906;1,73856664;2,58905697;0,91093659;2,01300645;-,0672000349;1,75300848;1,26479328;1,11359513;0,86638498;0,57559967;0,21182460;0,89288074;0,41214383;0,21791613;-,0672000349;1,54031837;2,71818018;-,0672000349;0,40990365;-,0672000349;1,66124845;3,22121263;0,98413128;3,35788846;-,0672000349;3,04363275;0,90879291;-,0672000349;-,0672000349;-,0672000349;-,0506398678;-,0336899310;-,0120320981;0,27856702;4,82455111;5,54141665;5,53546143;6,39074516;7,12538719;4,57340193;-,0672000349;-,0672000349;-,0672000349;0,11356769;-,0025252735;0,13516961;0,28340369;1,86243916;4,96566153;1,33233953;2,06579518;2,38581204;3,11048579;3,22678900;3,40718913;5,22897196;0,64268368;0,78522772;3,75858617;1,69566190;2,49742150;3,15610433;3,15408182;3,06537032;-,0672000349;0,35733038;2,80530429;2,31095314;1,63119972;-,0672000349;0,92597878;1,98115742;2,84727430;-,0091622518;-,0672000349;-,0672000349;-,0672000349;5,59602165;1,45408726;4,10400200;4,35802937;2,91461968;2,36094236;0,65397274;2,79137588;3,94378638;-,0672000349;1,41126418;-,0672000349;-,0672000349;-,0672000349;-,0672000349;3,06399012;-,0672000349;7,03111601;5,56441498;3,29973102;2,82413292;2,07371688;,0773444846;3,35916328;4,25490808;7,22894716;5,99290419;5,94771576;6,17139673;4,62472534;3,06287980;0,21601819
1995;1;-,0672000349;3,57753277;5,34765768;5,97595119;5,02992058;1,11070669;,0770531595;-,0672000349;-,0672000349;-,0672000349;-,0124974856;-,0111675402;-,0065740212;1,40264714;5,83526802;3,50781679;5,53613424;4,35227776;3,22627544;6,38187647;5,23970270;2,39960790;2,86981630;3,56884861;1,71907246;-,0672000349;1,07598245;2,38473129;2,46077275;0,78812087;2,61779666;0,21776755;3,27705336;3,48982882;3,38525414;3,97896647;3,68579841;3,78794503;2,18664956;3,26156616;0,64099044;1,04832196;0,79748201;0,72354072;0,61614275;0,54436725;0,36790645;0,47174582;0,38385230;0,79377252;2,79239678;6,26574516;5,62578726;3,27411270;2,28759360;3,18014479;1,54794168;1,41263390;1,11441326;0,79983515;0,69034523;1,23709667;0,69288749;0,43607143;0,43064716;0,56991464;0,94091678;0,67926151;1,56511366;2,68768716;2,64745522;0,98023593;0,49550891;3,16724133;2,21405649;2,02916074;3,34507036;3,03305602;0,35196665;2,09026647;2,39141273;2,80500507;2,23309588;1,85525429;1,37273848;1,13533056;0,21210530;1,11232424;1,68495297;0,71076912;0,65783203;1,02407014;0,67870027;0,96638077;0,21187548;-,0672000349;-,0672000349;-,0547569729;2,00963688;-,0402034856;0,12040778;-,0612489022;0,98572135;2,06526756;-,0656914264;-,0499327332;-,0660983995;0,56117392;-,0579409227;-,0127798971;-,0055118850;-,0211581364;-,0407312885;-,0306714717;0,27940959;-,0141409477;2,75114870;6,04033279;5,91951418;6,78112888;7,38474607;4,70770025;1,95671904;-,0672000349;-,0672000349;0,38288471;-,0358139686;-,0354547314;0,42418435;2,55812693;4,12494659;1,65367985;5,22194481;2,77552080;2,69898653;3,03553128;4,12659645;4,61867094;1,32041788;1,10973704;3,30276108;2,97663808;1,98897243;4,50222206;3,07791758;2,66044807;,0744830146;0,21737300;2,68655443;2,05442929;1,10469961;-,0672000349;1,10845423;3,56876326;2,80940509;-,0091552231;-,0672000349;-,0672000349;-,0672000349;-,0672000349;0,68860418;4,62268639;3,40033507;5,96446323;2,16423607;0,35980669;2,98989868;3,77605295;-,0672000349;-,0672000349;-,0672000349;-,0672000349;-,0672000349;-,0672000349;3,41914010;-,0672000349;6,52671957;6,53165150;3,62211084;3,47815323;2,43384075;0,22418681;3,47665024;4,39019632;7,46515989;6,65570068;7,58229589;6,34957600;4,68740940;3,80260086;0,21744686;1,64209068;4,00368214;2,69329643;2,54822302;3,71758056;5,21730137;3,66527987;3,28608227;1,93200421;0,35315990;0,77413881;2,73717690;2,20796251;1,61237764;-,0672000349;-,0672000349;-,0091629829;0,36027253;2,26230383;3,11879873;-,0672000349;-,0672000349;-,0672000349;-,0672000349;-,0672000349;-,0672000349;-,0672000349;-,0672000349;-,0672000349;-,0672000349;-,0672000349;-,0672000349;0,13158146;0,11807929;-,0434828736;6,26959133;6,07370090;3,62697601;4,59457541;3,37016320;3,49006438;5,05160427;2,91974187;1,44638586;4,85800457;2,55957127;3,16829777;-,0672000349;1,85279989;3,96059132;2,32249856;2,16957712
1996;1;-,0672000349;3,66718531;5,22545147;4,85735941;3,93677115;0,86046517;-,0672000349;,0773611814;-,0672000349;-,0172619428;-,0072477479;-,0028435006;-,0023101163;1,26243234;0,57784659;3,90394139;5,31674814;4,91843700;4,80222654;4,99432516;4,24507761;4,68553114;3,76893258;4,94719028;-,0672000349;2,99555802;,0754818618;0,50530881;0,93625009;0,79246128;4,56472874;1,70288503;2,23723125;3,11729813;1,71759152;4,20275688;3,37411642;5,07823658;4,30028772;3,05297041;2,99603677;1,37821281;2,08623815;0,77047342;-,0672000349;,0732576922;2,02321649;-,0672000349;-,0672000349;-,0672000349;0,13296108;3,96641064;1,97987616;1,07448769;-,0672000349;2,06264353;-,0672000349;-,0672000349;-,0672000349;-,0672000349;-,0631156042;-,0208974332;-,0088191777;-,0064589083;6,10818672;4,16158056;6,00192881;6,57920504;7,30565214;5,03844452;3,37680578;-,0672000349;-,0672000349;-,0672000349;-,0440945886;-,0315090902;0,27790260;-,0350985229;1,07303691;1,22920966;5,47235870;2,24226046;6,26314402;4,39847755;4,76132488;4,77449751;1,35708308;0,50009084;2,70275807;0,64173448;2,12120008;4,20901823;1,87260568;0,77983344;-,0672000349;0,21728784;0,50314766;1,19687450;0,84807742;-,0672000349;0,67709243;2,26881599;3,16345286;-,0092056114;-,0672000349;-,0672000349;-,0672000349;-,0672000349;0,72544688;1,60317075;3,60258460;-,0672000349;-,0672000349;0,87884837;3,62255478;3,81802011;-,0672000349;2,77075791;2,06741738;-,0672000349;-,0672000349;4,66860485;3,88732576;2,58206034;7,32820129;6,32194757;3,38607621;3,41059637;2,31912398;,0785528645;2,08839798;4,47727633;7,36510038;6,04446077;7,44786596;6,96095371;4,78268814;4,19390392;0,36007226;1,39323413;4,04126692;2,63745975;1,89705908;4,35845375;4,65976143;3,87882495;2,31734848;2,26730847;0,35415500;0,77612787;0,91715872;3,00125957;1,97148788;-,0672000349;-,0672000349;-,0091634188;-,0672000349;0,65209925;2,34410572;-,0672000349;-,0672000349;-,0672000349;-,0672000349;-,0672000349;-,0672000349;-,0672000349;-,0672000349;-,0672000349;-,0672000349;-,0631629527;-,0081229974;-,0306934938;0,14467940;-,0329507254;6,71531487;6,23259068;3,69113398;4,74708605;3,55465412;3,40026593;5,10200262;2,92767620;0,78913420;4,84087515;2,29974270;3,00527287;-,0672000349;1,84964454;3,59563613;2,46197748;2,21086407;1,14235044;0,96175176;1,18964934;3,96128392;1,43690372;0,22265218;0,22272375;2,61459064;-,0672000349;-,0672000349;-,0672000349;-,0672000349;-,0672000349;0,56327140;,0809663907;-,0672000349;-,0092389416;-,0672000349;-,0672000349;-,0672000349;-,0649124309;-,0152436933;-,0060207429;0,14292029;-,0049532903;-,0044220397;-,0038886454;-,0033537017;-,0028210003;-,0022901106;-,0021972640;-,0021032577;-,0020107604;-,0019181618;-,0018254265;,0;0,78781921;2,58303452;3,09607506;4,13899279;7,20376062;8,04837513;5,05425501;8,18876171;8,19029331;8,54719353;8,18953991;8,43617439;8,24777889;8,34679890;8,18666935;1,95070958
1997;1;-,0672000349;3,04050636;5,04214382;5,33486080;4,30747652;1,50260949;0,35856441;-,0672000349;0,71526003;-,0672000349;-,0672000349;3,69710469;4,70267105;4,98805809;5,34080553;3,56611729;5,58360767;3,87018490;2,99652982;-,0672000349;,0750275403;-,0672000349;1,57890129;0,50123173;-,0672000349;2,74467325;6,05384827;4,27886724;4,79962730;5,21461010;3,67988372;3,97732353;1,58881474;2,91778040;1,65470099;3,61950183;2,32202768;0,35491824;1,41838253;1,60505939;1,35548270;0,49581301;-,0672000349;-,0672000349;1,13003910;0,50173545;,0751809329;-,0672000349;-,0672000349;-,0672000349;2,57592106;-,0092447195;-,0672000349;-,0672000349;-,0672000349;,0927004293;-,0433058217;4,16487217;5,08006430;5,87424135;2,58257222;1,80070710;3,59728026;3,63115811;0,78688276;1,16336548;-,0672000349;-,0672000349;-,0672000349;-,0559195392;2,84997010;2,85076499;2,59280038;6,18113995;2,71830702;3,10739112;3,91067767;0,36019996;2,97028470;4,91826582;7,59578276;7,59333658;7,46065378;7,60595036;5,79626417;5,13356876;1,64701390;1,06830168;3,57693934;1,69467402;1,44604874;2,44456077;3,82939649;3,51353836;1,05942142;2,08800316;-,0672000349;0,49637932;2,02920294;3,16364574;,0736932531;-,0672000349;-,0672000349;-,0092020100;-,0672000349;-,0672000349;0,78618127;-,0672000349;-,0672000349;-,0672000349;-,0672000349;-,0672000349;-,0672000349;-,0672000349;-,0405979715;-,0143163987;0,43898764;-,0146248229;-,0073394002;0,29128388;4,15309668;7,27741861;7,14810658;6,47748613;4,30319595;4,50919104;3,45136666;2,99303913;5,55555153;3,26748419;1,10302699;-,0672000349;0,95981234;2,97505045;-,0672000349;1,82796431;3,40288901;2,28762484;2,18983650;0,78831762;0,36068857;1,35219514;2,97979021;0,78833246;0,22264411;1,42946696;2,81767607;0,22264902;-,0672000349;-,0672000349;-,0672000349;-,0672000349;0,72257578;0,68584478;-,0204874799;-,0092080068;-,0672000349;-,0672000349;-,0672000349;-,0672000349;-,0672000349;-,0634168312;-,0099525442;-,0049581649;-,0044260635;-,0038920881;-,0033566887;-,0028231866;-,0022921595;-,0021988272;-,0021050419;-,0020125082;-,0019198754;-,0018269694;,0;-,0048415745;2,53368068;2,80336833;4,80405378;7,20282316;6,29759550;5,10212088;8,18969440;8,24366093;8,54806614;8,19023514;8,53074551;8,39619160;8,54846191;7,22287798;1,74525309;1,07589149;1,51253593;4,11241007;2,47107506;3,66443348;3,91577911;2,91177177;3,49032187;5,44527864;4,97591114;4,57442999;5,86716032;4,94208813;4,51885462;4,81799650;5,28369093;2,87710142;5,79188156;1,10717833;3,62707233;2,43266106;4,92432880;6,51719046;6,78408289;6,21914101;5,95594168;6,95667362;4,35923243;5,85487509;7,08415556;6,63065767;5,22114563;4,79044580;7,12874937;5,13143492;5,07256556;4,40370703;5,48687696;5,63050461;0,50811535;1,27120435;3,83380508;-,0672000349;-,0672000349;-,0672000349;0,95165545;2,17040563;1,09655058;3,43020320;4,29801130;5,22498941;1,45670867
1998;1;-,0672000349;2,86110044;4,31880045;5,45117712;4,81321907;1,28785169;-,0672000349;0,49538571;-,0672000349;-,0672000349;-,0672000349;-,0270183850;-,0203167610;-,0184021425;0,14039028;-,0347496085;-,0128054908;0,29146767;2,88212872;-,0672000349;6,77978945;6,27163172;2,44870257;4,90846872;5,44048834;0,36008278;3,39316678;5,87227774;7,16823626;6,38096905;7,12468004;6,94415760;5,36715984;5,55668974;3,91402483;2,54963803;2,53028703;1,94482076;2,55613184;2,20035338;2,78386164;3,91800690;0,49331576;0,35350809;-,0672000349;-,0672000349;-,0672000349;-,0672000349;-,0672000349;-,0672000349;-,0089497603;-,0092096049;0,35897994;0,22260357;1,19996786;-,0672000349;-,0672000349;-,0672000349;-,0672000349;-,0672000349;-,0672000349;-,0672000349;2,47384930;0,69066930;-,0666230395;-,0139392307;0,14446393;-,0418748446;6,22275543;7,02233171;6,83028698;6,60127258;4,51341772;4,97273874;3,44513702;2,20018816;5,21619368;2,84934068;0,95698094;2,31839824;4,62724161;2,76172876;-,0672000349;1,50911367;2,59749675;2,56357002;3,83857274;0,66244477;0,36020312;1,42726576;3,26140547;0,78730786;0,36019355;0,36031947;2,80174446;-,0672000349;-,0672000349;-,0672000349;-,0672000349;-,0672000349;0,26011935;0,57627362;-,0089563876;-,0092097307;-,0672000349;-,0672000349;-,0672000349;-,0665037483;-,0672000349;-,0672000349;-,0434527360;-,0070526837;-,0044346363;-,0038990246;-,0033633076;-,0028285494;-,0022966960;-,0022027527;-,0021091185;-,0020164459;-,0019236510;-,0018727791;-,0049368017;-,0041474509;2,68272090;2,49701142;3,96554637;5,54913044;4,10610771;5,19415665;8,48401070;8,29629993;8,54846191;8,40579128;8,49608898;8,48941612;8,45563793;6,40337038;1,49516892;1,31844747;1,42385054;4,11296511;5,47759914;3,79365587;3,34574628;3,23427868;3,05048299;5,28152943;5,43704462;5,25837135;5,51948929;4,41861248;4,91405916;3,41974902;2,93002820;6,13200283;2,57200122;-,0672000349;4,33754539;-,0672000349;5,16974306;6,23863173;6,85099792;6,27897692;6,37686062;7,19028807;4,23127556;5,60346460;7,32249975;6,60851526;5,46493292;5,02956915;7,35478640;5,36190081;5,31078625;4,22795820;6,08382225;6,40615797;0,94032967;1,41200447;-,0672000349;-,0672000349;-,0672000349;0,22451702;1,60226774;2,37382412;1,13613701;3,08095574;3,88310099;5,02794123;0,65767789;5,60355425;5,83382511;3,94588351;0,93559688;1,07937396;0,50668353;0,95001012;0,50839090;1,12515640;-,0672000349;-,0672000349;-,0672000349;,0901079476;-,0667985156;0,70281732;1,23685968;-,0092288880;-,0672000349;-,0672000349;-,0672000349;-,0672000349;-,0585836135;-,0231307782;-,0173478555;-,0175530091;-,0109823933;-,0193076823;-,0623128004;-,0672000349;-,0672000349;-,0308442023;-,0048523443;-,0020310229;-,0019379017;-,0018449179;2,77999711;6,88207579;6,58965921;7,65225697;6,71082783;3,94277763;7,41547632;1,94975138;6,35903311;7,43495607;7,68220472;7,23635340;6,42216015;7,59414816;6,63629675;7,41401339;5,18260479
1999;1;-,0672000349;4,38270092;5,03010082;3,26391459;4,17487049;0,50906342;,0772807226;-,0672000349;-,0672000349;-,0579777434;-,0099177016;-,0143396445;-,0085722841;-,0051626884;0,41023654;1,46213341;5,50003958;7,11390018;6,46077061;4,77890015;4,49066353;2,43201566;2,91349316;3,31260657;5,12770510;4,21471643;1,11688566;4,21609783;1,14024043;3,27375460;1,08168614;0,94001734;2,12612176;1,69064665;1,43833351;0,50871354;0,35891777;0,65669644;3,24471307;,0769256949;-,0672000349;0,71620029;2,84875894;-,0672000349;-,0672000349;-,0364642441;-,0324481763;-,0379727297;0,12408180;0,71481186;0,13584349;0,86017126;-,0672000349;-,0672000349;-,0672000349;-,0672000349;-,0672000349;-,0272518322;-,0108754272;-,0113585126;-,0256726053;-,0223602224;-,0313822515;-,0171639509;-,0672000349;-,0672000349;-,0286924541;-,0060448623;-,0019365766;-,0042150393;-,0053999517;-,0043984805;-,0068892981;-,0070906333;0,28954089;5,30201960;2,62680221;0,84676260;8,19568253;8,19046783;8,54717445;8,54846191;8,22136021;8,22992039;8,24166489;5,70820332;1,89428914;0,91268027;2,90506196;4,09559870;5,54068279;3,82592607;3,37945604;2,49850512;2,92448997;5,27485180;4,84331656;4,56273556;6,02319908;4,09403658;4,32381105;2,83209205;4,22783375;4,18988323;2,02688074;-,0672000349;5,66932392;6,70918322;4,72693157;6,42728853;6,76797485;6,19523287;6,29492092;6,92684793;4,73236609;5,82440710;7,40438652;6,94224501;4,99371624;5,18420744;7,25377798;5,08526611;4,83145332;3,94364500;5,40580559;5,97468042;0,93722641;1,40776360;0,90990680;-,0672000349;-,0672000349;0,35974550;2,07370520;2,00240564;0,78649557;3,00197840;3,76519942;4,99534512;1,37684822;4,38850403;4,76336575;4,48292398;1,65864515;1,07505667;0,50467110;1,10181963;1,11948860;0,95381153;-,0672000349;,0764652267;-,0672000349;-,0672000349;0,26307613;1,81953633;0,67380321;-,0092258621;-,0672000349;-,0672000349;-,0672000349;,0804403499;-,0672000349;-,0298293103;-,0200531296;-,0168247595;-,0105424216;-,0203198101;-,0672000349;-,0218733866;-,0115798879;-,0068629277;-,0054736491;-,0106227249;-,0104325376;-,0057439809;-,0672000349;6,87947941;6,82067251;7,38561583;6,84638309;3,79011059;7,03931570;1,91286194;6,28072786;7,47041702;7,41436672;7,23724222;7,08474398;7,44255018;7,45307446;7,27190638;1,15163589;5,54844904;4,33908558;1,06577504;1,66316426;1,56671906;2,23571610;3,10064816;1,90240550;1,26051795;0,90868825;0,74380374;1,20372701;2,31933403;2,19094324;2,26265073;2,03880739;3,77130008;2,55967951;5,11172724;4,69788551;4,66071224;2,96701336;-,0672000349;-,0672000349;-,0672000349;-,0672000349;-,0672000349;5,25024271;3,76160955;2,93445516;5,13531208;4,96798658;3,07766843;3,79817986;2,92485046;3,74446416;3,18947983;1,94535446;0,49121463;-,0672000349;1,21467686;4,18169165;3,35313869;1,38536894;0,18802977;0,77251881;1,66355968;0,63476610;3,34373260;2,89380550;1,96330225;0,35490251
2000;1;-,0672000349;3,75629759;2,51888132;3,33679581;2,16261697;0,51292497;-,0672000349;-,0672000349;-,0672000349;-,0302242208;-,0313257091;-,0150976526;-,0269431043;0,58507079;1,46642530;-,0517184883;5,58426332;6,12676859;4,27094936;6,21916294;0,66154462;4,37857008;5,63064384;4,16640520;3,77263308;1,69223177;-,0672000349;0,80029887;3,01834154;4,12611532;4,87424517;2,70467663;0,36348653;3,92897081;4,23964834;0,22414994;6,07430649;5,69134331;6,11717558;7,00653124;5,87238216;6,44133568;4,22128916;7,74794722;5,58308840;5,47658587;6,07122374;5,00900412;4,63088322;6,62134600;7,78212833;6,52289009;6,60775089;4,82437229;4,85268974;7,17894173;4,40875387;5,46224880;6,13397694;5,99009132;6,09429216;5,28848791;2,25117183;1,24745190;1,03112543;1,19520605;1,90257466;1,59343922;2,16845942;2,03908372;1,78178382;2,15638471;3,34908128;1,94589877;1,68996882;2,17355776;3,54628396;1,56006134;0,45061871;0,21431771;0,10657674;1,82972002;2,59801006;2,37086868;2,93202043;2,56526923;0,49350473;1,97016549;2,21052790;2,67463160;0,63023752;0,63096505;0,63228774;-,0672000349;,0732981935;0,13784705;-,0672000349;-,0378338993;-,0079054292;-,0342730321;-,0490920581;0,97922647;2,32534385;-,0092303250;-,0672000349;-,0672000349;-,0672000349;-,0672000349;-,0672000349;-,0497360565;-,0250882171;-,0162116829;-,0105142416;-,0218440685;-,0668010190;-,0218423232;-,0097342478;-,0063793887;-,0079542305;-,0088669034;-,0102925887;2,76993275;6,98779154;6,90753746;6,75897074;7,38305473;6,46697903;3,44430566;6,65004158;2,15681529;5,99044418;5,32643032;6,26089907;6,27510738;5,24304581;5,93753290;2,34452438;2,92936635;-,0672000349;1,98620176;0,77620155;0,76971698;2,08725595;1,42050922;1,22645938;1,73580086;0,70605826;0,84248185;0,78776938;0,76632929;1,19588435;2,61653209;2,22977924;1,87881076;1,82520187;4,32976437;2,46862173;5,32157564;4,66836214;4,47662401;-,0672000349;-,0672000349;-,0672000349;3,28343153;-,0672000349;-,0672000349;4,17146921;4,16533375;4,14670610;6,18491936;6,23221731;3,44272041;4,36873341;1,98754287;1,12974644;2,97057319;1,76131916;0,63098592;3,59348822;1,36272955;2,37985134;1,11059332;1,27260923;2,16667604;1,38263500;1,80847549;1,19235170;3,33291006;1,99723494;2,29563117;0,35363030;1,33775473;1,43434095;2,31867456;2,91268587;1,74304354;0,60976154;1,84771430;1,81100512;1,33913887;1,41333616;0,75771469;1,91205382;1,71969259;2,11498189;2,75111032;1,66710436;1,53643692;1,62954128;-,0672000349;1,44141614;5,13322830;5,96546745;5,86828041;3,01923037;4,84774303;4,04145956;2,74404836;2,80571675;2,77101731;2,97926712;1,62072337;1,23645937;0,77640820;1,25094342;2,07923317;3,23195028;0,21246165;-,0672000349;0,49423119;-,0672000349;1,09504688;-,0672000349;1,37136805;2,07018566;4,63191986;2,49555755;2,72246480;3,74595928;2,90719342;4,22134304;3,07341170;1,66383636
2001;1;-,0672000349;4,02480364;4,42101240;5,80978775;2,86221480;3,82502651;5,20771074;3,46584439;1,66519845;-,0672000349;-,0672000349;-,0672000349;-,0672000349;2,89810419;1,85980582;2,16404700;0,57931906;3,98318005;3,83528924;2,36141491;3,26546979;4,69120789;0,64624006;0,50555766;-,0672000349;,0767998621;-,0672000349;0,42373410;0,24350238;1,63364851;1,58879805;2,02516603;3,38870239;3,14334655;1,69496298;4,47329473;5,93983555;5,15418863;4,59380770;0,64169586;0,64293623;-,0672000349;,0753416047;-,0672000349;-,0459784530;-,0235022120;-,0078912470;-,0438580401;-,0543778539;-,0087070223;0,42479685;-,0092158364;-,0672000349;-,0672000349;-,0672000349;-,0672000349;-,0672000349;-,0415900797;-,0231603943;-,0140510760;-,0131488591;-,0226767268;-,0672000349;-,0184012037;-,0084834266;-,0060937773;-,0088615958;-,0094959568;-,0091111278;-,0051908703;-,0672000349;6,58784437;6,61810303;7,63371420;7,40760851;6,12228060;7,14332438;3,55460215;6,77905512;6,29358101;7,01095152;7,03070021;6,70029259;7,59519815;6,95064545;6,75826550;4,29117727;2,91752911;3,46998882;1,84443140;1,97301173;1,58699405;1,20725691;1,09603667;0,55432534;0,83659434;0,78032053;0,33980286;2,39688659;2,13270140;2,09954119;2,00549793;4,04759455;3,90403938;1,99260902;4,88407803;4,46330404;4,25877619;-,0672000349;-,0672000349;-,0672000349;2,26360297;-,0672000349;-,0672000349;-,0672000349;2,77654624;3,33107591;6,39896488;6,27531195;3,74134731;4,43160534;5,31899357;4,01569700;3,00117111;1,85987735;1,21265316;3,35490727;1,64160907;1,36320114;0,84276849;1,91293657;2,52456832;1,86789167;2,34088731;0,91088915;3,14796782;3,84001350;2,55263567;0,49179068;1,36650348;0,77304775;2,82244039;2,43584704;1,46750677;0,35151637;1,05228341;1,94719481;1,07965565;0,52641338;0,94329017;1,49801850;1,61093593;2,03575301;3,56419539;1,71339774;1,11638403;1,34823132;-,0672000349;-,0672000349;5,39258671;5,88305616;6,30144882;3,34969926;5,20049143;4,83852196;4,24803209;3,23538136;2,42279840;0,12657145;2,59215546;0,87054443;0,89835709;1,09909678;3,40577626;4,48066902;0,49071568;-,0672000349;,0728236809;-,0672000349;1,58077836;4,16370869;1,93560052;0,97283834;5,09905195;1,80333483;1,97641373;2,56253600;1,06353748;4,22407198;2,60504031;1,34324706;0,35659912;0,78356212;2,04776716;1,94046617;2,23343253;3,28874326;3,61095667;2,97461915;3,88504839;4,00256109;3,73692179;2,97491574;1,55554509;1,08155072;1,33154750;0,21338192;2,71940565;1,05480480;2,34726095;3,83092022;0,63094312;,0727300420;0,35357964;0,63538438;0,63708031;-,0672000349;-,0672000349;-,0336976647;-,0151192555;-,0159222689;-,0133841000;-,0130129121;-,0114181945;-,0076049552;-,0122250179;2,02342939;-,0295694787;0,28553370;-,0194347836;,0;0,55042487;3,59236073;2,09079981;-,0672000349;-,0672000349;,0842072368;3,38243985;3,80815077;5,51431179;1,58277166;4,14132118;0,65293628
2002;1;-,0672000349;3,04036236;2,72033811;,0780090988;2,68859196;-,0672000349;0,70638710;-,0672000349;-,0672000349;-,0340772532;-,0626199767;-,0151515910;-,0074305180;-,0058989380;0,14526716;1,07977509;7,26204586;5,60350227;5,11968374;6,21326637;6,09380436;6,38642740;6,13283539;5,68493748;6,44782591;4,04858351;5,70446396;5,33945608;4,50804758;4,21681356;2,20534897;-,0672000349;-,0672000349;-,0672000349;-,0672000349;-,0672000349;5,06522036;2,01550627;1,75948894;1,15240526;-,0672000349;1,97002316;0,59303093;0,62254071;0,82022202;1,10825431;1,39519095;2,23176932;1,94630229;2,21410465;3,83373189;4,60579729;2,94347000;6,12564802;4,78543377;4,61770058;-,0672000349;-,0672000349;-,0672000349;3,03724575;-,0672000349;-,0672000349;-,0672000349;-,0672000349;-,0672000349;3,04104304;7,12429094;3,92613387;4,14930105;6,11130047;5,99720812;1,94349980;4,01773262;0,49189779;0,21297409;1,25849235;4,59984159;2,77910280;1,83213425;2,38167381;1,08152616;2,14642859;1,48997319;3,87231922;4,38066053;2,87238455;0,63065767;1,05101371;1,08414400;2,93156815;1,87292910;0,76939803;0,35142931;0,87801266;1,69866741;0,93975937;0,74518222;0,54430956;2,16683507;2,11166358;1,19068551;3,06955171;2,23005676;2,24338245;,0744438916;-,0672000349;4,75962591;2,87582278;5,80392742;4,64455366;2,94768190;5,37210751;4,61823893;2,09270954;2,96317434;-,0672000349;1,32272351;4,51038790;2,51517653;0,42321846;1,54412270;3,50369120;4,13499212;0,63016570;,0725041404;3,45288420;0,91124701;2,86272526;4,56133652;1,65141010;-,0672000349;1,95275545;2,34280348;1,95235336;2,62686729;0,63800156;5,56030083;2,90365219;0,69141269;0,63688934;0,49844307;1,68128264;1,44627023;1,84160709;1,43303394;1,66204000;1,84597015;4,18176746;4,42386198;3,40615511;2,61302018;1,05329514;1,40662670;1,08995986;,0737707242;1,50769138;,0739589408;3,83299184;4,47565317;,0731927976;-,0672000349;-,0672000349;0,22476432;-,0672000349;-,0216225628;-,0127933761;-,0143561848;0,65176684;-,0256004408;-,0147891846;-,0131909996;-,0109434398;-,0086446935;-,0115229320;1,27134252;0,14081013;0,28712410;3,38735962;-,0166138895;3,11458969;3,67749858;2,53785205;1,14048719;-,0672000349;1,43377459;3,43074274;3,70069885;2,77936363;1,43747580;3,55109215;-,0672000349;3,02297497;2,07222152;3,41683793;3,51273942;4,77460384;4,12641954;4,36282682;5,34445095;5,21083593;3,82082367;3,51743412;0,77281827;0,83290952;1,07339466;1,33151698;1,71382225;3,08830833;2,85062695;-,0672000349;4,22929525;3,58741021;4,76213503;5,77890396;4,85270643;4,11580658;5,86492300;3,43852711;1,31818342;0,55435419;1,07463968;0,90777963;0,94958472;1,43074393;1,77435088;2,86725879;1,68852758;3,23191786;2,23133731;2,42941618;1,88676071;2,44235492;2,50715208;1,32945085;1,36694264;0,63531274;0,21469028;0,64018822;-,0672000349;-,0672000349;-,0672000349;2,58257627;0,78541625
2003;1;-,0672000349;3,57764769;4,74020672;2,82864285;0,65771401;,0779199600;-,0672000349;-,0532736629;0,28031543;0,13343176;-,0298004132;-,0183063857;-,0243100841;-,0116170067;-,0071234633;-,0077863918;-,0084643243;4,96301317;6,25987577;6,14781761;,0783703849;,0786609873;0,30910492;2,68962598;4,49847937;6,01184797;3,77450800;4,79734325;5,21014643;5,91428709;6,77249622;6,68190336;5,70181561;4,33323860;1,11958849;2,19782066;2,88307285;4,42490578;3,50979209;1,99770689;1,62230563;3,90547752;3,30295753;1,72431207;2,64525938;-,0672000349;0,49187115;1,52638435;-,0672000349;1,67717242;0,13224894;0,70207751;-,0672000349;-,0672000349;-,0672000349;3,98062968;6,06651640;6,50626421;3,94925070;5,62692976;3,35612774;0,21666491;3,28640580;,0749016851;6,85865259;5,98622513;4,24392080;4,92553520;1,97025371;4,34174109;3,13253498;0,76963103;0,21218958;-,0672000349;0,81659847;1,91831899;2,29936171;2,13666391;2,02005363;3,94052362;4,17990875;2,01006579;2,89135671;2,64154029;4,61242676;4,14538336;2,17444253;0,35368186;-,0672000349;0,64134204;1,38707972;1,06888509;1,71768272;1,40232670;1,06808043;2,88513660;2,99120593;2,94544482;3,97932100;2,17844224;0,33967662;1,10484898;,0740875527;1,81709492;-,0672000349;1,18340611;4,01708984;-,0672000349;,0743025467;-,0672000349;-,0672000349;-,0538279973;-,0103350617;-,0144795179;-,0115169380;1,47473657;-,0275582019;-,0151076280;-,0132222557;-,0104682641;1,09974790;-,0200757366;3,10791492;0,13522840;-,0377231017;2,43316936;,0;4,08696222;3,61385608;2,64591265;0,38304669;-,0672000349;0,70661539;3,10459638;3,57968831;2,57077312;1,22002506;4,08538675;0,22186795;3,04414463;1,54840529;3,45812249;3,32639623;4,69466782;4,44229364;4,80382633;5,58224535;5,64399815;4,49128389;4,85144997;1,69980276;0,62993944;1,32311344;1,10616004;1,80359972;3,51254654;2,48867488;-,0672000349;4,33181810;2,27940726;4,49384785;6,17119312;5,44397736;4,59387875;5,68564558;3,92933106;0,72164851;0,17032024;-,0672000349;2,49498773;1,03273904;1,47462523;1,91324961;3,56551242;1,97598028;3,63321257;3,14957190;1,21313906;2,10893440;3,27999115;1,55768299;1,92335820;2,33327413;0,91349244;0,52847368;0,63816583;-,0672000349;-,0672000349;-,0672000349;2,55414724;1,08532405;,0769962072;-,0672000349;,0777624547;3,12492204;2,02491665;2,15522790;1,78171003;1,09162104;2,54105830;0,22229978;-,0672000349;-,0672000349;-,0672000349;-,0672000349;-,0672000349;-,0672000349;-,0091890302;-,0672000349;-,0672000349;0,12888981;-,0347304530;0,13999982;-,0328303352;-,0097750789;-,0049617109;-,0167947542;-,0672000349;-,0672000349;-,0672000349;-,0672000349;-,0469460115;-,0075879465;-,0049908389;0,14646021;-,0046062833;-,0019796982;,0;-,0039753662;-,0038478104;,0;,0;-,0019119080;-,0021798229;-,0024478207;0,59085906;5,26105976;5,39511013;4,36589432;0,58765990;3,10238743;3,99617958;3,10431361
2004;1;-,0672000349;3,39838362;3,83277678;3,80537629;4,25664091;1,42752564;0,22045226;-,0672000349;1,00572038;-,0672000349;-,0531739742;-,0229247343;-,0107006589;4,29187870;1,98202944;3,04166436;4,54081821;3,29141760;4,81702518;-,0672000349;-,0672000349;-,0672000349;-,0089094844;1,45364177;2,80100989;1,89391935;1,96504617;6,59830379;3,08945775;2,16261816;3,00178123;6,56492138;5,35794878;4,14100027;3,08790660;1,47940981;,0773830861;0,22307824;1,74601686;0,95004952;1,88258934;1,39128947;0,65891552;3,02161312;2,80132461;2,59390306;1,69773710;0,22159931;-,0672000349;0,10375047;0,28046489;2,16244054;-,0672000349;2,17398882;3,50161600;-,0672000349;-,0672000349;,0785915330;0,72482276;0,22246768;0,87377954;0,87444127;1,16797221;2,79039741;-,0672000349;-,0672000349;-,0255576093;-,0110604679;5,89546776;4,15667295;0,52001697;3,61119938;-,0672000349;0,97535759;,0;3,68430018;4,70342541;2,68884182;1,16226172;-,0672000349;1,50091577;3,15083098;3,72893929;3,57599688;1,49569738;3,48738647;0,22244559;3,04885316;1,71572900;3,03575850;4,40672779;7,18249130;4,44669342;4,63945627;5,68813705;6,73220205;5,00966692;6,91207743;5,48978329;1,33230925;3,91068625;1,61984611;2,14157534;4,75627327;1,65011716;-,0672000349;4,09501839;1,44549334;4,40427446;5,64731550;5,47775126;4,21301842;5,38466311;4,47355843;2,53642821;-,0672000349;-,0672000349;2,51768064;0,90756685;2,01067305;1,77945042;3,66577530;2,27173281;3,78053951;2,41643095;1,67564404;2,54400992;2,64975023;1,61964929;2,20567465;3,44591260;1,33151865;1,08772874;1,65892816;-,0672000349;-,0672000349;-,0672000349;2,70288205;0,78414828;-,0672000349;-,0672000349;0,22199322;2,96171737;1,78354359;2,01793289;1,73366189;0,94432837;2,41783309;0,22165999;-,0672000349;-,0672000349;-,0672000349;-,0672000349;-,0672000349;-,0672000349;-,0091856699;-,0672000349;-,0672000349;-,0490932502;-,0155210393;-,0239299275;-,0148607679;-,0054949266;-,0093851257;-,0186527334;-,0672000349;-,0672000349;-,0672000349;-,0672000349;-,0610355251;-,0095758000;-,0061431993;-,0048262505;-,0018414949;,0;,0;-,0037882396;-,0047449074;,0;,0;-,0019136890;-,0021819300;-,0024501993;-,0027178784;0,73671794;1,17669952;1,46312654;0,58498669;3,38927555;3,84089637;0,12094444;0,58394897;4,45495844;1,90871000;1,98934281;3,21538544;3,75636458;1,21418285;3,96493292;2,48316741;1,41302526;2,03745246;0,67613512;2,24280310;0,13755029;0,13986023;0,72071743;2,33448505;5,69026327;7,00555086;8,22716618;6,39588022;4,73619461;0,25697160;2,49536395;2,30406237;1,74026752;0,11479089;1,10309947;1,01845431;1,29939532;0,61537200;2,04891324;2,33493733;1,33115435;1,28811729;2,59867930;3,30726385;3,84741163;5,76402330;2,96197510;3,61269379;-,0671792552;-,0363878980;0,72607207;3,66458797;2,59347057;3,19818401;2,46203351;2,19380212;2,04924178;1,45379055;1,60168588
2005;1;-,0672000349;4,38262272;4,98615265;4,24850225;3,25606728;0,78528363;1,66554034;,0776554570;-,0672000349;0,22309567;-,0651110709;-,0194328222;-,0129066827;1,92886102;2,27740169;3,82170892;5,74455452;4,94430065;4,48163891;3,61789727;3,20037699;0,73738986;-,0672000349;1,85153103;2,14294219;2,57935905;0,83731532;-,0672000349;1,15581095;3,00803399;3,14550853;1,16003466;0,65704066;2,31391311;-,0672000349;2,87081528;1,55776381;4,82249546;6,04504633;4,97280073;3,79348874;4,04653931;4,97157669;6,74039030;4,98210287;4,93854237;0,76161820;0,83598000;1,32497180;1,39337957;2,14454865;5,63671732;3,70559669;4,24436092;4,38262796;2,54962707;5,42911053;5,95043659;5,29390430;3,19457030;1,09956515;0,49510375;0,99826026;-,0672000349;0,57653451;2,28484249;1,00675380;1,86219203;1,81241417;4,36807966;3,65779710;2,46594763;0,87198323;1,77161658;2,88060117;2,39348197;1,82761741;2,59014034;3,96312594;1,92523980;2,17186403;2,18030477;1,34393191;0,21630280;-,0672000349;1,69278800;0,21890342;-,0672000349;-,0672000349;-,0672000349;2,55971527;1,86969447;2,00730491;0,35897037;0,94286716;0,35907704;-,0672000349;-,0672000349;-,0672000349;-,0672000349;-,0672000349;-,0672000349;-,0089511275;-,0092047807;-,0672000349;0,12816902;-,0361279324;-,0130415903;-,0253948830;-,0130444095;-,0054949778;-,0105594406;-,0201877002;-,0672000349;-,0672000349;-,0672000349;-,0672000349;-,0582305938;-,0092462590;-,0066668340;-,0043221209;-,0018414363;,0;,0;-,0038132735;-,0052442234;,0;,0;-,0019136907;-,0021819640;0,14599045;0,28914785;0,88513732;3,64733434;0,75310361;0,58743775;1,91537523;3,99487138;3,04746580;3,01376557;3,77463531;2,62062263;3,45178199;2,77053452;4,14069796;3,50128770;3,86328173;3,18912649;1,06084502;2,02152538;0,52277046;0,93225181;-,0672000349;0,87904757;-,0088679828;-,0091290157;3,31800961;3,94779682;8,22738361;6,27953529;3,27065921;1,10690808;3,67206025;2,28483963;1,00544083;-,0672000349;0,64568508;1,13232875;1,76368356;0,32889125;1,27909267;2,78172445;1,18385375;1,97555208;2,66992521;3,41379428;1,60964608;5,63427114;3,27226162;4,16123486;0,26959017;0,11527346;1,43430412;2,98588037;2,88522267;2,94779968;2,03925776;2,90318584;2,19647360;0,22506703;2,56611347;3,23561072;2,20444179;2,02324820;4,53033209;4,25061417;4,54850960;5,44812298;6,61576033;5,79361963;5,79923058;4,32169914;5,14971352;6,00895834;5,85466146;3,52136040;0,22375339;-,0671999380;3,57021928;-,0672000349;-,0672000349;0,36416706;3,80596805;0,52365428;5,72509336;5,51051092;5,24452639;6,34624815;5,34870958;4,14100695;4,85116100;-,0672000349;3,17432261;3,84403467;-,0672000349;-,0672000349;,0818400905;0,52896017;5,77294016;5,31412888;3,45027757;6,29770041;4,35114574;5,57480383;4,56080437;7,51254225;3,05014372;0,36203110;1,25502932;1,71452570;7,53904915;7,47172880;4,18857431
2006;1;-,0672000349;2,95069218;4,16558409;2,02532911;2,70889187;0,88741374;-,0672000349;-,0672000349;-,0660333186;-,0101150675;-,0080808355;-,0028422151;-,0051389751;5,37799263;5,04023790;3,89519072;6,16587925;4,56855631;1,23492777;3,23845220;3,75082874;5,46243191;3,92225218;2,35572720;3,20332241;3,81685209;1,64828610;1,93796372;2,29241586;1,66068733;-,0672000349;-,0672000349;-,0672000349;1,44126344;-,0672000349;-,0672000349;-,0672000349;-,0672000349;2,05691433;0,82381678;1,75598788;0,83696717;0,98218721;0,36125350;-,0672000349;-,0672000349;-,0672000349;-,0081137363;-,0083705522;-,0086275814;-,0088777645;-,0091304770;-,0672000349;-,0672000349;-,0672000349;-,0672000349;-,0672000349;-,0513020605;-,0076544699;-,0049608694;0,29237020;-,0145751284;-,0079938639;-,0028130340;-,0022833266;-,0021905175;-,0020984579;-,0065700882;1,85280764;1,19049942;1,83581448;-,0547692329;0,33298802;2,53368020;1,66910219;3,00833654;1,01100516;3,08345222;1,60568380;0,42615291;4,11055565;2,85887265;2,83558130;0,55137676;5,27669954;3,98384476;-,0672000349;0,86262023;1,46708083;1,45006227;2,03130794;4,82975721;2,91973305;5,72386932;3,57987928;2,60766602;0,96267676;2,04929161;0,67315429;4,50939083;0,28853974;0,58005762;0,27245474;3,06258106;7,30595398;7,18974495;7,76217461;5,38280106;2,82620859;0,97857624;2,19860888;2,18439245;1,85771310;-,0630984381;1,09363735;1,65425742;1,90742838;-,0464909859;1,44231582;2,61325145;1,26399589;1,39562953;3,39944983;3,22216105;1,60991049;5,92917824;3,45256495;3,04512095;0,30639014;0,95005566;0,95093697;3,38423514;2,88821983;2,56667495;2,83407474;1,73769760;2,18985629;1,44957483;1,61034369;3,39679956;0,66959929;2,20452619;4,86179447;4,25108862;4,55338955;5,29365396;4,25093603;4,39944887;5,74074268;5,07941389;4,85229111;5,30246115;5,15405893;4,95729780;2,26052117;1,25164294;3,59446979;1,40336776;-,0672000349;,0786908492;2,49903083;0,94606012;1,17604327;2,96266627;5,10451221;6,85235596;6,04274654;3,92210102;1,04110301;-,0672000349;5,51436377;4,17441130;-,0672000349;-,0672000349;-,0672000349;-,0672000349;5,50787592;0,45056099;2,77852869;6,30523157;4,60019875;5,28154039;4,28808594;7,06667948;3,73583055;0,66730291;1,55130708;0,22440320;8,01099300;6,97342539;5,96863794;8,04212093;7,50117731;7,92723465;7,53379869;8,09703255;7,78091145;8,03162766;7,47754097;7,10838985;7,79468346;5,98533630;5,57005692;4,14123583;4,17828035;5,44960499;4,05036211;3,01575184;5,85427046;4,25831938;4,13884354;3,77613664;1,96086586;1,05817556;1,06807661;1,16318226;0,66789842;0,53521317;1,05300617;1,86430490;1,51003766;1,00320423;1,90585232;2,67724442;2,18312263;2,37237096;2,97486496;1,12684286;1,40120029;2,53859019;0,35280573;3,81147647;3,47922158;2,22529840;1,37489951;1,87330234;1,62249589;2,36315489;1,96358621;2,63393402;2,15705323;3,28034639;-,0672000349
2007;1;-,0672000349;3,04076743;4,38467121;4,90723228;3,32989383;0,51047605;-,0672000349;-,0672000349;-,0672000349;-,0672000349;-,0672000349;-,0501338840;-,0171076916;-,0107239755;-,0099789454;-,0422289968;-,0164343808;0,72416258;-,0138688469;-,0102729416;-,0138570359;-,0293622110;3,66376448;6,04675388;5,45765638;6,49013233;3,90448332;4,06309891;5,22528172;5,38718510;5,18753338;4,31701612;3,81570530;3,54513288;1,43103600;4,74516582;0,78363341;0,35841194;1,23109877;-,0672000349;-,0672000349;1,50331569;0,35898325;-,0672000349;-,0672000349;-,0672000349;0,71908337;-,0672000349;-,0514831580;0,42558673;1,73074269;0,28057319;-,0672000349;-,0672000349;-,0672000349;-,0672000349;-,0672000349;-,0672000349;-,0672000349;-,0672000349;-,0530299842;-,0109145083;-,0033569357;-,0028250387;-,0022936459;-,0022011620;-,0021088552;0,14395057;-,0019224494;3,94437432;1,34580719;5,24297905;5,49071789;4,63895273;3,02669048;3,87093449;2,81738853;-,0672000349;2,03443480;4,17356634;2,68307209;0,85599387;5,41223145;6,18101835;5,51169062;5,70858431;7,01440287;5,44382238;5,27225828;5,51598883;5,48738003;5,21346617;6,02456331;7,72381401;5,60745955;5,32553005;5,44798136;5,41206121;4,51241159;5,63154840;4,26782799;0,93886679;0,35916486;-,0671999380;-,0671999380;0,22259574;,0777529925;-,0672000349;0,78937769;0,52292269;-,0672000349;-,0672000349;3,00373936;6,03411293;6,08053970;4,98554087;5,66139793;-,0672000349;6,70917034;3,46084452;-,0672000349;-,0672000349;-,0672000349;-,0672000349;5,82885695;1,19096863;3,28289819;5,44518185;4,41195965;5,41501331;3,88861227;6,68258619;3,85353303;0,66099787;1,10448885;2,48504877;4,24804926;6,78029156;3,02130651;7,78855085;6,47711945;6,26295042;6,04316092;5,70612621;6,26001358;6,58509541;4,34424782;1,94202161;0,63024640;0,62190831;0,79917872;1,46820903;2,04060793;3,01313376;4,06991529;3,14318681;5,91055012;3,90592146;5,07854986;2,58564949;1,81125593;0,67765486;1,14644074;1,07371557;0,49508506;0,86233664;1,00534296;1,99739063;1,31547296;1,20308876;2,08256221;2,92299771;3,26526952;2,70786786;1,52155387;1,95878351;1,69331455;2,41311407;0,49261799;4,96526051;4,14055300;3,27382803;2,17258167;2,96410728;1,60957205;0,49193102;1,05153108;2,27900028;0,77027053;1,62596905;-,0671999380;0,49098909;0,21202147;1,26832402;0,79313689;0,83100998;0,19194883;,0724324435;1,66842949;0,69040686;0,55053878;0,78177243;0,41483521;1,20655775;1,18625283;,0727613643;-,0672000349;-,0092582684;,0751284882;-,0659966022;0,27050364;-,0300577655;0,13341667;-,0407689624;-,0270040240;0,13086407;-,0373616442;-,0476048365;-,0514476746;-,0637892336;-,0672000349;-,0492793359;0,14050826;-,0449949093;6,15111732;4,77694988;-,0672000349;-,0672000349;,0810608491;-,0672000349;,0;,0;-,0019132782;-,0021811929;-,0024488405;-,0027141487;6,51833773;5,33021975;-,0672000349;0,73203486;1,02548099;2,86768746;,0783319622
2008;1;-,0672000349;3,75635600;5,88866186;4,34661341;2,81541538;0,84272528;0,35864738;-,0672000349;1,43126702;-,0661813840;-,0211451706;-,0196145196;-,0080482056;3,75509667;2,44398665;2,55886698;5,22658396;3,21721816;2,51018739;3,45589280;6,16611290;5,07817984;3,92747831;4,09141493;3,46103120;0,92298973;2,32976079;3,67124391;1,63190353;0,35835546;0,78490913;2,50483704;2,04737091;1,69630349;,0746232122;2,78947806;3,10505915;3,42867517;3,90846968;2,44605112;3,07887006;3,81641459;3,56781077;1,05764449;1,55580449;1,41728520;1,54050505;1,54186547;2,78147340;1,94923890;0,91728795;0,27410790;-,0672000349;3,59488320;3,97611094;5,12390518;-,0672000349;,0750914589;4,74656057;5,19165611;4,69219351;-,0672000349;2,24684167;3,99828029;4,92940521;2,71502709;3,81871510;3,19559932;-,0672000349;-,0672000349;-,0672000349;-,0672000349;0,62643921;-,0672000349;0,62967014;,0750024319;3,94204044;4,58701181;3,67556524;6,48438311;3,67037416;0,50247282;2,74226236;3,63204145;3,05638814;3,36405778;1,07407522;4,91886377;4,20626783;3,59614182;4,82189512;3,03160143;3,09673357;2,33366323;0,68890589;0,65387434;0,67919117;0,63501966;0,83630884;1,50674987;1,96357429;3,57191157;3,82845068;4,15302658;5,37043858;3,52779770;5,03954220;1,86482286;1,55317032;0,93605328;1,24986768;0,56253582;1,11212325;0,39591220;1,15315342;2,13000107;1,00003803;1,74770164;1,84553456;3,68754554;3,50091052;2,04320645;1,33833563;2,13267159;1,52257431;2,73455477;0,49381009;5,32462168;4,61355162;3,74366093;1,92722750;3,73762465;1,64686847;,0722949579;0,49126613;1,45172632;0,90957499;1,24520373;-,0672000349;0,35148019;0,84536988;0,76045233;0,88571292;0,61644042;0,35574400;0,24356706;1,48498118;0,49409693;0,40953368;0,48635343;0,69452095;1,11953342;2,08355951;0,35269061;-,0672000349;-,0092343520;0,21715076;-,0672000349;-,0654187128;-,0272534415;-,0327030197;-,0218007043;-,0201097000;-,0359954126;-,0225375090;-,0489557721;-,0428539701;-,0672000349;2,18521190;-,0672000349;-,0672000349;-,0324549526;6,14042759;4,44316435;2,25060773;-,0672000349;-,0672000349;0,22932014;,0;,0;0,29385376;-,0413779877;-,0268063769;-,0217160117;2,80909562;2,19765449;-,0672000349;0,56862497;0,87712806;2,36061668;-,0672000349;0,22891653;2,17082953;3,53865027;3,00406432;5,82987165;5,07870293;4,06033611;2,84972835;1,15843964;2,15312743;-,0672000349;-,0672000349;0,36275750;0,36750379;-,0672000349;-,0088966182;1,38178372;-,0672000349;0,21891543;-,0672000349;-,0618949346;0,13952032;1,16200125;0,56892532;4,49904728;1,41362226;-,0672000349;-,0145088965;-,0028075881;-,0022794059;-,0021874658;0,67043030;4,08320332;4,43589878;1,57735741;2,45589805;2,02566409;-,0672000349;3,42602253;0,27854016;-,0665008277;2,47123742;5,67473650;3,79780054;5,42741537;5,37883043;0,52349311;3,61316037;4,69627237;3,52835608;4,42604303;2,73641515
2009;1;-,0672000349;3,30908775;3,74050355;3,44816136;1,29759014;0,65711266;0,35950473;-,0672000349;0,28606361;0,27034611;0,25882691;-,0672000349;-,0573533960;-,0520203896;-,0156206740;-,0185871515;0,28370228;-,0501031540;-,0201581679;1,98942971;2,56124830;1,90354979;2,87357140;3,86917448;4,68672514;6,58738756;5,31597567;7,04541826;4,92774439;0,66742325;4,87664032;6,04306412;6,52617598;3,51379037;6,68414068;7,14358521;5,82071590;6,41832209;5,62294245;5,97109985;6,26603031;6,51336241;4,92792559;0,72318363;0,62028974;0,66617960;1,06951535;1,61930621;2,33342409;3,55746484;3,64707899;4,75713110;5,30460119;3,36945105;5,00539303;2,30920720;1,35465503;0,56337643;1,33879709;0,84920025;0,49507201;0,77626401;1,32947767;1,98751223;1,01122785;1,90508842;2,13631845;3,74142623;3,31913066;1,55622089;1,46196544;2,03991032;2,00667810;2,22030020;1,13355291;5,21932507;5,28727865;4,56884193;1,64253056;2,28321910;1,50844753;0,76942307;0,63024378;1,46405160;0,53729481;0,72097713;-,0672000349;0,35147795;0,51888800;0,95204711;0,80349457;1,01091421;,0722735822;0,27257171;1,58345139;0,48437452;0,44342813;0,25485450;0,95164442;1,19160354;2,21812654;,0728568509;-,0089665931;-,0092134122;-,0672000349;-,0672000349;-,0672000349;-,0672000349;-,0446004160;-,0261619464;-,0217532478;-,0323818587;-,0254138652;-,0497386530;-,0369152799;-,0672000349;0,24452482;-,0672000349;-,0266859848;2,05718565;6,55879021;4,85536671;3,64861131;-,0672000349;-,0672000349;-,0672000349;-,0370203443;,0;-,0219832473;-,0200061556;-,0235663373;-,0193022154;5,01839304;2,20485139;-,0672000349;0,56241220;0,87680298;1,47970402;-,0672000349;-,0672000349;1,88935566;3,13769627;2,88084865;4,10148096;4,00821066;4,10955954;3,49560380;0,22345375;1,75859547;-,0672000349;-,0672000349;0,22386914;0,36315086;0,48481205;-,0088974526;0,76793450;-,0672000349;1,16941619;0,36447015;-,0672000349;-,0438245870;1,16207266;0,98114651;3,30535746;1,30543196;-,0648617595;-,0100741154;-,0028055070;-,0022781144;-,0021862737;1,59505463;4,56350803;2,31052613;-,0672000349;1,11579108;3,38299656;,0903261006;2,36797333;1,14579642;2,68397522;2,93781304;6,13080549;3,49769092;4,03075457;3,32053614;3,87434840;2,30969024;4,54258490;3,82752037;3,94424486;1,29448521;1,16220975;4,49160433;6,04126644;5,70620251;3,76227570;6,49913359;7,65913057;8,13868809;7,50629520;5,51076460;6,01761866;5,09956217;7,31061697;7,19411039;5,65425587;3,92544460;4,72665930;5,01066875;-,0672000349;-,0672000349;-,0672000349;-,0672000349;-,0672000349;-,0672000349;-,0672000349;0,96045977;0,79326802;3,81493115;6,29072762;6,35603523;3,31318140;6,25301075;4,32698631;6,49689007;4,49383688;6,44018507;5,61878967;4,80513096;5,56720829;4,16319084;5,60820627;4,52804279;0,35933676;2,14181852;4,49942827;3,31054115;2,29566932;2,91550207;4,63560629;4,30909109;2,29998946;0,49018160
2010;1;-,0672000349;4,56188726;4,16895342;4,61813784;4,20319796;1,43402481;-,0672000349;-,0672000349;3,22563529;-,0672000349;-,0553195924;-,0225094575;-,0130104562;5,21263123;5,67901468;3,30855322;2,79465795;3,55320430;3,82618427;2,10253191;1,08192635;4,45913935;0,65221357;4,18884993;3,84762740;3,06565332;1,37111998;3,15656114;5,07918358;2,89707041;1,74002624;3,52416563;4,56562281;3,20764422;3,23615384;3,58202386;2,46484613;4,81000471;-,0672000349;1,80751443;0,89661574;0,85296911;0,80669773;0,76068419;0,67497104;0,56713235;0,88574481;1,10020077;3,31289744;-,0672000349;-,0089410376;-,0091859680;,0748499557;-,0672000349;-,0672000349;0,84439898;-,0672000349;-,0672000349;,0765679330;-,0562387258;-,0293660779;-,0553527735;-,0300951060;-,0672000349;-,0672000349;-,0495585278;-,0226619150;-,0263449755;6,48216486;3,97843528;1,92069674;-,0672000349;-,0672000349;-,0672000349;,0;,0;-,0019096850;-,0358496383;-,0229243524;0,58464217;5,75100803;2,95683241;-,0672000349;0,87705368;0,56931317;2,04676843;,0783528090;-,0672000349;1,91469312;3,05808353;3,09482074;3,67948914;4,89956713;3,57469773;2,86909533;1,52702463;2,16988468;-,0672000349;-,0672000349;1,46953416;,0811384246;0,57929128;0,13679953;1,32357395;-,0672000349;0,22459385;-,0672000349;-,0672000349;,0788141713;-,0523407608;1,86015260;4,26283169;1,61524200;-,0672000349;-,0235789232;1,43116927;-,0162493773;-,0040592779;1,61905146;4,46465969;1,53047168;0,57577449;1,38027978;3,66669130;,0818400607;3,72599983;1,31748223;1,76726580;3,42037392;2,30802107;3,63844061;5,47175169;4,49678183;1,94202781;2,46954107;4,69428396;3,80774355;4,25349236;1,75168037;1,97425783;6,47411537;5,40888166;5,54830122;4,95200968;6,78688812;7,62230873;7,54383421;7,77640915;5,76257324;5,14037132;5,38243961;7,44701147;7,53811693;6,20158339;3,51858711;4,35227776;5,14326286;1,66517878;-,0672000349;-,0672000349;-,0672000349;-,0672000349;0,22322957;-,0672000349;0,52142411;-,0672000349;2,05087423;4,08687115;6,67248917;4,97071505;6,54945040;4,65232706;6,37053585;4,62993336;2,58341002;5,95902729;5,69857979;6,06134558;4,46031618;5,72789288;4,98480940;0,50923514;1,41230893;0,91307223;,0778125003;5,08926249;2,02655363;4,01202965;4,37171841;2,27640367;0,35890022;-,0672000349;3,07025456;0,79233903;2,00159526;1,73919177;0,78642130;1,09565198;1,17968607;0,78694689;,0787341520;0,22245704;-,0672000349;-,0672000349;-,0672000349;-,0672000349;-,0672000349;-,0091881910;-,0672000349;-,0672000349;-,0672000349;-,0672000349;3,66684294;-,0672000349;-,0672000349;-,0498700812;-,0072922851;-,0038632576;-,0033357905;-,0028060332;-,0022787207;-,0021870940;4,41242695;3,50603080;4,04554224;6,85505152;6,36425924;7,05799866;5,74536943;6,08286095;3,80383253;4,41572380;2,96415114;-,0672000349;-,0672000349;1,26155102;1,70646799;6,39012718;3,42955112;2,76706505;0,22744806;1,30260682;2,35299206
2011;1;-,0672000349;2,32396388;2,51330853;0,84669793;,0783980563;-,0672000349;-,0672000349;-,0672000349;-,0507686473;-,0603418872;-,0344841965;-,0672000349;-,0672000349;-,0409492254;-,0212327838;-,0263974741;-,0672000349;-,0672000349;-,0637018532;-,0268886760;,0;0,59616005;,0;,0;-,0019073267;-,0021743334;-,0024395452;2,05987620;5,68194723;5,66126633;-,0672000349;0,14479768;0,12496614;1,46846855;0,24935079;-,0672000349;1,75334597;2,79329300;2,76974010;3,51620483;3,32576704;2,91226912;3,93460655;3,90060878;3,14715695;2,06364822;0,52967536;0,52358687;0,86519939;4,88054323;1,89610791;5,74514294;4,28296041;4,00142336;4,37192726;1,25426066;1,89224923;2,34528852;3,08617401;3,64818454;1,84551334;-,0672000349;-,0672000349;-,0497174896;-,0045472495;-,0021877582;0,60501540;6,06146717;5,72015524;0,80261248;1,85361493;3,05602717;0,23087996;3,12984037;-,0672000349;2,73676682;1,64450717;3,31148887;2,89742851;4,18802404;3,93758297;3,06497669;2,32141113;4,54795504;3,36637902;5,01538563;2,75538802;1,81293201;4,65105820;4,96542883;5,50573254;4,99274921;6,64945459;7,48101377;7,55389977;6,35247135;4,50420666;5,01109123;4,79894066;7,37934446;7,28113747;5,49388647;3,78579569;4,41746378;4,84804964;0,35970595;-,0672000349;-,0672000349;-,0672000349;2,00300121;-,0672000349;4,17121315;1,39970040;0,52181017;4,49960518;6,74765396;7,16849661;5,52903795;6,15197802;4,74244452;6,37491226;4,85557461;6,91254425;6,10151529;5,51015759;5,86791086;4,12236452;5,75979996;4,20757914;0,64729351;-,0672000349;0,93890429;,0768211260;2,87629557;2,13713551;1,98457456;2,36682820;2,57824945;,0766790286;-,0672000349;1,09297025;0,65914232;1,12949479;1,89465761;0,65962088;0,78676832;1,44932342;0,66156250;,0775927156;-,0672000349;-,0672000349;-,0672000349;1,11636126;-,0672000349;-,0089075500;-,0091589307;-,0672000349;,0784958974;0,22449869;-,0672000349;-,0672000349;-,0672000349;-,0560609847;-,0080581615;-,0043860618;-,0038593714;-,0033321483;-,0028031156;-,0022763903;0,49638948;4,77589512;3,59775472;6,28057384;4,08571053;7,08693933;7,18473482;6,21489906;6,05091858;4,73115826;3,56093121;0,23589098;-,0672000349;0,65176105;1,85083437;4,16986322;6,11286306;3,25803947;2,61558127;,0789647028;1,00412476;2,20596004;0,69470984;0,82777947;1,75142908;2,35227323;1,76693261;0,96814543;6,63075161;3,72938442;3,25849915;0,69026822;0,79672694;1,16070855;3,98063207;6,46385574;4,54689646;-,0432839841;6,78833914;5,36282730;3,54091358;1,37617350;-,0672000349;4,55883741;0,56503892;0,84948790;2,02166986;-,0672000349;1,20864952;0,64367956;-,0190343950;0,61031735;1,37326086;1,14503121;1,80923176;2,53393006;8,18663692;8,23933887;5,02858210;8,54153919;7,16564465;1,30073094;2,27624583;4,75449419;2,93214345;6,11887550;2,81468534;0,38504618;1,97734976;0,56125450;1,55363631;4,32676363;2,17133927;2,59941769
2012;1;-,0672000349;2,86155319;4,22492647;0,67597181;3,52417755;1,73056626;2,11201549;-,0672000349;0,22308879;-,0672000349;-,0670221820;-,0181791708;-,0088626742;-,0181639642;4,32639694;2,01363778;5,10478067;4,63834190;3,16997719;-,0672000349;-,0672000349;-,0405488163;,0;0,13349396;2,07138538;5,56807041;4,28298950;4,86220169;5,86085129;2,02327204;2,72829294;3,99854445;3,54187155;4,39673901;4,14793348;3,00295091;7,13508844;4,54168320;4,56955671;3,34826136;5,07730007;5,15906286;4,46439743;3,52800298;0,69611055;0,57256591;0,77618515;0,49506110;0,74912691;0,78285652;2,29401612;3,84226584;4,35121155;5,05298948;-,0672000349;2,71204114;3,43289566;3,83015943;3,85116625;3,89843106;2,15511131;-,0672000349;2,00041938;5,78480673;5,85101318;4,21790361;5,20746899;2,26957679;3,33127165;4,40121889;2,08466411;4,96155024;3,03808427;1,46641266;1,46766901;1,56125021;1,33857036;0,91090745;0,77405018;0,91654736;-,0672000349;2,00352407;1,68086469;0,91775572;3,80920029;2,76611543;0,77781999;0,35727057;,0748023465;0,50198835;-,0672000349;-,0672000349;-,0569552183;0,70912749;0,70239031;-,0672000349;-,0649639815;-,0497120060;-,0631523654;-,0604387932;-,0672000349;-,0672000349;-,0089744097;-,0092244726;-,0672000349;-,0672000349;-,0672000349;-,0672000349;-,0672000349;-,0672000349;0,42722616;-,0672000349;-,0111734001;-,0038867688;-,0033543014;-,0028225777;-,0022924882;-,0022003283;2,23014760;3,54272437;0,10069729;3,70016503;6,71191597;7,25446463;6,07058859;6,12192392;4,58294249;4,24198818;3,62946439;-,0672000349;-,0672000349;0,22972713;-,0662048236;2,32733297;1,77210271;3,21313715;0,39258215;0,88002676;2,36067200;0,67128140;0,22511755;0,55593103;2,36491632;3,96474195;1,59303594;6,33641720;5,63285494;4,33770847;3,83183765;0,79585743;0,66898435;3,93049693;4,24417305;3,49151087;-,0490229391;3,44860530;4,27202511;2,58380246;2,91205001;-,0672000349;4,55849075;0,56809133;-,0667491257;0,28741342;1,14902210;1,19422960;0,42899001;-,0260004960;1,28700078;1,02958798;1,14667296;2,76017356;4,15666199;7,74048376;8,23679829;8,23799896;8,25248528;6,33338118;2,01626182;2,88328815;3,28103352;1,28455973;2,05971408;3,20825577;0,82336128;2,18093967;1,70228815;5,42108107;4,13515806;2,25129271;2,45267534;2,35126925;1,45374525;5,87607431;2,64509511;0,36494929;0,66964614;3,22172451;4,41010094;1,90758896;1,87770963;0,80066776;1,59824896;3,94229865;6,55970573;3,46154046;3,76027751;5,11968088;4,63631964;4,18190813;-,0672000349;-,0672000349;-,0154461535;-,0011107302;0,64362127;2,27601862;3,91046906;3,56709266;,0978978798;0,25987735;1,39096057;2,08217359;2,31840301;1,92115498;2,01357174;1,45691681;1,45010304;2,74838424;1,19082558;1,46118820;-,0413020588;4,35805559;3,70328379;5,74412918;6,00056362;7,48927498;4,51355934;5,20482302;5,28382301;5,43015862;3,65174150;6,17985439;1,98963559
2013;1;-,0672000349;2,95195770;1,59331143;1,48530078;1,70281172;0,66418022;-,0672000349;-,0672000349;-,0672000349;-,0672000349;-,0672000349;-,0460696183;-,0065483786;-,0202821977;3,44875741;-,0473956726;1,03769839;4,53832006;5,41683054;6,15179253;5,00397825;5,49081802;3,98878384;4,89812803;5,44395065;0,96342093;1,69559181;5,16908884;5,25733280;5,64430952;2,27125883;2,13677120;5,38199139;3,35561299;0,65444815;-,0672000349;0,22349168;0,36629191;-,0672000349;,0786939785;-,0672000349;-,0672000349;1,01885486;-,0672000349;-,0672000349;-,0672000349;-,0672000349;-,0136075309;-,0083691645;-,0086183604;-,0088668223;-,0270748362;,0785709843;,0787153021;0,66923571;1,17339802;,0810633153;0,57048225;-,0357339643;2,87345171;0,87991869;-,0371127427;2,88217926;2,35462737;-,0554239042;1,70694971;4,47196150;4,22598028;5,86492395;7,35141039;6,04985142;6,10216331;4,51883698;2,15252829;4,65791130;4,03882360;2,76705956;0,52105486;1,11141670;2,00893998;3,03805733;4,86536884;3,42010212;2,94024062;,0789541975;0,87643552;2,65189695;0,70781970;1,14968967;0,52491099;2,35223103;4,23431110;1,61451769;6,18912125;5,08938742;4,27150393;1,51186359;0,52409792;3,34809685;4,43198824;3,20843363;5,82530117;0,67799580;3,03951454;5,52017784;1,95979142;-,0672000349;-,0672000349;3,82454705;-,0476879403;-,0073754974;1,60255837;2,77317905;2,60653162;0,10979870;-,0272264052;-,0049623819;-,0021860448;1,47737706;2,62577462;6,38723946;7,43220234;6,92117929;8,20267773;8,21640205;5,64463902;1,89007914;3,07377410;3,84824991;1,01028800;0,99890143;2,32096434;1,57520080;2,86405516;2,12613201;5,89857197;3,45957828;2,27387094;2,41907024;2,23840570;1,45435059;6,02395248;2,93958521;0,79696625;0,80115283;4,20154428;4,82034302;1,90721118;1,57333481;0,79634333;1,44978297;4,08757496;6,31433058;4,21100616;2,16837168;4,99902153;4,47794628;2,82935047;0,68127757;-,0672000349;0,28872752;-,0375870094;0,19826049;1,92525160;4,48165512;2,95484710;-,0551333092;0,82936591;1,67120707;2,01455188;2,36585689;1,99752462;1,16339052;2,17683911;2,37336993;-,0556682013;0,77957982;1,78848028;1,63279772;3,25881171;1,45327449;3,97865725;3,79986525;4,83527517;4,08628893;3,98936629;0,68991965;2,18476105;3,81522512;4,84177446;1,84015226;1,73479021;4,19805622;2,33420467;7,78359747;4,47216654;6,45237255;6,89855051;3,17509699;4,81373549;1,99087942;3,80538630;0,79219753;1,10690546;0,22381604;1,47278559;1,44954205;-,0091231493;-,0672000349;-,0672000349;-,0672000349;-,0672000349;-,0672000349;0,28829384;0,72100073;-,0319888033;-,0043972745;-,0038683030;-,0033402881;-,0028123122;-,0022845422;2,38179564;-,0207479689;0,75436521;1,17709398;4,12068605;6,25494766;3,03187561;3,19272494;3,73415184;8,21301460;3,16268468;2,74358201;7,52085400;4,18095493;3,19346857;3,95340586;1,44270837;2,82326913;1,00679278;2,31530023;2,19311833;0,68689263
2014;1;-,0672000349;3,04037762;3,68476772;1,87597847;1,83620167;0,67124122;-,0672000349;-,0672000349;3,10120344;-,0409254432;-,0182835441;3,90136600;4,66055870;5,86182880;3,82611656;1,41909730;4,71926260;5,29433012;5,60483408;5,00198221;4,88487720;4,54008293;4,77699327;5,22828007;3,48205972;1,67813766;0,64742130;0,50653106;-,0672000349;2,27153587;0,36167446;2,81459308;-,0672000349;0,36739850;2,45819044;0,22249669;-,0672000349;0,98730820;2,02691054;2,98687148;1,41918993;1,75194693;0,65649527;-,0672000349;-,0672000349;-,0672000349;-,0672000349;-,0672000349;-,0672000349;-,0086915093;-,0089487974;0,13590914;1,45823085;-,0672000349;-,0672000349;-,0672000349;0,22366196;-,0672000349;-,0484594516;-,0116539868;-,0044235257;-,0078429077;0,43328595;-,0125219673;0,37872335;-,0672000349;-,0227386598;-,0083481641;-,0129165808;-,0123187369;-,0073963064;1,96154475;5,92370510;3,69931316;4,64373684;4,57012367;5,34663391;2,87670445;6,31238127;2,75499225;0,68990749;3,15703845;0,70528579;1,40542054;2,44588208;0,24776927;0,71063250;,0789531395;2,18905711;5,84178734;3,52805495;3,12721443;3,48432255;3,84207129;5,87021971;2,06423092;0,36418182;0,52376461;0,42997840;4,22339296;2,32850122;3,65871358;4,40387440;2,33597732;5,07645273;2,45045376;-,0672000349;-,0672000349;-,0161033012;0,43251726;-,0054277349;2,90121174;4,55900478;2,30690765;1,08260894;-,0667759925;0,44692704;1,98917508;3,36742926;0,92752779;1,34206665;1,82552063;5,08619118;0,55065233;5,60943794;2,21931124;0,27966347;0,99592727;3,65749002;3,51616645;5,12295818;7,64046717;5,00149059;5,69581938;5,92770243;2,48609829;5,94884396;4,73643541;2,02408814;2,01909328;4,68639851;2,49756765;4,50232935;5,53241777;4,66148043;5,64747286;2,54208708;2,31238627;0,52231741;2,45270681;,0780408382;0,66588539;0,52281135;2,06321716;1,16333568;-,0091412170;-,0672000349;,0783242509;-,0672000349;-,0672000349;-,0672000349;-,0672000349;-,0286736712;-,0049485262;-,0044149579;-,0038839164;-,0033538202;-,0028236643;-,0022937893;-,0022010754;-,0021072794;-,0020132691;-,0019199006;-,0018266509;5,31442642;2,67163634;3,61679149;3,90459228;7,97496939;3,06309152;2,41096830;8,20972824;3,40926290;3,02978349;3,52235627;1,45040834;1,62717009;2,66605353;2,54321885;2,19403076;1,12499809;1,90037441;1,29420173;2,34064293;3,00875807;3,23742819;3,05012703;3,93735385;4,14260626;2,78322887;4,51831722;4,42424440;3,64029360;6,18604755;4,88552570;3,03238392;0,97285372;0,51821703;1,73037720;-,0672000349;2,98235583;3,06739926;-,0672000349;-,0383668207;3,00704622;3,99585319;-,0672000349;3,10814071;6,02762461;6,75352859;5,43359518;6,47729921;5,78751421;5,14346266;3,83334613;6,96437788;7,04825068;-,0671999380;-,0672000349;-,0672000349;-,0672000349;-,0672000349;-,0459831394;-,0177125018;-,0193612594;0,13815528;-,0672000349;1,47833204;1,91018987;1,32170439;2,03010964;2,48223591;0,84359425
2015;1;-,0672000349;2,50284171;3,56987357;5,24153709;1,72912097;0,80149817;2,77899075;5,13662624;5,05367899;-,0672000349;-,0672000349;-,0672000349;-,0292901415;-,0259456336;-,0143214529;-,0335091911;-,0672000349;-,0672000349;-,0672000349;,0806152597;0,53813094;1,51047230;4,83095312;5,31821823;6,75411701;5,64216518;4,87913990;2,28867459;3,24257350;3,94756627;3,62163854;1,15321708;2,61296701;-,0672000349;0,22294191;-,0672000349;2,51655245;5,85359955;2,56027079;0,78899890;0,22284199;1,73013496;0,36110976;1,24053741;1,46647072;,0778420717;-,0672000349;-,0337457694;-,0083668493;-,0086183846;0,13655448;2,79952693;2,37273526;-,0672000349;-,0672000349;-,0672000349;,0784963593;0,96831375;0,95256960;-,0672000349;-,0672000349;3,83554530;-,0672000349;-,0305239931;-,0071489126;-,0022038147;2,11154628;-,0245683119;0,28043616;4,01679993;6,66117525;3,57756090;6,87181330;2,15501332;1,11388612;0,44712007;4,55353165;5,53882456;5,34793043;7,88520861;6,10107708;6,87668037;7,09523964;5,95032644;7,43649101;6,31585884;1,39774787;1,81692362;3,99812412;2,33418894;5,66867876;4,63295317;3,76050329;4,47623205;1,66647661;1,37759399;1,42295015;-,0672000349;0,51205802;0,22291036;,0782870129;-,0672000349;1,41096997;0,85965872;-,0672000349;,0777059868;-,0672000349;-,0474156067;-,0139707141;0,58468759;-,0672000349;-,0532566160;-,0132115502;-,0062391711;-,0065718289;-,0063264379;-,0109433485;-,0248686932;-,0267211050;-,0267512500;-,0218447316;-,0114089102;-,0672000349;-,0672000349;-,0538569950;4,46557474;0,43673578;,0;-,0196624976;2,01926637;1,87256753;3,06448984;3,55815220;1,59423578;1,41481292;0,95352370;3,20783091;2,63575864;0,82732826;3,22192192;1,75174451;4,76840353;4,69389534;4,00450468;3,09392095;5,29613924;3,95715070;3,23896837;4,49369144;3,67107558;5,15092468;6,25834990;4,85308981;3,76002097;1,16257334;3,42116642;0,96086377;-,0671999380;-,0672000349;-,0672000349;-,0672000349;-,0672000349;3,23256731;3,29449701;-,0672000349;3,08616114;0,54900706;7,19587851;5,48730421;6,50873184;6,02216673;4,96071005;5,13462687;6,56818104;7,12348795;-,0672000349;-,0672000349;-,0672000349;-,0672000349;-,0672000349;-,0559389442;-,0181313623;-,0220803544;-,0311320145;-,0672000349;1,48059404;1,92031336;1,47705925;2,20385528;2,07264996;1,26831698;1,45708930;2,33984780;5,71511936;4,20173979;4,82963896;5,08647060;4,98676014;5,59531069;3,65105891;4,55093431;3,49276352;6,98702860;7,75418520;6,08780670;4,68470955;7,22345924;4,86662102;2,61281967;6,13592196;0,36176339;-,0672000349;-,0672000349;0,36228779;-,0672000349;-,0672000349;,0783451721;,0783690885;0,22661588;3,54523253;0,29025057;-,0672000349;-,0672000349;3,78098917;4,28441429;5,36272812;4,55914450;7,81684923;5,46907377;4,84999990;4,46653509;5,29018068;4,31816483;7,33329630;7,05472469;1,40989470;2,81185389;2,35004878;5,89671326;4,44874859;4,08830404;4,73374367;3,84317255
2016;1;-,0672000349;1,96518421;3,85415602;2,41789937;1,06951213;,0778824240;-,0672000349;-,0672000349;0,27947035;-,0614790432;-,0156369228;-,0108834095;-,0214579906;0,41107127;-,0421627313;0,19138241;5,38386631;5,28514862;6,19144726;3,47039413;7,01226950;1,38962162;1,98949242;4,68770075;4,03904343;5,70606565;5,99390268;3,12218642;5,52370548;5,29254961;4,30945873;4,04052639;3,55718112;4,40165472;2,07297421;0,63501060;0,91690218;2,02116656;1,37253940;2,10089707;0,35406733;2,19589138;1,05506039;-,0672000349;0,63606286;-,0672000349;-,0672000349;-,0672000349;-,0672000349;-,0672000349;1,41974914;0,99145412;-,0645080954;1,80317187;-,0495525673;-,0196212642;-,0099675646;-,0672000349;0,28471211;-,0532192551;-,0118017178;-,0059410604;-,0068081408;-,0066712145;-,0154976966;-,0250504240;-,0249316264;-,0319792069;-,0164177287;-,0096457740;-,0643044561;-,0652939528;-,0367437042;2,32776999;-,0357220098;-,0268333424;-,0299439169;-,0654291660;-,0261474326;0,28467456;2,20576286;1,88151574;4,00873947;1,03201592;5,04035759;6,38036823;1,56767845;3,57127714;2,53885484;3,84530020;4,44602013;4,07554245;3,18403196;3,80779195;4,11028147;3,59674931;4,33246040;4,08385277;7,31954765;6,28370094;4,19561958;1,68699265;0,12266392;,0777927339;0,36145464;-,0672000349;-,0672000349;-,0672000349;-,0672000349;-,0672000349;-,0672000349;2,07540894;-,0672000349;1,92048502;-,0672000349;7,04341316;5,74532843;7,02684641;5,60836935;5,44078684;6,38926220;6,98326015;6,62208271;-,0672000349;-,0672000349;-,0672000349;-,0672000349;-,0672000349;-,0420356989;0,58453465;-,0425757319;-,0461336710;-,0476521440;2,01398396;1,92285252;1,69250894;3,24652910;3,48926568;1,32010770;3,33663845;3,62899113;6,77537346;5,60041237;5,05082178;5,90653133;5,57203197;7,96574259;3,02763891;5,35869122;3,05863380;7,54953527;7,75701857;6,12843990;4,36294031;6,85428905;4,24915886;1,41446817;2,29354405;-,0672000349;-,0672000349;-,0672000349;0,51709670;-,0672000349;-,0672000349;,0777754933;-,0672000349;-,0672000349;-,0667680874;-,0221300144;-,0289028212;-,0199919064;-,0262248125;4,31849337;5,94871330;4,73379517;7,75843906;5,37842321;4,81673241;5,82613564;3,34768677;4,12703323;6,88978291;6,93087816;0,78644985;2,03074074;-,0672000349;3,45524311;3,11615181;3,90334439;4,45298100;1,13931775;2,61232090;3,78318548;1,12936425;1,97219276;1,39199293;1,52132905;2,87086344;3,02895761;2,19843841;2,71089745;2,40896893;3,74713588;5,54530096;5,16651773;5,85824394;5,48525190;4,11249256;4,37251139;3,97963095;0,94913983;0,78677452;-,0672000349;2,45045400;4,56859875;0,22404781;5,94767523;0,65995711;2,51262617;2,91999364;-,0672000349;-,0672000349;5,25992918;5,23439455;6,60567856;5,51961803;0,65213901;6,16798210;3,18133807;3,65897512;5,48678303;5,86669064;3,28485441;2,57243133;6,06000423;5,10836411;4,72773123;4,14832878;3,90219474;3,20700502;4,05424976;0,21792854;-,0672000349
2017;1;-,0672000349;3,48815107;2,06000185;2,14988518;2,83814383;-,0672000349;-,0672000349;-,0672000349;-,0672000349;-,0672000349;-,0200212486;-,0095741358;-,0172642823;-,0253661424;0,14363073;-,0538974255;-,0156262554;-,0092658158;-,0672000349;-,0635868683;0,44276327;-,0672000349;,0;,0;-,0419632234;1,12832725;0,58208573;5,70988321;6,01914310;3,95757818;7,25786638;0,70090735;2,85241747;4,92875147;1,42652607;3,48565340;1,85374403;3,34618592;4,37459373;3,46638036;3,08432794;5,51351500;3,68884850;1,11175573;3,90078568;3,77621078;6,74628496;5,98605633;4,22726297;2,28156972;1,87479818;0,23027119;2,47174597;-,0672000349;-,0672000349;0,66716731;2,26215339;6,01427698;1,12570333;2,77077103;-,0672000349;1,77031684;5,52263975;7,01222229;5,51063490;6,12189436;5,35403156;5,66521835;6,11730480;6,71077919;6,26409674;-,0672000349;-,0672000349;-,0672000349;,0777820870;-,0672000349;0,22288410;0,72950822;-,0672000349;0,22315244;-,0672000349;2,89547873;2,06792927;2,60187316;3,30798697;4,32575083;2,34022880;5,34750509;2,91208172;5,73383284;5,26901293;5,04484797;5,04170609;5,08843470;7,73566675;3,12275386;5,00531197;2,80160213;7,56555939;7,62619448;5,56189632;4,27678013;6,78024054;4,75486326;0,78831512;2,21977186;-,0672000349;-,0672000349;-,0672000349;-,0672000349;-,0672000349;-,0672000349;,0781255513;-,0672000349;-,0672000349;1,53083444;2,71156907;-,0672000349;-,0672000349;2,55820847;4,26451349;6,15730667;4,96340656;7,19974709;5,37927532;3,88632870;4,25265598;2,88040519;2,77459884;6,92867279;5,93232346;0,93371767;1,79084361;-,0672000349;2,62999916;2,16510344;2,83614087;2,59777236;2,29414892;2,89398623;3,17968798;0,22018492;1,66266036;1,12194288;1,08987141;2,94893122;3,24853492;2,34652925;3,00482368;4,00387192;3,91773176;4,76456881;5,25439072;2,89080334;5,14080429;4,60134602;3,24384713;3,72709703;0,35882160;-,0670183375;-,0672000349;0,35949364;4,29771137;-,0672000349;0,35963023;-,0672000349;2,52015686;2,42515206;0,69076252;-,0672000349;4,54167223;5,09066820;4,10725927;5,72650194;0,94284427;6,58346939;4,13556290;4,08629942;5,79244280;6,06062508;5,03340960;3,39044285;5,84238672;5,06787586;5,40204573;4,87355328;4,04232311;1,96861577;3,14989519;-,0672000349;0,35818481;0,64981258;2,43332505;3,18939066;3,88338947;3,62068081;2,60312915;3,34837389;3,98321319;3,71178341;3,80549693;3,16966867;3,80263853;5,17461395;0,91189909;1,08748412;3,13112879;3,72324705;-,0672000349;1,62616539;0,78576964;-,0672000349;-,0672000349;-,0672000349;0,36187029;-,0672000349;-,0672000349;-,0672000349;-,0672000349;-,0672000349;-,0672000349;1,50075388;4,78703213;4,84048796;5,86776209;6,62377357;5,78896523;5,19227839;3,96687341;3,28445601;3,66888809;6,21598244;3,06292796;5,78922844;1,67666197;2,60656309;4,48231077;4,47350502;5,00640678;5,67780972;4,41112614;0,21391080;0,35511202
2018;1;-,0672000349;2,77153182;1,21074975;0,86370850;3,38688803;0,52315563;0,22810489;-,0612343065;0,70185727;-,0089569343;2,11429667;4,86837578;4,84953928;5,54237604;4,55843115;2,82190442;4,47084141;3,59715676;3,55863428;-,0672000349;-,0672000349;-,0672000349;-,0672000349;-,0672000349;-,0672000349;0,28766602;-,0429373831;-,0587851852;-,0292590335;2,14291716;1,45956194;1,71886003;2,16184640;1,75051999;0,70998633;1,82503486;2,33364344;6,34374094;5,73953867;4,86589146;4,26552773;4,94729757;7,37924099;3,44854212;4,74687290;2,47750545;5,63991499;7,40491056;5,43759394;4,74164391;6,89439964;4,70477247;1,09429920;1,06450486;-,0672000349;-,0672000349;-,0672000349;-,0672000349;-,0672000349;-,0672000349;-,0672000349;-,0672000349;1,06043673;-,0672000349;-,0672000349;-,0672000349;0,83416373;3,63436794;4,04981041;5,42853165;4,40701437;7,02132845;5,68470860;4,70537710;4,79384851;4,02740955;4,29543686;6,67993546;5,82634783;0,49847794;2,19616675;,0744360313;2,32714057;3,91341519;3,20333838;2,59028125;1,06560361;3,17622662;1,63465023;0,68864143;-,0672000349;0,21926086;0,50684333;1,08263755;0,65274554;2,01086259;2,19889140;3,04671168;3,69543386;4,56201172;3,63985085;4,59648275;3,56579208;3,37040114;2,56055045;3,86584973;-,0672000349;-,0672000349;-,0672000349;0,51368630;-,0672000349;0,22414157;4,51691771;1,38894999;2,82879353;2,31202936;3,45818949;0,56002480;6,10633135;5,20802689;6,55639267;6,02664518;0,78366590;,0761375651;4,53522635;4,28811789;5,58273172;4,10595417;3,46895432;3,22877979;6,09511566;5,05981684;4,56755924;4,90602255;4,35675669;3,70639801;4,42688894;0,21771024;,0757921785;0,64949203;2,03030324;3,26675129;2,40730143;3,72861528;1,93776762;3,55548668;4,06044722;0,79344058;1,91691458;3,20237732;3,86630964;3,23736024;1,09542775;1,66727233;3,73796606;2,60305023;-,0672000349;,0753255635;0,35863987;-,0672000349;-,0672000349;-,0672000349;-,0672000349;-,0672000349;-,0672000349;-,0672000349;-,0672000349;-,0672000349;-,0672000349;4,51387501;4,99559021;4,87427521;5,38741732;7,00117159;6,45859623;5,03809261;4,49586153;4,65379429;4,89302301;6,39563513;3,53560996;6,43936586;1,93178916;2,44375324;5,16117764;5,96843863;6,40949535;5,94258833;4,42690229;2,06953549;,0732533634;0,21412376;2,03574777;1,99876857;2,61781049;0,63543630;0,77730304;0,77829683;2,01014757;-,0672000349;-,0672000349;1,40451705;-,0672000349;-,0672000349;0,84031540;2,56230903;-,0672000349;-,0092501547;-,0517589487;-,0134698292;-,0076622455;-,0071274596;-,0102309017;-,0229884665;-,0388170145;-,0342589840;-,0181901939;0,57131922;-,0672000349;-,0672000349;-,0401372872;-,0201059058;0,43493548;-,0319958664;-,0142094307;-,0097978143;-,0108927898;-,0336234197;-,0190877207;-,0158357341;,0;,0;0,14135273;-,0021931189;-,0024628935;-,0027327379;0,57067072;-,0032719763;0,56846386;,0781975240;-,0672000349;0,37099361;1,29700589
