#Print of cut-information from ProdRisk week 19: price, cut value, number of module cuts(cut coefficient, reference volume), number of inflow series(inflow coefficient).
#Units are |re/kWh for price, |re/m^3 for coefficients, percent of maximum reservoir capacity for volume and 10^3kr  for the cut value. Verification number: 1.0
SHOP_EXT_WATER_VALUES
       12.607300     83467.8813258614   02        10.341473         0.000000        11.661778         0.000000    03             0.000000         -2807.344720             0.000000 
       12.607300     83470.4247844863   02        10.483645         0.000000        11.656742         0.000000    03             0.000000         -2809.260918             0.000000 
       12.607300     83470.4247844863   02        10.483645         0.000000        11.656742         0.000000    03             0.000000         -2809.260918             0.000000 
       12.607300     83470.4247844863   02        10.483645         0.000000        11.656742         0.000000    03             0.000000         -2809.260918             0.000000 
       12.607300     83470.4247844864   02        10.483645         0.000000        11.656742         0.000000    03             0.000000         -2809.260918             0.000000 
       12.607300     83469.9227520060   02        10.360680         0.000000        11.663566         0.000000    03             0.000000         -2808.136587             0.000000 
       12.607300     83470.4247844863   02        10.483645         0.000000        11.656742         0.000000    03             0.000000         -2809.260918             0.000000 
       12.607300     83470.4247844863   02        10.483645         0.000000        11.656742         0.000000    03             0.000000         -2809.260918             0.000000 
       12.607300     83470.4247844863   02        10.483645         0.000000        11.656742         0.000000    03             0.000000         -2809.260918             0.000000 
       12.607300     83470.4247844863   02        10.483645         0.000000        11.656742         0.000000    03             0.000000         -2809.260918             0.000000 
       12.607300     83467.8813258614   02        10.341473         0.000000        11.661778         0.000000    03             0.000000         -2807.344720             0.000000 
       12.607300     83467.8813258614   02        10.341473         0.000000        11.661778         0.000000    03             0.000000         -2807.344720             0.000000 
       12.607300     83470.4247844863   02        10.483645         0.000000        11.656742         0.000000    03             0.000000         -2809.260918             0.000000 
       12.607300     83470.4247844863   02        10.483645         0.000000        11.656742         0.000000    03             0.000000         -2809.260918             0.000000 
       12.607300     83470.4247844863   02        10.483645         0.000000        11.656742         0.000000    03             0.000000         -2809.260918             0.000000 
       12.607300     83467.8813258615   02        10.341473         0.000000        11.661778         0.000000    03             0.000000         -2807.344720             0.000000 
       12.607300     83470.4247844863   02        10.483645         0.000000        11.656742         0.000000    03             0.000000         -2809.260918             0.000000 
       12.607300     83470.4247844863   02        10.483645         0.000000        11.656742         0.000000    03             0.000000         -2809.260918             0.000000 
       12.607300     83467.8813258615   02        10.341473         0.000000        11.661778         0.000000    03             0.000000         -2807.344720             0.000000 
       12.607300     83470.4247844863   02        10.483645         0.000000        11.656742         0.000000    03             0.000000         -2809.260918             0.000000 
       12.607300     83470.4247844864   02        10.483645         0.000000        11.656742         0.000000    03             0.000000         -2809.260918             0.000000 
       12.607300     83469.9227520059   02        10.360680         0.000000        11.663566         0.000000    03             0.000000         -2808.136587             0.000000 
       12.607300     83467.8813258615   02        10.341473         0.000000        11.661778         0.000000    03             0.000000         -2807.344720             0.000000 
       12.607300     83470.4247844863   02        10.483645         0.000000        11.656742         0.000000    03             0.000000         -2809.260918             0.000000 
       12.607300     83470.4247844864   02        10.483645         0.000000        11.656742         0.000000    03             0.000000         -2809.260918             0.000000 
       12.607300     83470.4247844864   02        10.483645         0.000000        11.656742         0.000000    03             0.000000         -2809.260918             0.000000 
       12.607300     83467.8813258614   02        10.341473         0.000000        11.661778         0.000000    03             0.000000         -2807.344720             0.000000 
       12.607300     83470.4247844863   02        10.483645         0.000000        11.656742         0.000000    03             0.000000         -2809.260918             0.000000 
       12.607300     83470.4247844863   02        10.483645         0.000000        11.656742         0.000000    03             0.000000         -2809.260918             0.000000 
       12.607300     83470.4247844863   02        10.483645         0.000000        11.656742         0.000000    03             0.000000         -2809.260918             0.000000 
       12.607300     83470.4247844863   02        10.483645         0.000000        11.656742         0.000000    03             0.000000         -2809.260918             0.000000 
       12.607300     83467.8813258614   02        10.341473         0.000000        11.661778         0.000000    03             0.000000         -2807.344720             0.000000 
       12.607300     83470.4247844864   02        10.483645         0.000000        11.656742         0.000000    03             0.000000         -2809.260918             0.000000 
       12.607300     83470.4247844864   02        10.483645         0.000000        11.656742         0.000000    03             0.000000         -2809.260918             0.000000 
       12.607300     83470.4247844863   02        10.483645         0.000000        11.656742         0.000000    03             0.000000         -2809.260918             0.000000 
       12.607300     83470.4247844863   02        10.483645         0.000000        11.656742         0.000000    03             0.000000         -2809.260918             0.000000 
       12.607300     83470.4247844863   02        10.483645         0.000000        11.656742         0.000000    03             0.000000         -2809.260918             0.000000 
       12.607300     83635.2466539842   02        11.895289         0.000000        11.636456         0.000000    03             0.000000         -2835.661271             0.000000 
       12.607300     83467.8813258614   02        10.341473         0.000000        11.661778         0.000000    03             0.000000         -2807.344720             0.000000 
       12.607300     83467.8813258615   02        10.341473         0.000000        11.661778         0.000000    03             0.000000         -2807.344720             0.000000 
       12.607300     83467.8813258615   02        10.341473         0.000000        11.661778         0.000000    03             0.000000         -2807.344720             0.000000 
       12.607300     83467.8813258614   02        10.341473         0.000000        11.661778         0.000000    03             0.000000         -2807.344720             0.000000 
       12.607300     83470.4247844864   02        10.483645         0.000000        11.656742         0.000000    03             0.000000         -2809.260918             0.000000 
       12.607300     83635.2466539842   02        11.895289         0.000000        11.636456         0.000000    03             0.000000         -2835.661271             0.000000 
       12.607300     83598.4869984203   02        10.203845         0.000000        11.666016         0.000000    03             0.000000         -2805.219358             0.000000 
       12.607300     83598.4869984203   02        10.203845         0.000000        11.666016         0.000000    03             0.000000         -2805.219358             0.000000 
       12.607300     83598.4869984203   02        10.203845         0.000000        11.666016         0.000000    03             0.000000         -2805.219358             0.000000 
       12.607300     83467.8813258614   02        10.341473         0.000000        11.661778         0.000000    03             0.000000         -2807.344720             0.000000 
       12.607300     83467.8813258614   02        10.341473         0.000000        11.661778         0.000000    03             0.000000         -2807.344720             0.000000 
       12.607300     83467.8813258614   02        10.341473         0.000000        11.661778         0.000000    03             0.000000         -2807.344720             0.000000 
       12.607300     83633.5094593978   02        11.910327         0.000000        11.638511         0.000000    03             0.000000         -2836.479882             0.000000 
       12.607300     83467.8813258615   02        10.341473         0.000000        11.661778         0.000000    03             0.000000         -2807.344720             0.000000 
       12.607300     83467.8813258614   02        10.341473         0.000000        11.661778         0.000000    03             0.000000         -2807.344720             0.000000 
       12.607300     83635.2466539842   02        11.895289         0.000000        11.636456         0.000000    03             0.000000         -2835.661271             0.000000 
       12.607300     83467.8813258614   02        10.341473         0.000000        11.661778         0.000000    03             0.000000         -2807.344720             0.000000 
       12.607300     83632.8574933726   02        11.920945         0.000000        11.639123         0.000000    03             0.000000         -2836.871373             0.000000 
       12.607300     83467.8813258615   02        10.341473         0.000000        11.661778         0.000000    03             0.000000         -2807.344720             0.000000 
       12.607300     83635.2466539842   02        11.895289         0.000000        11.636456         0.000000    03             0.000000         -2835.661271             0.000000 
       12.607300     83467.8813258614   02        10.341473         0.000000        11.661778         0.000000    03             0.000000         -2807.344720             0.000000 
       12.607300     83467.8813258614   02        10.341473         0.000000        11.661778         0.000000    03             0.000000         -2807.344720             0.000000 
       12.607300     83467.8813258614   02        10.341473         0.000000        11.661778         0.000000    03             0.000000         -2807.344720             0.000000 
       12.607300     83467.8813258614   02        10.341473         0.000000        11.661778         0.000000    03             0.000000         -2807.344720             0.000000 
       12.607300     83635.2466539842   02        11.895289         0.000000        11.636456         0.000000    03             0.000000         -2835.661271             0.000000 
       12.607300     83467.8813258615   02        10.341473         0.000000        11.661778         0.000000    03             0.000000         -2807.344720             0.000000 
       12.607300     83467.8813258614   02        10.341473         0.000000        11.661778         0.000000    03             0.000000         -2807.344720             0.000000 
       12.607300     83467.8813258615   02        10.341473         0.000000        11.661778         0.000000    03             0.000000         -2807.344720             0.000000 
       12.607300     83467.8813258614   02        10.341473         0.000000        11.661778         0.000000    03             0.000000         -2807.344720             0.000000 
       12.607300     83467.8813258614   02        10.341473         0.000000        11.661778         0.000000    03             0.000000         -2807.344720             0.000000 
       12.607300     83467.8813258614   02        10.341473         0.000000        11.661778         0.000000    03             0.000000         -2807.344720             0.000000 
       12.607300     83598.4869984203   02        10.203845         0.000000        11.666016         0.000000    03             0.000000         -2805.219358             0.000000 
       12.607300     83633.5094593978   02        11.910327         0.000000        11.638511         0.000000    03             0.000000         -2836.479882             0.000000 
       12.607300     83467.8813258614   02        10.341473         0.000000        11.661778         0.000000    03             0.000000         -2807.344720             0.000000 
       12.607300     83467.8813258614   02        10.341473         0.000000        11.661778         0.000000    03             0.000000         -2807.344720             0.000000 
       12.607300     83633.5094593979   02        11.910327         0.000000        11.638511         0.000000    03             0.000000         -2836.479882             0.000000 
       12.607300     83635.2466539842   02        11.895289         0.000000        11.636456         0.000000    03             0.000000         -2835.661271             0.000000 
       12.607300     83467.8813258614   02        10.341473         0.000000        11.661778         0.000000    03             0.000000         -2807.344720             0.000000 
       12.607300     83467.8813258614   02        10.341473         0.000000        11.661778         0.000000    03             0.000000         -2807.344720             0.000000 
       12.607300     83467.8813258614   02        10.341473         0.000000        11.661778         0.000000    03             0.000000         -2807.344720             0.000000 
       12.607300     83633.5094593979   02        11.910327         0.000000        11.638511         0.000000    03             0.000000         -2836.479882             0.000000 
       12.607300     83598.4869984203   02        10.203845         0.000000        11.666016         0.000000    03             0.000000         -2805.219358             0.000000 
       12.607300     83598.4869984203   02        10.203845         0.000000        11.666016         0.000000    03             0.000000         -2805.219358             0.000000 
       12.607300     83470.4247844863   02        10.483645         0.000000        11.656742         0.000000    03             0.000000         -2809.260918             0.000000 
       12.607300     83598.4869984203   02        10.203845         0.000000        11.666016         0.000000    03             0.000000         -2805.219358             0.000000 
       12.607300     83598.4869984203   02        10.203845         0.000000        11.666016         0.000000    03             0.000000         -2805.219358             0.000000 
       12.607300     83598.4869984203   02        10.203845         0.000000        11.666016         0.000000    03             0.000000         -2805.219358             0.000000 
       12.607300     83598.4869984203   02        10.203845         0.000000        11.666016         0.000000    03             0.000000         -2805.219358             0.000000 
       12.607300     83598.4869984203   02        10.203845         0.000000        11.666016         0.000000    03             0.000000         -2805.219358             0.000000 
       12.607300     83598.4869984203   02        10.203845         0.000000        11.666016         0.000000    03             0.000000         -2805.219358             0.000000 
       12.607300     83598.4869984203   02        10.203845         0.000000        11.666016         0.000000    03             0.000000         -2805.219358             0.000000 
       12.607300     83598.4869984203   02        10.203845         0.000000        11.666016         0.000000    03             0.000000         -2805.219358             0.000000 
       12.607300     83598.4869984203   02        10.203845         0.000000        11.666016         0.000000    03             0.000000         -2805.219358             0.000000 
       12.607300     83598.4869984203   02        10.203845         0.000000        11.666016         0.000000    03             0.000000         -2805.219358             0.000000 
       12.607300     83598.4869984203   02        10.203845         0.000000        11.666016         0.000000    03             0.000000         -2805.219358             0.000000 
       12.607300     83598.4869984203   02        10.203845         0.000000        11.666016         0.000000    03             0.000000         -2805.219358             0.000000 
       12.607300     83598.4869984203   02        10.203845         0.000000        11.666016         0.000000    03             0.000000         -2805.219358             0.000000 
       12.607300     83598.4869984203   02        10.203845         0.000000        11.666016         0.000000    03             0.000000         -2805.219358             0.000000 
       12.607300     83598.4869984203   02        10.203845         0.000000        11.666016         0.000000    03             0.000000         -2805.219358             0.000000 
       12.607300     83598.4869984203   02        10.203845         0.000000        11.666016         0.000000    03             0.000000         -2805.219358             0.000000 
       12.607300     83598.4869984203   02        10.203845         0.000000        11.666016         0.000000    03             0.000000         -2805.219358             0.000000 
       12.607300     83598.4869984203   02        10.203845         0.000000        11.666016         0.000000    03             0.000000         -2805.219358             0.000000 
       12.607300     83552.9055461213   02        10.683043         0.000000        11.663179         0.000000    03             0.000000         -2815.284587             0.000000 
       12.607300     83598.4869984203   02        10.203845         0.000000        11.666016         0.000000    03             0.000000         -2805.219358             0.000000 
       12.607300     83598.4869984203   02        10.203845         0.000000        11.666016         0.000000    03             0.000000         -2805.219358             0.000000 
       12.607300     83469.9227520059   02        10.360680         0.000000        11.663566         0.000000    03             0.000000         -2808.136587             0.000000 
       12.607300     83598.4869984203   02        10.203845         0.000000        11.666016         0.000000    03             0.000000         -2805.219358             0.000000 
       12.607300     83598.4869984203   02        10.203845         0.000000        11.666016         0.000000    03             0.000000         -2805.219358             0.000000 
       12.607300     83598.4869984203   02        10.203845         0.000000        11.666016         0.000000    03             0.000000         -2805.219358             0.000000 
       12.607300     83598.4869984203   02        10.203845         0.000000        11.666016         0.000000    03             0.000000         -2805.219358             0.000000 
       12.607300     83598.4869984203   02        10.203845         0.000000        11.666016         0.000000    03             0.000000         -2805.219358             0.000000 
       12.607300     83553.4530899264   02        10.678225         0.000000        11.662537         0.000000    03             0.000000         -2815.017043             0.000000 
       12.607300     83598.4869984203   02        10.203845         0.000000        11.666016         0.000000    03             0.000000         -2805.219358             0.000000 
       12.607300     83598.4869984203   02        10.203845         0.000000        11.666016         0.000000    03             0.000000         -2805.219358             0.000000 
       12.607300     83598.4869984203   02        10.203845         0.000000        11.666016         0.000000    03             0.000000         -2805.219358             0.000000 
       12.607300     83598.4869984203   02        10.203845         0.000000        11.666016         0.000000    03             0.000000         -2805.219358             0.000000 
       12.607300     83598.4869984203   02        10.203845         0.000000        11.666016         0.000000    03             0.000000         -2805.219358             0.000000 
       12.607300     83553.4530899265   02        10.678225         0.000000        11.662537         0.000000    03             0.000000         -2815.017043             0.000000 
       12.607300     83470.4247844863   02        10.483645         0.000000        11.656742         0.000000    03             0.000000         -2809.260918             0.000000 
       12.607300     83552.9055461214   02        10.683043         0.000000        11.663179         0.000000    03             0.000000         -2815.284587             0.000000 
       12.607300     83552.9055461214   02        10.683043         0.000000        11.663179         0.000000    03             0.000000         -2815.284587             0.000000 
       12.607300     83552.9055461214   02        10.683043         0.000000        11.663179         0.000000    03             0.000000         -2815.284587             0.000000 
       12.607300     83553.4530899265   02        10.678225         0.000000        11.662537         0.000000    03             0.000000         -2815.017043             0.000000 
       12.607300     83552.9055461214   02        10.683043         0.000000        11.663179         0.000000    03             0.000000         -2815.284587             0.000000 
       12.607300     83553.4530899264   02        10.678225         0.000000        11.662537         0.000000    03             0.000000         -2815.017043             0.000000 
       12.607300     83553.4530899265   02        10.678225         0.000000        11.662537         0.000000    03             0.000000         -2815.017043             0.000000 
       12.607300     83553.4530899265   02        10.678225         0.000000        11.662537         0.000000    03             0.000000         -2815.017043             0.000000 
       12.607300     83552.9055461214   02        10.683043         0.000000        11.663179         0.000000    03             0.000000         -2815.284587             0.000000 
       12.607300     83552.9055461213   02        10.683043         0.000000        11.663179         0.000000    03             0.000000         -2815.284587             0.000000 
       12.607300     83552.9055461214   02        10.683043         0.000000        11.663179         0.000000    03             0.000000         -2815.284587             0.000000 
       12.607300     83552.9055461214   02        10.683043         0.000000        11.663179         0.000000    03             0.000000         -2815.284587             0.000000 
       12.607300     83552.9055461214   02        10.683043         0.000000        11.663179         0.000000    03             0.000000         -2815.284587             0.000000 
       12.607300     83552.9055461213   02        10.683043         0.000000        11.663179         0.000000    03             0.000000         -2815.284587             0.000000 
       12.607300     83552.9055461214   02        10.683043         0.000000        11.663179         0.000000    03             0.000000         -2815.284587             0.000000 
       12.607300     83552.9055461214   02        10.683043         0.000000        11.663179         0.000000    03             0.000000         -2815.284587             0.000000 
       12.607300     83543.1518528507   02        10.326328         0.000000        11.666798         0.000000    03             0.000000         -2808.084577             0.000000 
       12.607300     83552.9055461214   02        10.683043         0.000000        11.663179         0.000000    03             0.000000         -2815.284587             0.000000 
       12.607300     83553.4530899264   02        10.678225         0.000000        11.662537         0.000000    03             0.000000         -2815.017043             0.000000 
       12.607300     83552.9055461213   02        10.683043         0.000000        11.663179         0.000000    03             0.000000         -2815.284587             0.000000 
       12.607300     83552.9055461214   02        10.683043         0.000000        11.663179         0.000000    03             0.000000         -2815.284587             0.000000 
       12.607300     83553.4530899264   02        10.678225         0.000000        11.662537         0.000000    03             0.000000         -2815.017043             0.000000 
       12.607300     83553.4530899265   02        10.678225         0.000000        11.662537         0.000000    03             0.000000         -2815.017043             0.000000 
       12.607300     83552.9055461214   02        10.683043         0.000000        11.663179         0.000000    03             0.000000         -2815.284587             0.000000 
       12.607300     83552.9055461214   02        10.683043         0.000000        11.663179         0.000000    03             0.000000         -2815.284587             0.000000 
       12.607300     83543.1518528507   02        10.326328         0.000000        11.666798         0.000000    03             0.000000         -2808.084577             0.000000 
       12.607300     83552.9055461214   02        10.683043         0.000000        11.663179         0.000000    03             0.000000         -2815.284587             0.000000 
       12.607300     83552.9055461214   02        10.683043         0.000000        11.663179         0.000000    03             0.000000         -2815.284587             0.000000 
       12.607300     83552.9055461213   02        10.683043         0.000000        11.663179         0.000000    03             0.000000         -2815.284587             0.000000 
       12.607300     83552.9055461214   02        10.683043         0.000000        11.663179         0.000000    03             0.000000         -2815.284587             0.000000 
       12.607300     83553.4530899264   02        10.678225         0.000000        11.662537         0.000000    03             0.000000         -2815.017043             0.000000 
       12.607300     83553.4530899265   02        10.678225         0.000000        11.662537         0.000000    03             0.000000         -2815.017043             0.000000 
       12.607300     83552.9055461214   02        10.683043         0.000000        11.663179         0.000000    03             0.000000         -2815.284587             0.000000 
       12.607300     83552.9055461213   02        10.683043         0.000000        11.663179         0.000000    03             0.000000         -2815.284587             0.000000 
       12.607300     83552.9055461213   02        10.683043         0.000000        11.663179         0.000000    03             0.000000         -2815.284587             0.000000 
       12.607300     83552.9055461213   02        10.683043         0.000000        11.663179         0.000000    03             0.000000         -2815.284587             0.000000 
       12.607300     83470.4247844863   02        10.483645         0.000000        11.656742         0.000000    03             0.000000         -2809.260918             0.000000 
       12.607300     83543.1518528507   02        10.326328         0.000000        11.666798         0.000000    03             0.000000         -2808.084577             0.000000 
       12.607300     83543.1518528507   02        10.326328         0.000000        11.666798         0.000000    03             0.000000         -2808.084577             0.000000 
       12.607300     83543.1518528507   02        10.326328         0.000000        11.666798         0.000000    03             0.000000         -2808.084577             0.000000 
       12.607300     83543.1518528507   02        10.326328         0.000000        11.666798         0.000000    03             0.000000         -2808.084577             0.000000 
       12.607300     83543.1518528507   02        10.326328         0.000000        11.666798         0.000000    03             0.000000         -2808.084577             0.000000 
       12.607300     83543.1518528507   02        10.326328         0.000000        11.666798         0.000000    03             0.000000         -2808.084577             0.000000 
       12.607300     83543.1518528507   02        10.326328         0.000000        11.666798         0.000000    03             0.000000         -2808.084577             0.000000 
       12.607300     83543.1518528507   02        10.326328         0.000000        11.666798         0.000000    03             0.000000         -2808.084577             0.000000 
       12.607300     83543.1518528507   02        10.326328         0.000000        11.666798         0.000000    03             0.000000         -2808.084577             0.000000 
       12.607300     83543.1518528507   02        10.326328         0.000000        11.666798         0.000000    03             0.000000         -2808.084577             0.000000 
       12.607300     83543.1518528507   02        10.326328         0.000000        11.666798         0.000000    03             0.000000         -2808.084577             0.000000 
       12.607300     83543.1518528507   02        10.326328         0.000000        11.666798         0.000000    03             0.000000         -2808.084577             0.000000 
       12.607300     83543.1518528507   02        10.326328         0.000000        11.666798         0.000000    03             0.000000         -2808.084577             0.000000 
       12.607300     83543.1518528507   02        10.326328         0.000000        11.666798         0.000000    03             0.000000         -2808.084577             0.000000 
       12.607300     83543.1518528507   02        10.326328         0.000000        11.666798         0.000000    03             0.000000         -2808.084577             0.000000 
       12.607300     83543.1518528507   02        10.326328         0.000000        11.666798         0.000000    03             0.000000         -2808.084577             0.000000 
       12.607300     83543.1518528507   02        10.326328         0.000000        11.666798         0.000000    03             0.000000         -2808.084577             0.000000 
       12.607300     83543.1518528507   02        10.326328         0.000000        11.666798         0.000000    03             0.000000         -2808.084577             0.000000 
       12.607300     83543.1518528507   02        10.326328         0.000000        11.666798         0.000000    03             0.000000         -2808.084577             0.000000 
       12.607300     83543.1518528507   02        10.326328         0.000000        11.666798         0.000000    03             0.000000         -2808.084577             0.000000 
       12.607300     83469.9227520060   02        10.360680         0.000000        11.663566         0.000000    03             0.000000         -2808.136587             0.000000 
       12.607300     83543.1518528507   02        10.326328         0.000000        11.666798         0.000000    03             0.000000         -2808.084577             0.000000 
       12.607300     83543.1518528507   02        10.326328         0.000000        11.666798         0.000000    03             0.000000         -2808.084577             0.000000 
       12.607300     83543.1518528507   02        10.326328         0.000000        11.666798         0.000000    03             0.000000         -2808.084577             0.000000 
       12.607300     83543.1518528507   02        10.326328         0.000000        11.666798         0.000000    03             0.000000         -2808.084577             0.000000 
       12.607300     83543.1518528507   02        10.326328         0.000000        11.666798         0.000000    03             0.000000         -2808.084577             0.000000 
       12.607300     83543.1518528507   02        10.326328         0.000000        11.666798         0.000000    03             0.000000         -2808.084577             0.000000 
       12.607300     83543.1518528507   02        10.326328         0.000000        11.666798         0.000000    03             0.000000         -2808.084577             0.000000 
       12.607300     83543.1518528507   02        10.326328         0.000000        11.666798         0.000000    03             0.000000         -2808.084577             0.000000 
       12.607300     83543.1518528507   02        10.326328         0.000000        11.666798         0.000000    03             0.000000         -2808.084577             0.000000 
       12.607300     83543.1518528507   02        10.326328         0.000000        11.666798         0.000000    03             0.000000         -2808.084577             0.000000 
       12.607300     83543.1518528507   02        10.326328         0.000000        11.666798         0.000000    03             0.000000         -2808.084577             0.000000 
       12.607300     83543.1518528507   02        10.326328         0.000000        11.666798         0.000000    03             0.000000         -2808.084577             0.000000 
       12.607300     83543.1518528507   02        10.326328         0.000000        11.666798         0.000000    03             0.000000         -2808.084577             0.000000 
       12.607300     83543.1518528507   02        10.326328         0.000000        11.666798         0.000000    03             0.000000         -2808.084577             0.000000 
       12.607300     83543.1518528507   02        10.326328         0.000000        11.666798         0.000000    03             0.000000         -2808.084577             0.000000 
       12.607300     83470.4247844863   02        10.483645         0.000000        11.656742         0.000000    03             0.000000         -2809.260918             0.000000 
       12.607300     83524.9333645847   02        10.321727         0.000000        11.659711         0.000000    03             0.000000         -2806.410464             0.000000 
       12.607300     83525.8506175189   02        10.314722         0.000000        11.658600         0.000000    03             0.000000         -2806.009937             0.000000 
       12.607300     83524.9333645847   02        10.321727         0.000000        11.659711         0.000000    03             0.000000         -2806.410464             0.000000 
       12.607300     83524.9333645847   02        10.321727         0.000000        11.659711         0.000000    03             0.000000         -2806.410464             0.000000 
       12.607300     83524.9333645847   02        10.321727         0.000000        11.659711         0.000000    03             0.000000         -2806.410464             0.000000 
       12.607300     83525.8506175189   02        10.314722         0.000000        11.658600         0.000000    03             0.000000         -2806.009937             0.000000 
       12.607300     83525.2624548492   02        10.322000         0.000000        11.659214         0.000000    03             0.000000         -2806.306742             0.000000 
       12.607300     83525.8506175189   02        10.314722         0.000000        11.658600         0.000000    03             0.000000         -2806.009937             0.000000 
       12.607300     83525.8506175189   02        10.314722         0.000000        11.658600         0.000000    03             0.000000         -2806.009937             0.000000 
       12.607300     83524.9333645847   02        10.321727         0.000000        11.659711         0.000000    03             0.000000         -2806.410464             0.000000 
       12.607300     83525.8506175189   02        10.314722         0.000000        11.658600         0.000000    03             0.000000         -2806.009937             0.000000 
       12.607300     83525.8506175189   02        10.314722         0.000000        11.658600         0.000000    03             0.000000         -2806.009937             0.000000 
       12.607300     83525.8506175189   02        10.314722         0.000000        11.658600         0.000000    03             0.000000         -2806.009937             0.000000 
       12.607300     83525.8506175189   02        10.314722         0.000000        11.658600         0.000000    03             0.000000         -2806.009937             0.000000 
       12.607300     83525.8506175189   02        10.314722         0.000000        11.658600         0.000000    03             0.000000         -2806.009937             0.000000 
       12.607300     83525.8506175189   02        10.314722         0.000000        11.658600         0.000000    03             0.000000         -2806.009937             0.000000 
       12.607300     83525.8506175189   02        10.314722         0.000000        11.658600         0.000000    03             0.000000         -2806.009937             0.000000 
       12.607300     83525.8506175189   02        10.314722         0.000000        11.658600         0.000000    03             0.000000         -2806.009937             0.000000 
       12.607300     83525.8506175189   02        10.314722         0.000000        11.658600         0.000000    03             0.000000         -2806.009937             0.000000 
       12.607300     83525.8506175189   02        10.314722         0.000000        11.658600         0.000000    03             0.000000         -2806.009937             0.000000 
       12.607300     83524.9333645847   02        10.321727         0.000000        11.659711         0.000000    03             0.000000         -2806.410464             0.000000 
       12.607300     83525.8506175189   02        10.314722         0.000000        11.658600         0.000000    03             0.000000         -2806.009937             0.000000 
       12.607300     83525.8506175189   02        10.314722         0.000000        11.658600         0.000000    03             0.000000         -2806.009937             0.000000 
       12.607300     83524.9333645847   02        10.321727         0.000000        11.659711         0.000000    03             0.000000         -2806.410464             0.000000 
       12.607300     83524.9333645847   02        10.321727         0.000000        11.659711         0.000000    03             0.000000         -2806.410464             0.000000 
       12.607300     83525.8506175189   02        10.314722         0.000000        11.658600         0.000000    03             0.000000         -2806.009937             0.000000 
       12.607300     83525.8506175189   02        10.314722         0.000000        11.658600         0.000000    03             0.000000         -2806.009937             0.000000 
       12.607300     83525.8506175189   02        10.314722         0.000000        11.658600         0.000000    03             0.000000         -2806.009937             0.000000 
       12.607300     83525.8506175189   02        10.314722         0.000000        11.658600         0.000000    03             0.000000         -2806.009937             0.000000 
       12.607300     83525.8506175189   02        10.314722         0.000000        11.658600         0.000000    03             0.000000         -2806.009937             0.000000 
       12.607300     83525.8506175189   02        10.314722         0.000000        11.658600         0.000000    03             0.000000         -2806.009937             0.000000 
       12.607300     83524.9333645847   02        10.321727         0.000000        11.659711         0.000000    03             0.000000         -2806.410464             0.000000 
       12.607300     83524.9333645847   02        10.321727         0.000000        11.659711         0.000000    03             0.000000         -2806.410464             0.000000 
       12.607300     83525.8506175189   02        10.314722         0.000000        11.658600         0.000000    03             0.000000         -2806.009937             0.000000 
       12.607300     83525.8506175189   02        10.314722         0.000000        11.658600         0.000000    03             0.000000         -2806.009937             0.000000 
       12.607300     83525.8506175189   02        10.314722         0.000000        11.658600         0.000000    03             0.000000         -2806.009937             0.000000 
       12.607300     83469.9227520059   02        10.360680         0.000000        11.663566         0.000000    03             0.000000         -2808.136587             0.000000 
       12.607300     83513.6891889089   02        10.555588         0.000000        11.661826         0.000000    03             0.000000         -2811.801028             0.000000 
       12.607300     83513.8962740063   02        10.555103         0.000000        11.661536         0.000000    03             0.000000         -2811.726335             0.000000 
       12.607300     83513.8962740063   02        10.555103         0.000000        11.661536         0.000000    03             0.000000         -2811.726335             0.000000 
       12.607300     83513.6891889089   02        10.555588         0.000000        11.661826         0.000000    03             0.000000         -2811.801028             0.000000 
       12.607300     83513.8962740063   02        10.555103         0.000000        11.661536         0.000000    03             0.000000         -2811.726335             0.000000 
       12.607300     83513.8962740063   02        10.555103         0.000000        11.661536         0.000000    03             0.000000         -2811.726335             0.000000 
       12.607300     83513.8962740063   02        10.555103         0.000000        11.661536         0.000000    03             0.000000         -2811.726335             0.000000 
       12.607300     83513.8962740063   02        10.555103         0.000000        11.661536         0.000000    03             0.000000         -2811.726335             0.000000 
       12.607300     83513.8962740063   02        10.555103         0.000000        11.661536         0.000000    03             0.000000         -2811.726335             0.000000 
       12.607300     83513.8962740063   02        10.555103         0.000000        11.661536         0.000000    03             0.000000         -2811.726335             0.000000 
       12.607300     83513.8962740063   02        10.555103         0.000000        11.661536         0.000000    03             0.000000         -2811.726335             0.000000 
       12.607300     83513.8962740063   02        10.555103         0.000000        11.661536         0.000000    03             0.000000         -2811.726335             0.000000 
       12.607300     83513.8962740063   02        10.555103         0.000000        11.661536         0.000000    03             0.000000         -2811.726335             0.000000 
       12.607300     83513.8962740063   02        10.555103         0.000000        11.661536         0.000000    03             0.000000         -2811.726335             0.000000 
       12.607300     83513.6891889089   02        10.555588         0.000000        11.661826         0.000000    03             0.000000         -2811.801028             0.000000 
       12.607300     83513.8962740063   02        10.555103         0.000000        11.661536         0.000000    03             0.000000         -2811.726335             0.000000 
       12.607300     83513.8962740063   02        10.555103         0.000000        11.661536         0.000000    03             0.000000         -2811.726335             0.000000 
       12.607300     83513.6891889089   02        10.555588         0.000000        11.661826         0.000000    03             0.000000         -2811.801028             0.000000 
       12.607300     83513.6891889089   02        10.555588         0.000000        11.661826         0.000000    03             0.000000         -2811.801028             0.000000 
       12.607300     83513.8962740063   02        10.555103         0.000000        11.661536         0.000000    03             0.000000         -2811.726335             0.000000 
       12.607300     83469.9227520059   02        10.360680         0.000000        11.663566         0.000000    03             0.000000         -2808.136587             0.000000 
       12.607300     83513.8962740063   02        10.555103         0.000000        11.661536         0.000000    03             0.000000         -2811.726335             0.000000 
       12.607300     83513.8962740063   02        10.555103         0.000000        11.661536         0.000000    03             0.000000         -2811.726335             0.000000 
       12.607300     83513.8962740063   02        10.555103         0.000000        11.661536         0.000000    03             0.000000         -2811.726335             0.000000 
       12.607300     83513.8962740063   02        10.555103         0.000000        11.661536         0.000000    03             0.000000         -2811.726335             0.000000 
       12.607300     83513.6891889089   02        10.555588         0.000000        11.661826         0.000000    03             0.000000         -2811.801028             0.000000 
       12.607300     83513.8962740063   02        10.555103         0.000000        11.661536         0.000000    03             0.000000         -2811.726335             0.000000 
       12.607300     83525.8506175189   02        10.314722         0.000000        11.658600         0.000000    03             0.000000         -2806.009937             0.000000 
       12.607300     83513.6891889089   02        10.555588         0.000000        11.661826         0.000000    03             0.000000         -2811.801028             0.000000 
       12.607300     83513.8962740063   02        10.555103         0.000000        11.661536         0.000000    03             0.000000         -2811.726335             0.000000 
       12.607300     83513.6891889089   02        10.555588         0.000000        11.661826         0.000000    03             0.000000         -2811.801028             0.000000 
       12.607300     83513.6891889089   02        10.555588         0.000000        11.661826         0.000000    03             0.000000         -2811.801028             0.000000 
       12.607300     83513.6891889089   02        10.555588         0.000000        11.661826         0.000000    03             0.000000         -2811.801028             0.000000 
       12.607300     83513.8962740063   02        10.555103         0.000000        11.661536         0.000000    03             0.000000         -2811.726335             0.000000 
       12.607300     83513.6891889090   02        10.555588         0.000000        11.661826         0.000000    03             0.000000         -2811.801028             0.000000 
       12.607300     83513.8962740063   02        10.555103         0.000000        11.661536         0.000000    03             0.000000         -2811.726335             0.000000 
       12.607300     83502.3704391188   02        10.115009         0.000000        11.664770         0.000000    03             0.000000         -2803.146803             0.000000 
       12.607300     83502.3704391188   02        10.115009         0.000000        11.664770         0.000000    03             0.000000         -2803.146803             0.000000 
       12.607300     83493.3133127678   02        10.615781         0.000000        11.655328         0.000000    03             0.000000         -2812.245389             0.000000 
       12.607300     83502.3704391188   02        10.115009         0.000000        11.664770         0.000000    03             0.000000         -2803.146803             0.000000 
       12.607300     83502.3704391188   02        10.115009         0.000000        11.664770         0.000000    03             0.000000         -2803.146803             0.000000 
       12.607300     83502.3704391188   02        10.115009         0.000000        11.664770         0.000000    03             0.000000         -2803.146803             0.000000 
       12.607300     83502.3704391188   02        10.115009         0.000000        11.664770         0.000000    03             0.000000         -2803.146803             0.000000 
       12.607300     83502.3704391188   02        10.115009         0.000000        11.664770         0.000000    03             0.000000         -2803.146803             0.000000 
       12.607300     83513.8962740063   02        10.555103         0.000000        11.661536         0.000000    03             0.000000         -2811.726335             0.000000 
       12.607300     83502.3704391188   02        10.115009         0.000000        11.664770         0.000000    03             0.000000         -2803.146803             0.000000 
       12.607300     83502.3704391188   02        10.115009         0.000000        11.664770         0.000000    03             0.000000         -2803.146803             0.000000 
       12.607300     83470.4247844864   02        10.483645         0.000000        11.656742         0.000000    03             0.000000         -2809.260918             0.000000 
       12.607300     83502.3704391187   02        10.115009         0.000000        11.664770         0.000000    03             0.000000         -2803.146803             0.000000 
       12.607300     83502.3704391187   02        10.115009         0.000000        11.664770         0.000000    03             0.000000         -2803.146803             0.000000 
       12.607300     83502.3704391188   02        10.115009         0.000000        11.664770         0.000000    03             0.000000         -2803.146803             0.000000 
       12.607300     83502.3704391188   02        10.115009         0.000000        11.664770         0.000000    03             0.000000         -2803.146803             0.000000 
       12.607300     83502.3704391188   02        10.115009         0.000000        11.664770         0.000000    03             0.000000         -2803.146803             0.000000 
       12.607300     83502.3704391187   02        10.115009         0.000000        11.664770         0.000000    03             0.000000         -2803.146803             0.000000 
       12.607300     83513.8962740063   02        10.555103         0.000000        11.661536         0.000000    03             0.000000         -2811.726335             0.000000 
       12.607300     83502.3704391187   02        10.115009         0.000000        11.664770         0.000000    03             0.000000         -2803.146803             0.000000 
       12.607300     83502.3704391187   02        10.115009         0.000000        11.664770         0.000000    03             0.000000         -2803.146803             0.000000 
       12.607300     83502.3704391187   02        10.115009         0.000000        11.664770         0.000000    03             0.000000         -2803.146803             0.000000 
       12.607300     83502.3704391188   02        10.115009         0.000000        11.664770         0.000000    03             0.000000         -2803.146803             0.000000 
       12.607300     83502.3704391188   02        10.115009         0.000000        11.664770         0.000000    03             0.000000         -2803.146803             0.000000 
       12.607300     83469.9227520060   02        10.360680         0.000000        11.663566         0.000000    03             0.000000         -2808.136587             0.000000 
       12.607300     83513.8962740063   02        10.555103         0.000000        11.661536         0.000000    03             0.000000         -2811.726335             0.000000 
       12.607300     83502.3704391188   02        10.115009         0.000000        11.664770         0.000000    03             0.000000         -2803.146803             0.000000 
       12.607300     83502.3704391188   02        10.115009         0.000000        11.664770         0.000000    03             0.000000         -2803.146803             0.000000 
       12.607300     83502.3704391188   02        10.115009         0.000000        11.664770         0.000000    03             0.000000         -2803.146803             0.000000 
       12.607300     83502.3704391188   02        10.115009         0.000000        11.664770         0.000000    03             0.000000         -2803.146803             0.000000 
       12.607300     83502.3704391188   02        10.115009         0.000000        11.664770         0.000000    03             0.000000         -2803.146803             0.000000 
       12.607300     83502.3704391187   02        10.115009         0.000000        11.664770         0.000000    03             0.000000         -2803.146803             0.000000 
       12.607300     83502.3704391188   02        10.115009         0.000000        11.664770         0.000000    03             0.000000         -2803.146803             0.000000 
       12.607300     83502.3704391188   02        10.115009         0.000000        11.664770         0.000000    03             0.000000         -2803.146803             0.000000 
       12.607300     83502.3704391187   02        10.115009         0.000000        11.664770         0.000000    03             0.000000         -2803.146803             0.000000 
       12.607300     83502.3704391187   02        10.115009         0.000000        11.664770         0.000000    03             0.000000         -2803.146803             0.000000 
       12.607300     83502.3704391187   02        10.115009         0.000000        11.664770         0.000000    03             0.000000         -2803.146803             0.000000 
       12.607300     83470.4247844863   02        10.483645         0.000000        11.656742         0.000000    03             0.000000         -2809.260918             0.000000 
       12.607300     83492.5154622820   02        10.627019         0.000000        11.656120         0.000000    03             0.000000         -2812.681178             0.000000 
       12.607300     83492.4829844289   02        10.627477         0.000000        11.656153         0.000000    03             0.000000         -2812.698948             0.000000 
       12.607300     83492.5154622820   02        10.627019         0.000000        11.656120         0.000000    03             0.000000         -2812.681178             0.000000 
       12.607300     83492.5154622820   02        10.627019         0.000000        11.656120         0.000000    03             0.000000         -2812.681178             0.000000 
       12.607300     83502.3704391187   02        10.115009         0.000000        11.664770         0.000000    03             0.000000         -2803.146803             0.000000 
       12.607300     83492.5154622820   02        10.627019         0.000000        11.656120         0.000000    03             0.000000         -2812.681178             0.000000 
       12.607300     83492.5154622820   02        10.627019         0.000000        11.656120         0.000000    03             0.000000         -2812.681178             0.000000 
       12.607300     83492.5154622820   02        10.627019         0.000000        11.656120         0.000000    03             0.000000         -2812.681178             0.000000 
       12.607300     83492.4829844289   02        10.627477         0.000000        11.656153         0.000000    03             0.000000         -2812.698948             0.000000 
       12.607300     83492.5154622820   02        10.627019         0.000000        11.656120         0.000000    03             0.000000         -2812.681178             0.000000 
       12.607300     83492.5154622820   02        10.627019         0.000000        11.656120         0.000000    03             0.000000         -2812.681178             0.000000 
       12.607300     83502.3704391187   02        10.115009         0.000000        11.664770         0.000000    03             0.000000         -2803.146803             0.000000 
       12.607300     83493.3133127679   02        10.615781         0.000000        11.655328         0.000000    03             0.000000         -2812.245389             0.000000 
       12.607300     83492.5154622820   02        10.627019         0.000000        11.656120         0.000000    03             0.000000         -2812.681178             0.000000 
       12.607300     83492.5154622820   02        10.627019         0.000000        11.656120         0.000000    03             0.000000         -2812.681178             0.000000 
       12.607300     83492.5154622820   02        10.627019         0.000000        11.656120         0.000000    03             0.000000         -2812.681178             0.000000 
       12.607300     83493.3133127679   02        10.615781         0.000000        11.655328         0.000000    03             0.000000         -2812.245389             0.000000 
       12.607300     83502.3704391187   02        10.115009         0.000000        11.664770         0.000000    03             0.000000         -2803.146803             0.000000 
       12.607300     83492.5154622820   02        10.627019         0.000000        11.656120         0.000000    03             0.000000         -2812.681178             0.000000 
       12.607300     83502.3704391187   02        10.115009         0.000000        11.664770         0.000000    03             0.000000         -2803.146803             0.000000 
       12.607300     83502.3704391187   02        10.115009         0.000000        11.664770         0.000000    03             0.000000         -2803.146803             0.000000 
       12.607300     83492.5154622820   02        10.627019         0.000000        11.656120         0.000000    03             0.000000         -2812.681178             0.000000 
       12.607300     83492.5154622820   02        10.627019         0.000000        11.656120         0.000000    03             0.000000         -2812.681178             0.000000 
       12.607300     83492.4829844289   02        10.627477         0.000000        11.656153         0.000000    03             0.000000         -2812.698948             0.000000 
       12.607300     83493.3133127678   02        10.615781         0.000000        11.655328         0.000000    03             0.000000         -2812.245389             0.000000 
       12.607300     83493.3133127679   02        10.615781         0.000000        11.655328         0.000000    03             0.000000         -2812.245389             0.000000 
       12.607300     83492.5154622820   02        10.627019         0.000000        11.656120         0.000000    03             0.000000         -2812.681178             0.000000 
       12.607300     83493.3133127679   02        10.615781         0.000000        11.655328         0.000000    03             0.000000         -2812.245389             0.000000 
       12.607300     83493.3133127679   02        10.615781         0.000000        11.655328         0.000000    03             0.000000         -2812.245389             0.000000 
       12.607300     83492.5154622820   02        10.627019         0.000000        11.656120         0.000000    03             0.000000         -2812.681178             0.000000 
       12.607300     83492.5154622820   02        10.627019         0.000000        11.656120         0.000000    03             0.000000         -2812.681178             0.000000 
       12.607300     83492.5154622820   02        10.627019         0.000000        11.656120         0.000000    03             0.000000         -2812.681178             0.000000 
       12.607300     83492.5154622820   02        10.627019         0.000000        11.656120         0.000000    03             0.000000         -2812.681178             0.000000 
       12.607300     83502.3704391187   02        10.115009         0.000000        11.664770         0.000000    03             0.000000         -2803.146803             0.000000 
       12.607300     83492.5154622820   02        10.627019         0.000000        11.656120         0.000000    03             0.000000         -2812.681178             0.000000 
       12.607300     83492.5154622820   02        10.627019         0.000000        11.656120         0.000000    03             0.000000         -2812.681178             0.000000 
       12.607300     83467.8813258614   02        10.341473         0.000000        11.661778         0.000000    03             0.000000         -2807.344720             0.000000 
       12.607300     83481.1703218688   02        10.408424         0.000000        11.668010         0.000000    03             0.000000         -2810.095367             0.000000 
       12.607300     83481.1703218688   02        10.408424         0.000000        11.668010         0.000000    03             0.000000         -2810.095367             0.000000 
       12.607300     83481.1703218688   02        10.408424         0.000000        11.668010         0.000000    03             0.000000         -2810.095367             0.000000 
       12.607300     83481.1703218688   02        10.408424         0.000000        11.668010         0.000000    03             0.000000         -2810.095367             0.000000 
       12.607300     83481.1703218688   02        10.408424         0.000000        11.668010         0.000000    03             0.000000         -2810.095367             0.000000 
       12.607300     83481.1703218688   02        10.408424         0.000000        11.668010         0.000000    03             0.000000         -2810.095367             0.000000 
       12.607300     83492.4829844289   02        10.627477         0.000000        11.656153         0.000000    03             0.000000         -2812.698948             0.000000 
       12.607300     83481.1703218688   02        10.408424         0.000000        11.668010         0.000000    03             0.000000         -2810.095367             0.000000 
       12.607300     83481.1703218688   02        10.408424         0.000000        11.668010         0.000000    03             0.000000         -2810.095367             0.000000 
       12.607300     83481.1703218688   02        10.408424         0.000000        11.668010         0.000000    03             0.000000         -2810.095367             0.000000 
       12.607300     83481.1703218688   02        10.408424         0.000000        11.668010         0.000000    03             0.000000         -2810.095367             0.000000 
       12.607300     83492.5154622820   02        10.627019         0.000000        11.656120         0.000000    03             0.000000         -2812.681178             0.000000 
       12.607300     83492.5154622820   02        10.627019         0.000000        11.656120         0.000000    03             0.000000         -2812.681178             0.000000 
       12.607300     83492.5154622820   02        10.627019         0.000000        11.656120         0.000000    03             0.000000         -2812.681178             0.000000 
       12.607300     83492.5154622820   02        10.627019         0.000000        11.656120         0.000000    03             0.000000         -2812.681178             0.000000 
       12.607300     83481.1703218688   02        10.408424         0.000000        11.668010         0.000000    03             0.000000         -2810.095367             0.000000 
       12.607300     83481.1703218688   02        10.408424         0.000000        11.668010         0.000000    03             0.000000         -2810.095367             0.000000 
       12.607300     83481.1703218688   02        10.408424         0.000000        11.668010         0.000000    03             0.000000         -2810.095367             0.000000 
       12.607300     83481.1703218688   02        10.408424         0.000000        11.668010         0.000000    03             0.000000         -2810.095367             0.000000 
       12.607300     83481.1703218688   02        10.408424         0.000000        11.668010         0.000000    03             0.000000         -2810.095367             0.000000 
       12.607300     83481.1703218688   02        10.408424         0.000000        11.668010         0.000000    03             0.000000         -2810.095367             0.000000 
       12.607300     83481.1703218688   02        10.408424         0.000000        11.668010         0.000000    03             0.000000         -2810.095367             0.000000 
       12.607300     83481.1703218688   02        10.408424         0.000000        11.668010         0.000000    03             0.000000         -2810.095367             0.000000 
       12.607300     83481.1703218688   02        10.408424         0.000000        11.668010         0.000000    03             0.000000         -2810.095367             0.000000 
       12.607300     83481.1703218688   02        10.408424         0.000000        11.668010         0.000000    03             0.000000         -2810.095367             0.000000 
       12.607300     83481.1703218688   02        10.408424         0.000000        11.668010         0.000000    03             0.000000         -2810.095367             0.000000 
       12.607300     83481.1703218688   02        10.408424         0.000000        11.668010         0.000000    03             0.000000         -2810.095367             0.000000 
       12.607300     83481.1703218688   02        10.408424         0.000000        11.668010         0.000000    03             0.000000         -2810.095367             0.000000 
       12.607300     83481.1703218688   02        10.408424         0.000000        11.668010         0.000000    03             0.000000         -2810.095367             0.000000 
       12.607300     83481.1703218688   02        10.408424         0.000000        11.668010         0.000000    03             0.000000         -2810.095367             0.000000 
       12.607300     83493.3133127679   02        10.615781         0.000000        11.655328         0.000000    03             0.000000         -2812.245389             0.000000 
       12.607300     83481.1703218688   02        10.408424         0.000000        11.668010         0.000000    03             0.000000         -2810.095367             0.000000 
       12.607300     83481.1703218688   02        10.408424         0.000000        11.668010         0.000000    03             0.000000         -2810.095367             0.000000 
       12.607300     83481.1703218688   02        10.408424         0.000000        11.668010         0.000000    03             0.000000         -2810.095367             0.000000 
       12.607300     83481.1703218688   02        10.408424         0.000000        11.668010         0.000000    03             0.000000         -2810.095367             0.000000 
       12.607300     83481.1703218688   02        10.408424         0.000000        11.668010         0.000000    03             0.000000         -2810.095367             0.000000 
       12.607300     83469.9227520059   02        10.360680         0.000000        11.663566         0.000000    03             0.000000         -2808.136587             0.000000 
       12.607300     83469.9227520060   02        10.360680         0.000000        11.663566         0.000000    03             0.000000         -2808.136587             0.000000 
       12.607300     83471.7556941678   02        10.432624         0.000000        11.667960         0.000000    03             0.000000         -2810.687091             0.000000 
       12.607300     83471.7556941678   02        10.432624         0.000000        11.667960         0.000000    03             0.000000         -2810.687091             0.000000 
       12.607300     83471.7556941678   02        10.432624         0.000000        11.667960         0.000000    03             0.000000         -2810.687091             0.000000 
       12.607300     83471.7556941678   02        10.432624         0.000000        11.667960         0.000000    03             0.000000         -2810.687091             0.000000 
       12.607300     83471.7556941678   02        10.432624         0.000000        11.667960         0.000000    03             0.000000         -2810.687091             0.000000 
       12.607300     83469.9227520059   02        10.360680         0.000000        11.663566         0.000000    03             0.000000         -2808.136587             0.000000 
       12.607300     83469.9227520059   02        10.360680         0.000000        11.663566         0.000000    03             0.000000         -2808.136587             0.000000 
       12.607300     83481.1703218688   02        10.408424         0.000000        11.668010         0.000000    03             0.000000         -2810.095367             0.000000 
       12.607300     83481.1703218688   02        10.408424         0.000000        11.668010         0.000000    03             0.000000         -2810.095367             0.000000 
       12.607300     83481.1703218688   02        10.408424         0.000000        11.668010         0.000000    03             0.000000         -2810.095367             0.000000 
       12.607300     83481.1703218688   02        10.408424         0.000000        11.668010         0.000000    03             0.000000         -2810.095367             0.000000 
       12.607300     83471.7556941678   02        10.432624         0.000000        11.667960         0.000000    03             0.000000         -2810.687091             0.000000 
       12.607300     83471.7556941678   02        10.432624         0.000000        11.667960         0.000000    03             0.000000         -2810.687091             0.000000 
       12.607300     83471.7556941678   02        10.432624         0.000000        11.667960         0.000000    03             0.000000         -2810.687091             0.000000 
       12.607300     83471.7556941678   02        10.432624         0.000000        11.667960         0.000000    03             0.000000         -2810.687091             0.000000 
       12.607300     83471.7556941678   02        10.432624         0.000000        11.667960         0.000000    03             0.000000         -2810.687091             0.000000 
       12.607300     83471.7556941678   02        10.432624         0.000000        11.667960         0.000000    03             0.000000         -2810.687091             0.000000 
       12.607300     83471.7556941678   02        10.432624         0.000000        11.667960         0.000000    03             0.000000         -2810.687091             0.000000 
       12.607300     83471.7556941678   02        10.432624         0.000000        11.667960         0.000000    03             0.000000         -2810.687091             0.000000 
       12.607300     83471.7556941678   02        10.432624         0.000000        11.667960         0.000000    03             0.000000         -2810.687091             0.000000 
       12.607300     83471.7556941678   02        10.432624         0.000000        11.667960         0.000000    03             0.000000         -2810.687091             0.000000 
       12.607300     83471.7556941678   02        10.432624         0.000000        11.667960         0.000000    03             0.000000         -2810.687091             0.000000 
       12.607300     83469.9227520059   02        10.360680         0.000000        11.663566         0.000000    03             0.000000         -2808.136587             0.000000 
       12.607300     83471.7556941678   02        10.432624         0.000000        11.667960         0.000000    03             0.000000         -2810.687091             0.000000 
       12.607300     83481.1703218688   02        10.408424         0.000000        11.668010         0.000000    03             0.000000         -2810.095367             0.000000 
       12.607300     83481.1703218688   02        10.408424         0.000000        11.668010         0.000000    03             0.000000         -2810.095367             0.000000 
       12.607300     83471.7556941678   02        10.432624         0.000000        11.667960         0.000000    03             0.000000         -2810.687091             0.000000 
       12.607300     83471.7556941678   02        10.432624         0.000000        11.667960         0.000000    03             0.000000         -2810.687091             0.000000 
       12.607300     83471.7556941678   02        10.432624         0.000000        11.667960         0.000000    03             0.000000         -2810.687091             0.000000 
       12.607300     83471.7556941678   02        10.432624         0.000000        11.667960         0.000000    03             0.000000         -2810.687091             0.000000 
       12.607300     83471.7556941678   02        10.432624         0.000000        11.667960         0.000000    03             0.000000         -2810.687091             0.000000 
       12.607300     83471.7556941678   02        10.432624         0.000000        11.667960         0.000000    03             0.000000         -2810.687091             0.000000 
       12.607300     83481.1703218688   02        10.408424         0.000000        11.668010         0.000000    03             0.000000         -2810.095367             0.000000 
       12.607300     83471.7556941678   02        10.432624         0.000000        11.667960         0.000000    03             0.000000         -2810.687091             0.000000 
       12.607300     83471.7556941678   02        10.432624         0.000000        11.667960         0.000000    03             0.000000         -2810.687091             0.000000 
       12.607300     83471.3297642631   02        10.454410         0.000000        11.665606         0.000000    03             0.000000         -2810.600963             0.000000 
       12.607300     83470.4247844864   02        10.483645         0.000000        11.656742         0.000000    03             0.000000         -2809.260918             0.000000 
       12.607300     83471.7556941678   02        10.432624         0.000000        11.667960         0.000000    03             0.000000         -2810.687091             0.000000 
       12.607300     83471.7556941678   02        10.432624         0.000000        11.667960         0.000000    03             0.000000         -2810.687091             0.000000 
       12.607300     83471.7556941678   02        10.432624         0.000000        11.667960         0.000000    03             0.000000         -2810.687091             0.000000 
       12.607300     83471.7556941678   02        10.432624         0.000000        11.667960         0.000000    03             0.000000         -2810.687091             0.000000 
       12.607300     83471.7556941678   02        10.432624         0.000000        11.667960         0.000000    03             0.000000         -2810.687091             0.000000 
       12.607300     83471.3297642631   02        10.454410         0.000000        11.665606         0.000000    03             0.000000         -2810.600963             0.000000 
       12.607300     83471.3297642631   02        10.454410         0.000000        11.665606         0.000000    03             0.000000         -2810.600963             0.000000 
       12.607300     83471.3297642632   02        10.454410         0.000000        11.665606         0.000000    03             0.000000         -2810.600963             0.000000 
       12.607300     83471.3297642631   02        10.454410         0.000000        11.665606         0.000000    03             0.000000         -2810.600963             0.000000 
       12.607300     83471.3297642632   02        10.454410         0.000000        11.665606         0.000000    03             0.000000         -2810.600963             0.000000 
       12.607300     83471.7556941678   02        10.432624         0.000000        11.667960         0.000000    03             0.000000         -2810.687091             0.000000 
       12.607300     83471.7556941678   02        10.432624         0.000000        11.667960         0.000000    03             0.000000         -2810.687091             0.000000 
       12.607300     83471.3297642631   02        10.454410         0.000000        11.665606         0.000000    03             0.000000         -2810.600963             0.000000 
       12.607300     83471.3297642631   02        10.454410         0.000000        11.665606         0.000000    03             0.000000         -2810.600963             0.000000 
       12.607300     83471.3297642631   02        10.454410         0.000000        11.665606         0.000000    03             0.000000         -2810.600963             0.000000 
       12.607300     83471.3297642631   02        10.454410         0.000000        11.665606         0.000000    03             0.000000         -2810.600963             0.000000 
       12.607300     83471.7556941678   02        10.432624         0.000000        11.667960         0.000000    03             0.000000         -2810.687091             0.000000 
       12.607300     83471.3297642632   02        10.454410         0.000000        11.665606         0.000000    03             0.000000         -2810.600963             0.000000 
       12.607300     83471.7556941678   02        10.432624         0.000000        11.667960         0.000000    03             0.000000         -2810.687091             0.000000 
       12.607300     83471.7556941678   02        10.432624         0.000000        11.667960         0.000000    03             0.000000         -2810.687091             0.000000 
       12.607300     83471.3297642631   02        10.454410         0.000000        11.665606         0.000000    03             0.000000         -2810.600963             0.000000 
       12.607300     83471.3297642631   02        10.454410         0.000000        11.665606         0.000000    03             0.000000         -2810.600963             0.000000 
       12.607300     83469.9227520059   02        10.360680         0.000000        11.663566         0.000000    03             0.000000         -2808.136587             0.000000 
       12.607300     83471.3297642631   02        10.454410         0.000000        11.665606         0.000000    03             0.000000         -2810.600963             0.000000 
       12.607300     83471.3297642631   02        10.454410         0.000000        11.665606         0.000000    03             0.000000         -2810.600963             0.000000 
       12.607300     83471.3297642632   02        10.454410         0.000000        11.665606         0.000000    03             0.000000         -2810.600963             0.000000 
       12.607300     83471.7556941678   02        10.432624         0.000000        11.667960         0.000000    03             0.000000         -2810.687091             0.000000 
       12.607300     83471.3297642631   02        10.454410         0.000000        11.665606         0.000000    03             0.000000         -2810.600963             0.000000 
       12.607300     83471.3297642631   02        10.454410         0.000000        11.665606         0.000000    03             0.000000         -2810.600963             0.000000 
       12.607300     83471.3297642631   02        10.454410         0.000000        11.665606         0.000000    03             0.000000         -2810.600963             0.000000 
       12.607300     83471.3297642632   02        10.454410         0.000000        11.665606         0.000000    03             0.000000         -2810.600963             0.000000 
       12.607300     83471.3297642631   02        10.454410         0.000000        11.665606         0.000000    03             0.000000         -2810.600963             0.000000 
       12.607300     83471.3297642632   02        10.454410         0.000000        11.665606         0.000000    03             0.000000         -2810.600963             0.000000 
       12.607300     83471.3297642631   02        10.454410         0.000000        11.665606         0.000000    03             0.000000         -2810.600963             0.000000 
       12.607300     83471.7556941678   02        10.432624         0.000000        11.667960         0.000000    03             0.000000         -2810.687091             0.000000 
       12.607300     83470.4247844864   02        10.483645         0.000000        11.656742         0.000000    03             0.000000         -2809.260918             0.000000 
       12.607300     83471.3297642631   02        10.454410         0.000000        11.665606         0.000000    03             0.000000         -2810.600963             0.000000 
       12.607300     83469.9227520059   02        10.360680         0.000000        11.663566         0.000000    03             0.000000         -2808.136587             0.000000 
       12.607300     83469.9227520059   02        10.360680         0.000000        11.663566         0.000000    03             0.000000         -2808.136587             0.000000 
       12.607300     83469.9227520060   02        10.360680         0.000000        11.663566         0.000000    03             0.000000         -2808.136587             0.000000 
       12.607300     83469.9227520059   02        10.360680         0.000000        11.663566         0.000000    03             0.000000         -2808.136587             0.000000 
       12.607300     83469.9227520060   02        10.360680         0.000000        11.663566         0.000000    03             0.000000         -2808.136587             0.000000 
       12.607300     83471.3297642631   02        10.454410         0.000000        11.665606         0.000000    03             0.000000         -2810.600963             0.000000 
       12.607300     83471.3297642632   02        10.454410         0.000000        11.665606         0.000000    03             0.000000         -2810.600963             0.000000 
       12.607300     83469.9227520059   02        10.360680         0.000000        11.663566         0.000000    03             0.000000         -2808.136587             0.000000 
       12.607300     83469.9227520059   02        10.360680         0.000000        11.663566         0.000000    03             0.000000         -2808.136587             0.000000 
       12.607300     83469.9227520059   02        10.360680         0.000000        11.663566         0.000000    03             0.000000         -2808.136587             0.000000 
       12.607300     83469.9227520059   02        10.360680         0.000000        11.663566         0.000000    03             0.000000         -2808.136587             0.000000 
       12.607300     83471.3297642631   02        10.454410         0.000000        11.665606         0.000000    03             0.000000         -2810.600963             0.000000 
       12.607300     83471.3297642631   02        10.454410         0.000000        11.665606         0.000000    03             0.000000         -2810.600963             0.000000 
       12.607300     83471.3297642632   02        10.454410         0.000000        11.665606         0.000000    03             0.000000         -2810.600963             0.000000 
       12.607300     83471.3297642631   02        10.454410         0.000000        11.665606         0.000000    03             0.000000         -2810.600963             0.000000 
       12.607300     83469.9227520059   02        10.360680         0.000000        11.663566         0.000000    03             0.000000         -2808.136587             0.000000 
       12.607300     83469.9227520059   02        10.360680         0.000000        11.663566         0.000000    03             0.000000         -2808.136587             0.000000 
       12.607300     83471.3297642631   02        10.454410         0.000000        11.665606         0.000000    03             0.000000         -2810.600963             0.000000 
       12.607300     83469.9227520060   02        10.360680         0.000000        11.663566         0.000000    03             0.000000         -2808.136587             0.000000 
       12.607300     83469.9227520059   02        10.360680         0.000000        11.663566         0.000000    03             0.000000         -2808.136587             0.000000 
       12.607300     83471.3297642631   02        10.454410         0.000000        11.665606         0.000000    03             0.000000         -2810.600963             0.000000 
       12.607300     83471.3297642631   02        10.454410         0.000000        11.665606         0.000000    03             0.000000         -2810.600963             0.000000 
       12.607300     83469.9227520059   02        10.360680         0.000000        11.663566         0.000000    03             0.000000         -2808.136587             0.000000 
       12.607300     83469.9227520059   02        10.360680         0.000000        11.663566         0.000000    03             0.000000         -2808.136587             0.000000 
       12.607300     83469.9227520059   02        10.360680         0.000000        11.663566         0.000000    03             0.000000         -2808.136587             0.000000 
       12.607300     83469.9227520059   02        10.360680         0.000000        11.663566         0.000000    03             0.000000         -2808.136587             0.000000 
       12.607300     83469.9227520060   02        10.360680         0.000000        11.663566         0.000000    03             0.000000         -2808.136587             0.000000 
       12.607300     83471.3297642632   02        10.454410         0.000000        11.665606         0.000000    03             0.000000         -2810.600963             0.000000 
       12.607300     83471.3297642632   02        10.454410         0.000000        11.665606         0.000000    03             0.000000         -2810.600963             0.000000 
       12.607300     83471.3297642631   02        10.454410         0.000000        11.665606         0.000000    03             0.000000         -2810.600963             0.000000 
       12.607300     83471.3297642631   02        10.454410         0.000000        11.665606         0.000000    03             0.000000         -2810.600963             0.000000 
       12.607300     83469.9227520059   02        10.360680         0.000000        11.663566         0.000000    03             0.000000         -2808.136587             0.000000 
       12.607300     83469.9227520059   02        10.360680         0.000000        11.663566         0.000000    03             0.000000         -2808.136587             0.000000 
       12.607300     83469.9227520059   02        10.360680         0.000000        11.663566         0.000000    03             0.000000         -2808.136587             0.000000 
       12.607300     83469.9227520060   02        10.360680         0.000000        11.663566         0.000000    03             0.000000         -2808.136587             0.000000 
       12.607300     83470.4247844864   02        10.483645         0.000000        11.656742         0.000000    03             0.000000         -2809.260918             0.000000 
       12.607300     83467.8813258614   02        10.341473         0.000000        11.661778         0.000000    03             0.000000         -2807.344720             0.000000 
       12.607300     83467.8813258614   02        10.341473         0.000000        11.661778         0.000000    03             0.000000         -2807.344720             0.000000 
       12.607300     83598.4869984203   02        10.203845         0.000000        11.666016         0.000000    03             0.000000         -2805.219358             0.000000 
       12.607300     83469.9227520060   02        10.360680         0.000000        11.663566         0.000000    03             0.000000         -2808.136587             0.000000 
       12.607300     83469.9227520059   02        10.360680         0.000000        11.663566         0.000000    03             0.000000         -2808.136587             0.000000 
       12.607300     83371.0527181580   02        10.925571         0.000000        12.590959         0.000000    03             0.000000         -2868.016324             0.000000 
       12.607300     84380.4857026560   02         8.424106         0.000000        11.048567         0.000000    03             0.000000         -2658.793551             0.000000 
       12.607300     83399.9834704798   02        10.608377         0.000000        11.763852         0.000000    03             0.000000         -2836.213422             0.000000 
       12.607300     83707.0090134168   02         9.905320         0.000000        11.393411         0.000000    03             0.000000         -2738.347421             0.000000 
       12.607300     83430.8411985474   02        10.454614         0.000000        11.715696         0.000000    03             0.000000         -2821.937236             0.000000 
       12.607300     83570.4877908603   02        10.124887         0.000000        11.534285         0.000000    03             0.000000         -2774.304144             0.000000 
       12.607300     83452.0279929102   02        10.378271         0.000000        11.684518         0.000000    03             0.000000         -2813.205471             0.000000 
       12.607300     83507.9819742122   02        10.241833         0.000000        11.608773         0.000000    03             0.000000         -2793.366076             0.000000 
       19.959350     83508.3386127409   02        10.358293         0.000000        11.673820         0.000000    03             0.000000         -2810.371773             0.000000 
       19.959350     83509.4788790059   02        10.496920         0.000000        11.671144         0.000000    03             0.000000         -2812.717557             0.000000 
       19.959350     83509.4788790059   02        10.496920         0.000000        11.671144         0.000000    03             0.000000         -2812.717557             0.000000 
       19.959350     83509.4788790059   02        10.496920         0.000000        11.671144         0.000000    03             0.000000         -2812.717557             0.000000 
       19.959350     83509.4788790060   02        10.496920         0.000000        11.671144         0.000000    03             0.000000         -2812.717557             0.000000 
       19.959350     83509.9027561286   02        10.377473         0.000000        11.676243         0.000000    03             0.000000         -2811.287808             0.000000 
       19.959350     83509.4788790059   02        10.496920         0.000000        11.671144         0.000000    03             0.000000         -2812.717557             0.000000 
       19.959350     83509.4788790059   02        10.496920         0.000000        11.671144         0.000000    03             0.000000         -2812.717557             0.000000 
       19.959350     83509.4788790059   02        10.496920         0.000000        11.671144         0.000000    03             0.000000         -2812.717557             0.000000 
       19.959350     83509.4788790059   02        10.496920         0.000000        11.671144         0.000000    03             0.000000         -2812.717557             0.000000 
       19.959350     83508.3386127409   02        10.358293         0.000000        11.673820         0.000000    03             0.000000         -2810.371773             0.000000 
       19.959350     83508.3386127409   02        10.358293         0.000000        11.673820         0.000000    03             0.000000         -2810.371773             0.000000 
       19.959350     83509.4788790059   02        10.496920         0.000000        11.671144         0.000000    03             0.000000         -2812.717557             0.000000 
       19.959350     83509.4788790059   02        10.496920         0.000000        11.671144         0.000000    03             0.000000         -2812.717557             0.000000 
       19.959350     83509.4788790059   02        10.496920         0.000000        11.671144         0.000000    03             0.000000         -2812.717557             0.000000 
       19.959350     83508.3386127409   02        10.358293         0.000000        11.673820         0.000000    03             0.000000         -2810.371773             0.000000 
       19.959350     83509.4788790059   02        10.496920         0.000000        11.671144         0.000000    03             0.000000         -2812.717557             0.000000 
       19.959350     83509.4788790059   02        10.496920         0.000000        11.671144         0.000000    03             0.000000         -2812.717557             0.000000 
       19.959350     83508.3386127409   02        10.358293         0.000000        11.673820         0.000000    03             0.000000         -2810.371773             0.000000 
       19.959350     83509.4788790059   02        10.496920         0.000000        11.671144         0.000000    03             0.000000         -2812.717557             0.000000 
       19.959350     83509.4788790060   02        10.496920         0.000000        11.671144         0.000000    03             0.000000         -2812.717557             0.000000 
       19.959350     83509.9027561285   02        10.377473         0.000000        11.676243         0.000000    03             0.000000         -2811.287808             0.000000 
       19.959350     83508.3386127409   02        10.358293         0.000000        11.673820         0.000000    03             0.000000         -2810.371773             0.000000 
       19.959350     83509.4788790059   02        10.496920         0.000000        11.671144         0.000000    03             0.000000         -2812.717557             0.000000 
       19.959350     83509.4788790060   02        10.496920         0.000000        11.671144         0.000000    03             0.000000         -2812.717557             0.000000 
       19.959350     83509.4788790060   02        10.496920         0.000000        11.671144         0.000000    03             0.000000         -2812.717557             0.000000 
       19.959350     83508.3386127409   02        10.358293         0.000000        11.673820         0.000000    03             0.000000         -2810.371773             0.000000 
       19.959350     83509.4788790059   02        10.496920         0.000000        11.671144         0.000000    03             0.000000         -2812.717557             0.000000 
       19.959350     83509.4788790059   02        10.496920         0.000000        11.671144         0.000000    03             0.000000         -2812.717557             0.000000 
       19.959350     83509.4788790059   02        10.496920         0.000000        11.671144         0.000000    03             0.000000         -2812.717557             0.000000 
       19.959350     83509.4788790059   02        10.496920         0.000000        11.671144         0.000000    03             0.000000         -2812.717557             0.000000 
       19.959350     83508.3386127409   02        10.358293         0.000000        11.673820         0.000000    03             0.000000         -2810.371773             0.000000 
       19.959350     83509.4788790060   02        10.496920         0.000000        11.671144         0.000000    03             0.000000         -2812.717557             0.000000 
       19.959350     83509.4788790060   02        10.496920         0.000000        11.671144         0.000000    03             0.000000         -2812.717557             0.000000 
       19.959350     83509.4788790059   02        10.496920         0.000000        11.671144         0.000000    03             0.000000         -2812.717557             0.000000 
       19.959350     83509.4788790059   02        10.496920         0.000000        11.671144         0.000000    03             0.000000         -2812.717557             0.000000 
       19.959350     83509.4788790059   02        10.496920         0.000000        11.671144         0.000000    03             0.000000         -2812.717557             0.000000 
       19.959350     83669.7337116152   02        11.936420         0.000000        11.657159         0.000000    03             0.000000         -2841.267616             0.000000 
       19.959350     83508.3386127409   02        10.358293         0.000000        11.673820         0.000000    03             0.000000         -2810.371773             0.000000 
       19.959350     83508.3386127409   02        10.358293         0.000000        11.673820         0.000000    03             0.000000         -2810.371773             0.000000 
       19.959350     83508.3386127409   02        10.358293         0.000000        11.673820         0.000000    03             0.000000         -2810.371773             0.000000 
       19.959350     83508.3386127409   02        10.358293         0.000000        11.673820         0.000000    03             0.000000         -2810.371773             0.000000 
       19.959350     83509.4788790060   02        10.496920         0.000000        11.671144         0.000000    03             0.000000         -2812.717557             0.000000 
       19.959350     83669.7337116152   02        11.936420         0.000000        11.657159         0.000000    03             0.000000         -2841.267616             0.000000 
       19.959350     83638.2074476733   02        10.220687         0.000000        11.678878         0.000000    03             0.000000         -2808.433019             0.000000 
       19.959350     83638.2074476733   02        10.220687         0.000000        11.678878         0.000000    03             0.000000         -2808.433019             0.000000 
       19.959350     83638.2074476733   02        10.220687         0.000000        11.678878         0.000000    03             0.000000         -2808.433019             0.000000 
       19.959350     83508.3386127409   02        10.358293         0.000000        11.673820         0.000000    03             0.000000         -2810.371773             0.000000 
       19.959350     83508.3386127409   02        10.358293         0.000000        11.673820         0.000000    03             0.000000         -2810.371773             0.000000 
       19.959350     83508.3386127409   02        10.358293         0.000000        11.673820         0.000000    03             0.000000         -2810.371773             0.000000 
       19.959350     83669.4186848413   02        11.943192         0.000000        11.657393         0.000000    03             0.000000         -2841.507541             0.000000 
       19.959350     83508.3386127409   02        10.358293         0.000000        11.673820         0.000000    03             0.000000         -2810.371773             0.000000 
       19.959350     83508.3386127409   02        10.358293         0.000000        11.673820         0.000000    03             0.000000         -2810.371773             0.000000 
       19.959350     83669.7337116152   02        11.936420         0.000000        11.657159         0.000000    03             0.000000         -2841.267616             0.000000 
       19.959350     83508.3386127409   02        10.358293         0.000000        11.673820         0.000000    03             0.000000         -2810.371773             0.000000 
       19.959350     83669.2385878644   02        11.944810         0.000000        11.657605         0.000000    03             0.000000         -2841.591037             0.000000 
       19.959350     83508.3386127409   02        10.358293         0.000000        11.673820         0.000000    03             0.000000         -2810.371773             0.000000 
       19.959350     83669.7337116152   02        11.936420         0.000000        11.657159         0.000000    03             0.000000         -2841.267616             0.000000 
       19.959350     83508.3386127409   02        10.358293         0.000000        11.673820         0.000000    03             0.000000         -2810.371773             0.000000 
       19.959350     83508.3386127409   02        10.358293         0.000000        11.673820         0.000000    03             0.000000         -2810.371773             0.000000 
       19.959350     83508.3386127409   02        10.358293         0.000000        11.673820         0.000000    03             0.000000         -2810.371773             0.000000 
       19.959350     83508.3386127409   02        10.358293         0.000000        11.673820         0.000000    03             0.000000         -2810.371773             0.000000 
       19.959350     83669.7337116152   02        11.936420         0.000000        11.657159         0.000000    03             0.000000         -2841.267616             0.000000 
       19.959350     83508.3386127409   02        10.358293         0.000000        11.673820         0.000000    03             0.000000         -2810.371773             0.000000 
       19.959350     83508.3386127409   02        10.358293         0.000000        11.673820         0.000000    03             0.000000         -2810.371773             0.000000 
       19.959350     83508.3386127409   02        10.358293         0.000000        11.673820         0.000000    03             0.000000         -2810.371773             0.000000 
       19.959350     83508.3386127409   02        10.358293         0.000000        11.673820         0.000000    03             0.000000         -2810.371773             0.000000 
       19.959350     83508.3386127409   02        10.358293         0.000000        11.673820         0.000000    03             0.000000         -2810.371773             0.000000 
       19.959350     83508.3386127409   02        10.358293         0.000000        11.673820         0.000000    03             0.000000         -2810.371773             0.000000 
       19.959350     83638.2074476733   02        10.220687         0.000000        11.678878         0.000000    03             0.000000         -2808.433019             0.000000 
       19.959350     83669.4186848414   02        11.943192         0.000000        11.657393         0.000000    03             0.000000         -2841.507541             0.000000 
       19.959350     83508.3386127409   02        10.358293         0.000000        11.673820         0.000000    03             0.000000         -2810.371773             0.000000 
       19.959350     83508.3386127409   02        10.358293         0.000000        11.673820         0.000000    03             0.000000         -2810.371773             0.000000 
       19.959350     83669.4186848414   02        11.943192         0.000000        11.657393         0.000000    03             0.000000         -2841.507541             0.000000 
       19.959350     83669.7337116152   02        11.936420         0.000000        11.657159         0.000000    03             0.000000         -2841.267616             0.000000 
       19.959350     83508.3386127409   02        10.358293         0.000000        11.673820         0.000000    03             0.000000         -2810.371773             0.000000 
       19.959350     83508.3386127409   02        10.358293         0.000000        11.673820         0.000000    03             0.000000         -2810.371773             0.000000 
       19.959350     83508.3386127409   02        10.358293         0.000000        11.673820         0.000000    03             0.000000         -2810.371773             0.000000 
       19.959350     83669.4186848414   02        11.943192         0.000000        11.657393         0.000000    03             0.000000         -2841.507541             0.000000 
       19.959350     83638.2074476733   02        10.220687         0.000000        11.678878         0.000000    03             0.000000         -2808.433019             0.000000 
       19.959350     83638.2074476733   02        10.220687         0.000000        11.678878         0.000000    03             0.000000         -2808.433019             0.000000 
       19.959350     83509.4788790059   02        10.496920         0.000000        11.671144         0.000000    03             0.000000         -2812.717557             0.000000 
       19.959350     83638.2074476733   02        10.220687         0.000000        11.678878         0.000000    03             0.000000         -2808.433019             0.000000 
       19.959350     83638.2074476733   02        10.220687         0.000000        11.678878         0.000000    03             0.000000         -2808.433019             0.000000 
       19.959350     83638.2074476733   02        10.220687         0.000000        11.678878         0.000000    03             0.000000         -2808.433019             0.000000 
       19.959350     83638.2074476733   02        10.220687         0.000000        11.678878         0.000000    03             0.000000         -2808.433019             0.000000 
       19.959350     83638.2074476733   02        10.220687         0.000000        11.678878         0.000000    03             0.000000         -2808.433019             0.000000 
       19.959350     83638.2074476733   02        10.220687         0.000000        11.678878         0.000000    03             0.000000         -2808.433019             0.000000 
       19.959350     83638.2074476733   02        10.220687         0.000000        11.678878         0.000000    03             0.000000         -2808.433019             0.000000 
       19.959350     83638.2074476733   02        10.220687         0.000000        11.678878         0.000000    03             0.000000         -2808.433019             0.000000 
       19.959350     83638.2074476733   02        10.220687         0.000000        11.678878         0.000000    03             0.000000         -2808.433019             0.000000 
       19.959350     83638.2074476733   02        10.220687         0.000000        11.678878         0.000000    03             0.000000         -2808.433019             0.000000 
       19.959350     83638.2074476733   02        10.220687         0.000000        11.678878         0.000000    03             0.000000         -2808.433019             0.000000 
       19.959350     83638.2074476733   02        10.220687         0.000000        11.678878         0.000000    03             0.000000         -2808.433019             0.000000 
       19.959350     83638.2074476733   02        10.220687         0.000000        11.678878         0.000000    03             0.000000         -2808.433019             0.000000 
       19.959350     83638.2074476733   02        10.220687         0.000000        11.678878         0.000000    03             0.000000         -2808.433019             0.000000 
       19.959350     83638.2074476733   02        10.220687         0.000000        11.678878         0.000000    03             0.000000         -2808.433019             0.000000 
       19.959350     83638.2074476733   02        10.220687         0.000000        11.678878         0.000000    03             0.000000         -2808.433019             0.000000 
       19.959350     83638.2074476733   02        10.220687         0.000000        11.678878         0.000000    03             0.000000         -2808.433019             0.000000 
       19.959350     83638.2074476733   02        10.220687         0.000000        11.678878         0.000000    03             0.000000         -2808.433019             0.000000 
       19.959350     83592.2333532372   02        10.690593         0.000000        11.677070         0.000000    03             0.000000         -2818.480477             0.000000 
       19.959350     83638.2074476733   02        10.220687         0.000000        11.678878         0.000000    03             0.000000         -2808.433019             0.000000 
       19.959350     83638.2074476733   02        10.220687         0.000000        11.678878         0.000000    03             0.000000         -2808.433019             0.000000 
       19.959350     83509.9027561285   02        10.377473         0.000000        11.676243         0.000000    03             0.000000         -2811.287808             0.000000 
       19.959350     83638.2074476733   02        10.220687         0.000000        11.678878         0.000000    03             0.000000         -2808.433019             0.000000 
       19.959350     83638.2074476733   02        10.220687         0.000000        11.678878         0.000000    03             0.000000         -2808.433019             0.000000 
       19.959350     83638.2074476733   02        10.220687         0.000000        11.678878         0.000000    03             0.000000         -2808.433019             0.000000 
       19.959350     83638.2074476733   02        10.220687         0.000000        11.678878         0.000000    03             0.000000         -2808.433019             0.000000 
       19.959350     83638.2074476733   02        10.220687         0.000000        11.678878         0.000000    03             0.000000         -2808.433019             0.000000 
       19.959350     83592.1937593958   02        10.690229         0.000000        11.677141         0.000000    03             0.000000         -2818.485639             0.000000 
       19.959350     83638.2074476733   02        10.220687         0.000000        11.678878         0.000000    03             0.000000         -2808.433019             0.000000 
       19.959350     83638.2074476733   02        10.220687         0.000000        11.678878         0.000000    03             0.000000         -2808.433019             0.000000 
       19.959350     83638.2074476733   02        10.220687         0.000000        11.678878         0.000000    03             0.000000         -2808.433019             0.000000 
       19.959350     83638.2074476733   02        10.220687         0.000000        11.678878         0.000000    03             0.000000         -2808.433019             0.000000 
       19.959350     83638.2074476733   02        10.220687         0.000000        11.678878         0.000000    03             0.000000         -2808.433019             0.000000 
       19.959350     83592.1937593959   02        10.690229         0.000000        11.677141         0.000000    03             0.000000         -2818.485639             0.000000 
       19.959350     83509.4788790059   02        10.496920         0.000000        11.671144         0.000000    03             0.000000         -2812.717557             0.000000 
       19.959350     83592.2333532372   02        10.690593         0.000000        11.677070         0.000000    03             0.000000         -2818.480477             0.000000 
       19.959350     83592.2333532372   02        10.690593         0.000000        11.677070         0.000000    03             0.000000         -2818.480477             0.000000 
       19.959350     83592.2333532372   02        10.690593         0.000000        11.677070         0.000000    03             0.000000         -2818.480477             0.000000 
       19.959350     83592.1937593959   02        10.690229         0.000000        11.677141         0.000000    03             0.000000         -2818.485639             0.000000 
       19.959350     83592.2333532372   02        10.690593         0.000000        11.677070         0.000000    03             0.000000         -2818.480477             0.000000 
       19.959350     83592.1937593958   02        10.690229         0.000000        11.677141         0.000000    03             0.000000         -2818.485639             0.000000 
       19.959350     83592.1937593959   02        10.690229         0.000000        11.677141         0.000000    03             0.000000         -2818.485639             0.000000 
       19.959350     83592.1937593959   02        10.690229         0.000000        11.677141         0.000000    03             0.000000         -2818.485639             0.000000 
       19.959350     83592.2333532372   02        10.690593         0.000000        11.677070         0.000000    03             0.000000         -2818.480477             0.000000 
       19.959350     83592.2333532372   02        10.690593         0.000000        11.677070         0.000000    03             0.000000         -2818.480477             0.000000 
       19.959350     83592.2333532372   02        10.690593         0.000000        11.677070         0.000000    03             0.000000         -2818.480477             0.000000 
       19.959350     83592.2333532372   02        10.690593         0.000000        11.677070         0.000000    03             0.000000         -2818.480477             0.000000 
       19.959350     83592.2333532372   02        10.690593         0.000000        11.677070         0.000000    03             0.000000         -2818.480477             0.000000 
       19.959350     83592.2333532372   02        10.690593         0.000000        11.677070         0.000000    03             0.000000         -2818.480477             0.000000 
       19.959350     83592.2333532370   02        10.690593         0.000000        11.677070         0.000000    03             0.000000         -2818.480477             0.000000 
       19.959350     83592.2333532372   02        10.690593         0.000000        11.677070         0.000000    03             0.000000         -2818.480477             0.000000 
       19.959350     83584.1286058049   02        10.342988         0.000000        11.677910         0.000000    03             0.000000         -2810.906383             0.000000 
       19.959350     83592.2333532372   02        10.690593         0.000000        11.677070         0.000000    03             0.000000         -2818.480477             0.000000 
       19.959350     83592.1937593958   02        10.690229         0.000000        11.677141         0.000000    03             0.000000         -2818.485639             0.000000 
       19.959350     83592.2333532372   02        10.690593         0.000000        11.677070         0.000000    03             0.000000         -2818.480477             0.000000 
       19.959350     83592.2333532372   02        10.690593         0.000000        11.677070         0.000000    03             0.000000         -2818.480477             0.000000 
       19.959350     83592.1937593959   02        10.690229         0.000000        11.677141         0.000000    03             0.000000         -2818.485639             0.000000 
       19.959350     83592.1937593959   02        10.690229         0.000000        11.677141         0.000000    03             0.000000         -2818.485639             0.000000 
       19.959350     83592.2333532372   02        10.690593         0.000000        11.677070         0.000000    03             0.000000         -2818.480477             0.000000 
       19.959350     83592.2333532372   02        10.690593         0.000000        11.677070         0.000000    03             0.000000         -2818.480477             0.000000 
       19.959350     83584.1286058049   02        10.342988         0.000000        11.677910         0.000000    03             0.000000         -2810.906383             0.000000 
       19.959350     83592.2333532372   02        10.690593         0.000000        11.677070         0.000000    03             0.000000         -2818.480477             0.000000 
       19.959350     83592.2333532372   02        10.690593         0.000000        11.677070         0.000000    03             0.000000         -2818.480477             0.000000 
       19.959350     83592.2333532372   02        10.690593         0.000000        11.677070         0.000000    03             0.000000         -2818.480477             0.000000 
       19.959350     83592.2333532372   02        10.690593         0.000000        11.677070         0.000000    03             0.000000         -2818.480477             0.000000 
       19.959350     83592.1937593959   02        10.690229         0.000000        11.677141         0.000000    03             0.000000         -2818.485639             0.000000 
       19.959350     83592.1937593959   02        10.690229         0.000000        11.677141         0.000000    03             0.000000         -2818.485639             0.000000 
       19.959350     83592.2333532372   02        10.690593         0.000000        11.677070         0.000000    03             0.000000         -2818.480477             0.000000 
       19.959350     83592.2333532372   02        10.690593         0.000000        11.677070         0.000000    03             0.000000         -2818.480477             0.000000 
       19.959350     83592.2333532370   02        10.690593         0.000000        11.677070         0.000000    03             0.000000         -2818.480477             0.000000 
       19.959350     83592.2333532372   02        10.690593         0.000000        11.677070         0.000000    03             0.000000         -2818.480477             0.000000 
       19.959350     83509.4788790059   02        10.496920         0.000000        11.671144         0.000000    03             0.000000         -2812.717557             0.000000 
       19.959350     83584.1286058049   02        10.342988         0.000000        11.677910         0.000000    03             0.000000         -2810.906383             0.000000 
       19.959350     83584.1286058049   02        10.342988         0.000000        11.677910         0.000000    03             0.000000         -2810.906383             0.000000 
       19.959350     83584.1286058049   02        10.342988         0.000000        11.677910         0.000000    03             0.000000         -2810.906383             0.000000 
       19.959350     83584.1286058049   02        10.342988         0.000000        11.677910         0.000000    03             0.000000         -2810.906383             0.000000 
       19.959350     83584.1286058049   02        10.342988         0.000000        11.677910         0.000000    03             0.000000         -2810.906383             0.000000 
       19.959350     83584.1286058049   02        10.342988         0.000000        11.677910         0.000000    03             0.000000         -2810.906383             0.000000 
       19.959350     83584.1286058049   02        10.342988         0.000000        11.677910         0.000000    03             0.000000         -2810.906383             0.000000 
       19.959350     83584.1286058049   02        10.342988         0.000000        11.677910         0.000000    03             0.000000         -2810.906383             0.000000 
       19.959350     83584.1286058049   02        10.342988         0.000000        11.677910         0.000000    03             0.000000         -2810.906383             0.000000 
       19.959350     83584.1286058049   02        10.342988         0.000000        11.677910         0.000000    03             0.000000         -2810.906383             0.000000 
       19.959350     83584.1286058049   02        10.342988         0.000000        11.677910         0.000000    03             0.000000         -2810.906383             0.000000 
       19.959350     83584.1286058049   02        10.342988         0.000000        11.677910         0.000000    03             0.000000         -2810.906383             0.000000 
       19.959350     83584.1286058049   02        10.342988         0.000000        11.677910         0.000000    03             0.000000         -2810.906383             0.000000 
       19.959350     83584.1286058049   02        10.342988         0.000000        11.677910         0.000000    03             0.000000         -2810.906383             0.000000 
       19.959350     83584.1286058049   02        10.342988         0.000000        11.677910         0.000000    03             0.000000         -2810.906383             0.000000 
       19.959350     83584.1286058049   02        10.342988         0.000000        11.677910         0.000000    03             0.000000         -2810.906383             0.000000 
       19.959350     83584.1286058049   02        10.342988         0.000000        11.677910         0.000000    03             0.000000         -2810.906383             0.000000 
       19.959350     83584.1286058049   02        10.342988         0.000000        11.677910         0.000000    03             0.000000         -2810.906383             0.000000 
       19.959350     83584.1286058049   02        10.342988         0.000000        11.677910         0.000000    03             0.000000         -2810.906383             0.000000 
       19.959350     83584.1286058049   02        10.342988         0.000000        11.677910         0.000000    03             0.000000         -2810.906383             0.000000 
       19.959350     83509.9027561286   02        10.377473         0.000000        11.676243         0.000000    03             0.000000         -2811.287808             0.000000 
       19.959350     83584.1286058049   02        10.342988         0.000000        11.677910         0.000000    03             0.000000         -2810.906383             0.000000 
       19.959350     83584.1286058049   02        10.342988         0.000000        11.677910         0.000000    03             0.000000         -2810.906383             0.000000 
       19.959350     83584.1286058049   02        10.342988         0.000000        11.677910         0.000000    03             0.000000         -2810.906383             0.000000 
       19.959350     83584.1286058049   02        10.342988         0.000000        11.677910         0.000000    03             0.000000         -2810.906383             0.000000 
       19.959350     83584.1286058049   02        10.342988         0.000000        11.677910         0.000000    03             0.000000         -2810.906383             0.000000 
       19.959350     83584.1286058049   02        10.342988         0.000000        11.677910         0.000000    03             0.000000         -2810.906383             0.000000 
       19.959350     83584.1286058049   02        10.342988         0.000000        11.677910         0.000000    03             0.000000         -2810.906383             0.000000 
       19.959350     83584.1286058049   02        10.342988         0.000000        11.677910         0.000000    03             0.000000         -2810.906383             0.000000 
       19.959350     83584.1286058049   02        10.342988         0.000000        11.677910         0.000000    03             0.000000         -2810.906383             0.000000 
       19.959350     83584.1286058049   02        10.342988         0.000000        11.677910         0.000000    03             0.000000         -2810.906383             0.000000 
       19.959350     83584.1286058049   02        10.342988         0.000000        11.677910         0.000000    03             0.000000         -2810.906383             0.000000 
       19.959350     83584.1286058049   02        10.342988         0.000000        11.677910         0.000000    03             0.000000         -2810.906383             0.000000 
       19.959350     83584.1286058049   02        10.342988         0.000000        11.677910         0.000000    03             0.000000         -2810.906383             0.000000 
       19.959350     83584.1286058049   02        10.342988         0.000000        11.677910         0.000000    03             0.000000         -2810.906383             0.000000 
       19.959350     83584.1286058049   02        10.342988         0.000000        11.677910         0.000000    03             0.000000         -2810.906383             0.000000 
       19.959350     83509.4788790059   02        10.496920         0.000000        11.671144         0.000000    03             0.000000         -2812.717557             0.000000 
       19.959350     83567.0911682711   02        10.335328         0.000000        11.669326         0.000000    03             0.000000         -2808.826549             0.000000 
       19.959350     83567.2854818410   02        10.333844         0.000000        11.669091         0.000000    03             0.000000         -2808.741700             0.000000 
       19.959350     83567.0911682711   02        10.335328         0.000000        11.669326         0.000000    03             0.000000         -2808.826549             0.000000 
       19.959350     83567.0911682711   02        10.335328         0.000000        11.669326         0.000000    03             0.000000         -2808.826549             0.000000 
       19.959350     83567.0911682711   02        10.335328         0.000000        11.669326         0.000000    03             0.000000         -2808.826549             0.000000 
       19.959350     83567.2854818410   02        10.333844         0.000000        11.669091         0.000000    03             0.000000         -2808.741700             0.000000 
       19.959350     83567.1608837245   02        10.335386         0.000000        11.669221         0.000000    03             0.000000         -2808.804576             0.000000 
       19.959350     83567.2854818410   02        10.333844         0.000000        11.669091         0.000000    03             0.000000         -2808.741700             0.000000 
       19.959350     83567.2854818410   02        10.333844         0.000000        11.669091         0.000000    03             0.000000         -2808.741700             0.000000 
       19.959350     83567.0911682711   02        10.335328         0.000000        11.669326         0.000000    03             0.000000         -2808.826549             0.000000 
       19.959350     83567.2854818410   02        10.333844         0.000000        11.669091         0.000000    03             0.000000         -2808.741700             0.000000 
       19.959350     83567.2854818410   02        10.333844         0.000000        11.669091         0.000000    03             0.000000         -2808.741700             0.000000 
       19.959350     83567.2854818410   02        10.333844         0.000000        11.669091         0.000000    03             0.000000         -2808.741700             0.000000 
       19.959350     83567.2854818410   02        10.333844         0.000000        11.669091         0.000000    03             0.000000         -2808.741700             0.000000 
       19.959350     83567.2854818410   02        10.333844         0.000000        11.669091         0.000000    03             0.000000         -2808.741700             0.000000 
       19.959350     83567.2854818410   02        10.333844         0.000000        11.669091         0.000000    03             0.000000         -2808.741700             0.000000 
       19.959350     83567.2854818410   02        10.333844         0.000000        11.669091         0.000000    03             0.000000         -2808.741700             0.000000 
       19.959350     83567.2854818410   02        10.333844         0.000000        11.669091         0.000000    03             0.000000         -2808.741700             0.000000 
       19.959350     83567.2854818410   02        10.333844         0.000000        11.669091         0.000000    03             0.000000         -2808.741700             0.000000 
       19.959350     83567.2854818410   02        10.333844         0.000000        11.669091         0.000000    03             0.000000         -2808.741700             0.000000 
       19.959350     83567.0911682711   02        10.335328         0.000000        11.669326         0.000000    03             0.000000         -2808.826549             0.000000 
       19.959350     83567.2854818411   02        10.333844         0.000000        11.669091         0.000000    03             0.000000         -2808.741700             0.000000 
       19.959350     83567.2854818411   02        10.333844         0.000000        11.669091         0.000000    03             0.000000         -2808.741700             0.000000 
       19.959350     83567.0911682711   02        10.335328         0.000000        11.669326         0.000000    03             0.000000         -2808.826549             0.000000 
       19.959350     83567.0911682711   02        10.335328         0.000000        11.669326         0.000000    03             0.000000         -2808.826549             0.000000 
       19.959350     83567.2854818411   02        10.333844         0.000000        11.669091         0.000000    03             0.000000         -2808.741700             0.000000 
       19.959350     83567.2854818411   02        10.333844         0.000000        11.669091         0.000000    03             0.000000         -2808.741700             0.000000 
       19.959350     83567.2854818411   02        10.333844         0.000000        11.669091         0.000000    03             0.000000         -2808.741700             0.000000 
       19.959350     83567.2854818411   02        10.333844         0.000000        11.669091         0.000000    03             0.000000         -2808.741700             0.000000 
       19.959350     83567.2854818411   02        10.333844         0.000000        11.669091         0.000000    03             0.000000         -2808.741700             0.000000 
       19.959350     83567.2854818410   02        10.333844         0.000000        11.669091         0.000000    03             0.000000         -2808.741700             0.000000 
       19.959350     83567.0911682711   02        10.335328         0.000000        11.669326         0.000000    03             0.000000         -2808.826549             0.000000 
       19.959350     83567.0911682711   02        10.335328         0.000000        11.669326         0.000000    03             0.000000         -2808.826549             0.000000 
       19.959350     83567.2854818411   02        10.333844         0.000000        11.669091         0.000000    03             0.000000         -2808.741700             0.000000 
       19.959350     83567.2854818411   02        10.333844         0.000000        11.669091         0.000000    03             0.000000         -2808.741700             0.000000 
       19.959350     83567.2854818411   02        10.333844         0.000000        11.669091         0.000000    03             0.000000         -2808.741700             0.000000 
       19.959350     83509.9027561285   02        10.377473         0.000000        11.676243         0.000000    03             0.000000         -2811.287808             0.000000 
       19.959350     83553.1154695015   02        10.579356         0.000000        11.675051         0.000000    03             0.000000         -2815.253440             0.000000 
       19.959350     83553.1154695014   02        10.579356         0.000000        11.675051         0.000000    03             0.000000         -2815.253440             0.000000 
       19.959350     83553.1154695014   02        10.579356         0.000000        11.675051         0.000000    03             0.000000         -2815.253440             0.000000 
       19.959350     83553.1154695015   02        10.579356         0.000000        11.675051         0.000000    03             0.000000         -2815.253440             0.000000 
       19.959350     83553.1154695014   02        10.579356         0.000000        11.675051         0.000000    03             0.000000         -2815.253440             0.000000 
       19.959350     83553.1154695014   02        10.579356         0.000000        11.675051         0.000000    03             0.000000         -2815.253440             0.000000 
       19.959350     83553.1154695014   02        10.579356         0.000000        11.675051         0.000000    03             0.000000         -2815.253440             0.000000 
       19.959350     83553.1154695014   02        10.579356         0.000000        11.675051         0.000000    03             0.000000         -2815.253440             0.000000 
       19.959350     83553.1154695014   02        10.579356         0.000000        11.675051         0.000000    03             0.000000         -2815.253440             0.000000 
       19.959350     83553.1154695014   02        10.579356         0.000000        11.675051         0.000000    03             0.000000         -2815.253440             0.000000 
       19.959350     83553.1154695014   02        10.579356         0.000000        11.675051         0.000000    03             0.000000         -2815.253440             0.000000 
       19.959350     83553.1154695014   02        10.579356         0.000000        11.675051         0.000000    03             0.000000         -2815.253440             0.000000 
       19.959350     83553.1154695014   02        10.579356         0.000000        11.675051         0.000000    03             0.000000         -2815.253440             0.000000 
       19.959350     83553.1154695014   02        10.579356         0.000000        11.675051         0.000000    03             0.000000         -2815.253440             0.000000 
       19.959350     83553.1154695015   02        10.579356         0.000000        11.675051         0.000000    03             0.000000         -2815.253440             0.000000 
       19.959350     83553.1154695014   02        10.579356         0.000000        11.675051         0.000000    03             0.000000         -2815.253440             0.000000 
       19.959350     83553.1154695014   02        10.579356         0.000000        11.675051         0.000000    03             0.000000         -2815.253440             0.000000 
       19.959350     83553.1154695015   02        10.579356         0.000000        11.675051         0.000000    03             0.000000         -2815.253440             0.000000 
       19.959350     83553.1154695015   02        10.579356         0.000000        11.675051         0.000000    03             0.000000         -2815.253440             0.000000 
       19.959350     83553.1154695014   02        10.579356         0.000000        11.675051         0.000000    03             0.000000         -2815.253440             0.000000 
       19.959350     83509.9027561285   02        10.377473         0.000000        11.676243         0.000000    03             0.000000         -2811.287808             0.000000 
       19.959350     83553.1154695014   02        10.579356         0.000000        11.675051         0.000000    03             0.000000         -2815.253440             0.000000 
       19.959350     83553.1154695014   02        10.579356         0.000000        11.675051         0.000000    03             0.000000         -2815.253440             0.000000 
       19.959350     83553.1154695014   02        10.579356         0.000000        11.675051         0.000000    03             0.000000         -2815.253440             0.000000 
       19.959350     83553.1154695014   02        10.579356         0.000000        11.675051         0.000000    03             0.000000         -2815.253440             0.000000 
       19.959350     83553.1154695015   02        10.579356         0.000000        11.675051         0.000000    03             0.000000         -2815.253440             0.000000 
       19.959350     83553.1154695014   02        10.579356         0.000000        11.675051         0.000000    03             0.000000         -2815.253440             0.000000 
       19.959350     83567.2854818411   02        10.333844         0.000000        11.669091         0.000000    03             0.000000         -2808.741700             0.000000 
       19.959350     83553.1154695015   02        10.579356         0.000000        11.675051         0.000000    03             0.000000         -2815.253440             0.000000 
       19.959350     83553.1154695014   02        10.579356         0.000000        11.675051         0.000000    03             0.000000         -2815.253440             0.000000 
       19.959350     83553.1154695015   02        10.579356         0.000000        11.675051         0.000000    03             0.000000         -2815.253440             0.000000 
       19.959350     83553.1154695015   02        10.579356         0.000000        11.675051         0.000000    03             0.000000         -2815.253440             0.000000 
       19.959350     83553.1154695015   02        10.579356         0.000000        11.675051         0.000000    03             0.000000         -2815.253440             0.000000 
       19.959350     83553.1154695014   02        10.579356         0.000000        11.675051         0.000000    03             0.000000         -2815.253440             0.000000 
       19.959350     83553.1154695016   02        10.579356         0.000000        11.675051         0.000000    03             0.000000         -2815.253440             0.000000 
       19.959350     83553.1154695014   02        10.579356         0.000000        11.675051         0.000000    03             0.000000         -2815.253440             0.000000 
       19.959350     83541.2985737862   02        10.131733         0.000000        11.678788         0.000000    03             0.000000         -2806.608991             0.000000 
       19.959350     83541.2985737862   02        10.131733         0.000000        11.678788         0.000000    03             0.000000         -2806.608991             0.000000 
       19.959350     83531.5410837814   02        10.651104         0.000000        11.670061         0.000000    03             0.000000         -2816.297902             0.000000 
       19.959350     83541.2985737862   02        10.131733         0.000000        11.678788         0.000000    03             0.000000         -2806.608991             0.000000 
       19.959350     83541.2985737862   02        10.131733         0.000000        11.678788         0.000000    03             0.000000         -2806.608991             0.000000 
       19.959350     83541.2985737862   02        10.131733         0.000000        11.678788         0.000000    03             0.000000         -2806.608991             0.000000 
       19.959350     83541.2985737862   02        10.131733         0.000000        11.678788         0.000000    03             0.000000         -2806.608991             0.000000 
       19.959350     83541.2985737862   02        10.131733         0.000000        11.678788         0.000000    03             0.000000         -2806.608991             0.000000 
       19.959350     83553.1154695014   02        10.579356         0.000000        11.675051         0.000000    03             0.000000         -2815.253440             0.000000 
       19.959350     83541.2985737862   02        10.131733         0.000000        11.678788         0.000000    03             0.000000         -2806.608991             0.000000 
       19.959350     83541.2985737862   02        10.131733         0.000000        11.678788         0.000000    03             0.000000         -2806.608991             0.000000 
       19.959350     83509.4788790060   02        10.496920         0.000000        11.671144         0.000000    03             0.000000         -2812.717557             0.000000 
       19.959350     83541.2985737862   02        10.131733         0.000000        11.678788         0.000000    03             0.000000         -2806.608991             0.000000 
       19.959350     83541.2985737862   02        10.131733         0.000000        11.678788         0.000000    03             0.000000         -2806.608991             0.000000 
       19.959350     83541.2985737862   02        10.131733         0.000000        11.678788         0.000000    03             0.000000         -2806.608991             0.000000 
       19.959350     83541.2985737862   02        10.131733         0.000000        11.678788         0.000000    03             0.000000         -2806.608991             0.000000 
       19.959350     83541.2985737862   02        10.131733         0.000000        11.678788         0.000000    03             0.000000         -2806.608991             0.000000 
       19.959350     83541.2985737862   02        10.131733         0.000000        11.678788         0.000000    03             0.000000         -2806.608991             0.000000 
       19.959350     83553.1154695014   02        10.579356         0.000000        11.675051         0.000000    03             0.000000         -2815.253440             0.000000 
       19.959350     83541.2985737862   02        10.131733         0.000000        11.678788         0.000000    03             0.000000         -2806.608991             0.000000 
       19.959350     83541.2985737862   02        10.131733         0.000000        11.678788         0.000000    03             0.000000         -2806.608991             0.000000 
       19.959350     83541.2985737862   02        10.131733         0.000000        11.678788         0.000000    03             0.000000         -2806.608991             0.000000 
       19.959350     83541.2985737862   02        10.131733         0.000000        11.678788         0.000000    03             0.000000         -2806.608991             0.000000 
       19.959350     83541.2985737862   02        10.131733         0.000000        11.678788         0.000000    03             0.000000         -2806.608991             0.000000 
       19.959350     83509.9027561286   02        10.377473         0.000000        11.676243         0.000000    03             0.000000         -2811.287808             0.000000 
       19.959350     83553.1154695014   02        10.579356         0.000000        11.675051         0.000000    03             0.000000         -2815.253440             0.000000 
       19.959350     83541.2985737862   02        10.131733         0.000000        11.678788         0.000000    03             0.000000         -2806.608991             0.000000 
       19.959350     83541.2985737862   02        10.131733         0.000000        11.678788         0.000000    03             0.000000         -2806.608991             0.000000 
       19.959350     83541.2985737862   02        10.131733         0.000000        11.678788         0.000000    03             0.000000         -2806.608991             0.000000 
       19.959350     83541.2985737862   02        10.131733         0.000000        11.678788         0.000000    03             0.000000         -2806.608991             0.000000 
       19.959350     83541.2985737862   02        10.131733         0.000000        11.678788         0.000000    03             0.000000         -2806.608991             0.000000 
       19.959350     83541.2985737862   02        10.131733         0.000000        11.678788         0.000000    03             0.000000         -2806.608991             0.000000 
       19.959350     83541.2985737862   02        10.131733         0.000000        11.678788         0.000000    03             0.000000         -2806.608991             0.000000 
       19.959350     83541.2985737862   02        10.131733         0.000000        11.678788         0.000000    03             0.000000         -2806.608991             0.000000 
       19.959350     83541.2985737862   02        10.131733         0.000000        11.678788         0.000000    03             0.000000         -2806.608991             0.000000 
       19.959350     83541.2985737862   02        10.131733         0.000000        11.678788         0.000000    03             0.000000         -2806.608991             0.000000 
       19.959350     83541.2985737862   02        10.131733         0.000000        11.678788         0.000000    03             0.000000         -2806.608991             0.000000 
       19.959350     83509.4788790059   02        10.496920         0.000000        11.671144         0.000000    03             0.000000         -2812.717557             0.000000 
       19.959350     83531.3720647786   02        10.653484         0.000000        11.670228         0.000000    03             0.000000         -2816.390220             0.000000 
       19.959350     83531.3651845741   02        10.653581         0.000000        11.670235         0.000000    03             0.000000         -2816.393985             0.000000 
       19.959350     83531.3720647786   02        10.653484         0.000000        11.670228         0.000000    03             0.000000         -2816.390220             0.000000 
       19.959350     83531.3720647786   02        10.653484         0.000000        11.670228         0.000000    03             0.000000         -2816.390220             0.000000 
       19.959350     83541.2985737862   02        10.131733         0.000000        11.678788         0.000000    03             0.000000         -2806.608991             0.000000 
       19.959350     83531.3720647786   02        10.653484         0.000000        11.670228         0.000000    03             0.000000         -2816.390220             0.000000 
       19.959350     83531.3720647786   02        10.653484         0.000000        11.670228         0.000000    03             0.000000         -2816.390220             0.000000 
       19.959350     83531.3720647786   02        10.653484         0.000000        11.670228         0.000000    03             0.000000         -2816.390220             0.000000 
       19.959350     83531.3651845741   02        10.653581         0.000000        11.670235         0.000000    03             0.000000         -2816.393985             0.000000 
       19.959350     83531.3720647786   02        10.653484         0.000000        11.670228         0.000000    03             0.000000         -2816.390220             0.000000 
       19.959350     83531.3720647786   02        10.653484         0.000000        11.670228         0.000000    03             0.000000         -2816.390220             0.000000 
       19.959350     83541.2985737862   02        10.131733         0.000000        11.678788         0.000000    03             0.000000         -2806.608991             0.000000 
       19.959350     83531.5410837814   02        10.651104         0.000000        11.670061         0.000000    03             0.000000         -2816.297902             0.000000 
       19.959350     83531.3720647786   02        10.653484         0.000000        11.670228         0.000000    03             0.000000         -2816.390220             0.000000 
       19.959350     83531.3720647786   02        10.653484         0.000000        11.670228         0.000000    03             0.000000         -2816.390220             0.000000 
       19.959350     83531.3720647786   02        10.653484         0.000000        11.670228         0.000000    03             0.000000         -2816.390220             0.000000 
       19.959350     83531.5410837814   02        10.651104         0.000000        11.670061         0.000000    03             0.000000         -2816.297902             0.000000 
       19.959350     83541.2985737862   02        10.131733         0.000000        11.678788         0.000000    03             0.000000         -2806.608991             0.000000 
       19.959350     83531.3720647786   02        10.653484         0.000000        11.670228         0.000000    03             0.000000         -2816.390220             0.000000 
       19.959350     83541.2985737862   02        10.131733         0.000000        11.678788         0.000000    03             0.000000         -2806.608991             0.000000 
       19.959350     83541.2985737862   02        10.131733         0.000000        11.678788         0.000000    03             0.000000         -2806.608991             0.000000 
       19.959350     83531.3720647786   02        10.653484         0.000000        11.670228         0.000000    03             0.000000         -2816.390220             0.000000 
       19.959350     83531.3720647786   02        10.653484         0.000000        11.670228         0.000000    03             0.000000         -2816.390220             0.000000 
       19.959350     83531.3651845741   02        10.653581         0.000000        11.670235         0.000000    03             0.000000         -2816.393985             0.000000 
       19.959350     83531.5410837814   02        10.651104         0.000000        11.670061         0.000000    03             0.000000         -2816.297902             0.000000 
       19.959350     83531.5410837814   02        10.651104         0.000000        11.670061         0.000000    03             0.000000         -2816.297902             0.000000 
       19.959350     83531.3720647786   02        10.653484         0.000000        11.670228         0.000000    03             0.000000         -2816.390220             0.000000 
       19.959350     83531.5410837814   02        10.651104         0.000000        11.670061         0.000000    03             0.000000         -2816.297902             0.000000 
       19.959350     83531.5410837814   02        10.651104         0.000000        11.670061         0.000000    03             0.000000         -2816.297902             0.000000 
       19.959350     83531.3720647786   02        10.653484         0.000000        11.670228         0.000000    03             0.000000         -2816.390220             0.000000 
       19.959350     83531.3720647786   02        10.653484         0.000000        11.670228         0.000000    03             0.000000         -2816.390220             0.000000 
       19.959350     83531.3720647786   02        10.653484         0.000000        11.670228         0.000000    03             0.000000         -2816.390220             0.000000 
       19.959350     83531.3720647786   02        10.653484         0.000000        11.670228         0.000000    03             0.000000         -2816.390220             0.000000 
       19.959350     83541.2985737862   02        10.131733         0.000000        11.678788         0.000000    03             0.000000         -2806.608991             0.000000 
       19.959350     83531.3720647786   02        10.653484         0.000000        11.670228         0.000000    03             0.000000         -2816.390220             0.000000 
       19.959350     83531.3720647786   02        10.653484         0.000000        11.670228         0.000000    03             0.000000         -2816.390220             0.000000 
       19.959350     83508.3386127409   02        10.358293         0.000000        11.673820         0.000000    03             0.000000         -2810.371773             0.000000 
       19.959350     83519.2820000229   02        10.431284         0.000000        11.683009         0.000000    03             0.000000         -2813.929365             0.000000 
       19.959350     83519.2820000229   02        10.431284         0.000000        11.683009         0.000000    03             0.000000         -2813.929365             0.000000 
       19.959350     83519.2820000229   02        10.431284         0.000000        11.683009         0.000000    03             0.000000         -2813.929365             0.000000 
       19.959350     83519.2820000229   02        10.431284         0.000000        11.683009         0.000000    03             0.000000         -2813.929365             0.000000 
       19.959350     83519.2820000229   02        10.431284         0.000000        11.683009         0.000000    03             0.000000         -2813.929365             0.000000 
       19.959350     83519.2820000229   02        10.431284         0.000000        11.683009         0.000000    03             0.000000         -2813.929365             0.000000 
       19.959350     83531.3651845741   02        10.653581         0.000000        11.670235         0.000000    03             0.000000         -2816.393985             0.000000 
       19.959350     83519.2820000229   02        10.431284         0.000000        11.683009         0.000000    03             0.000000         -2813.929365             0.000000 
       19.959350     83519.2820000229   02        10.431284         0.000000        11.683009         0.000000    03             0.000000         -2813.929365             0.000000 
       19.959350     83519.2820000229   02        10.431284         0.000000        11.683009         0.000000    03             0.000000         -2813.929365             0.000000 
       19.959350     83519.2820000229   02        10.431284         0.000000        11.683009         0.000000    03             0.000000         -2813.929365             0.000000 
       19.959350     83531.3720647786   02        10.653484         0.000000        11.670228         0.000000    03             0.000000         -2816.390220             0.000000 
       19.959350     83531.3720647786   02        10.653484         0.000000        11.670228         0.000000    03             0.000000         -2816.390220             0.000000 
       19.959350     83531.3720647786   02        10.653484         0.000000        11.670228         0.000000    03             0.000000         -2816.390220             0.000000 
       19.959350     83531.3720647786   02        10.653484         0.000000        11.670228         0.000000    03             0.000000         -2816.390220             0.000000 
       19.959350     83519.2820000229   02        10.431284         0.000000        11.683009         0.000000    03             0.000000         -2813.929365             0.000000 
       19.959350     83519.2820000229   02        10.431284         0.000000        11.683009         0.000000    03             0.000000         -2813.929365             0.000000 
       19.959350     83519.2820000229   02        10.431284         0.000000        11.683009         0.000000    03             0.000000         -2813.929365             0.000000 
       19.959350     83519.2820000229   02        10.431284         0.000000        11.683009         0.000000    03             0.000000         -2813.929365             0.000000 
       19.959350     83519.2820000229   02        10.431284         0.000000        11.683009         0.000000    03             0.000000         -2813.929365             0.000000 
       19.959350     83519.2820000229   02        10.431284         0.000000        11.683009         0.000000    03             0.000000         -2813.929365             0.000000 
       19.959350     83519.2820000229   02        10.431284         0.000000        11.683009         0.000000    03             0.000000         -2813.929365             0.000000 
       19.959350     83519.2820000229   02        10.431284         0.000000        11.683009         0.000000    03             0.000000         -2813.929365             0.000000 
       19.959350     83519.2820000229   02        10.431284         0.000000        11.683009         0.000000    03             0.000000         -2813.929365             0.000000 
       19.959350     83519.2820000229   02        10.431284         0.000000        11.683009         0.000000    03             0.000000         -2813.929365             0.000000 
       19.959350     83519.2820000229   02        10.431284         0.000000        11.683009         0.000000    03             0.000000         -2813.929365             0.000000 
       19.959350     83519.2820000229   02        10.431284         0.000000        11.683009         0.000000    03             0.000000         -2813.929365             0.000000 
       19.959350     83519.2820000229   02        10.431284         0.000000        11.683009         0.000000    03             0.000000         -2813.929365             0.000000 
       19.959350     83519.2820000229   02        10.431284         0.000000        11.683009         0.000000    03             0.000000         -2813.929365             0.000000 
       19.959350     83519.2820000229   02        10.431284         0.000000        11.683009         0.000000    03             0.000000         -2813.929365             0.000000 
       19.959350     83531.5410837814   02        10.651104         0.000000        11.670061         0.000000    03             0.000000         -2816.297902             0.000000 
       19.959350     83519.2820000229   02        10.431284         0.000000        11.683009         0.000000    03             0.000000         -2813.929365             0.000000 
       19.959350     83519.2820000229   02        10.431284         0.000000        11.683009         0.000000    03             0.000000         -2813.929365             0.000000 
       19.959350     83519.2820000229   02        10.431284         0.000000        11.683009         0.000000    03             0.000000         -2813.929365             0.000000 
       19.959350     83519.2820000229   02        10.431284         0.000000        11.683009         0.000000    03             0.000000         -2813.929365             0.000000 
       19.959350     83519.2820000229   02        10.431284         0.000000        11.683009         0.000000    03             0.000000         -2813.929365             0.000000 
       19.959350     83509.9027561285   02        10.377473         0.000000        11.676243         0.000000    03             0.000000         -2811.287808             0.000000 
       19.959350     83509.9027561286   02        10.377473         0.000000        11.676243         0.000000    03             0.000000         -2811.287808             0.000000 
       19.959350     83514.4044087626   02        10.447222         0.000000        11.676618         0.000000    03             0.000000         -2812.907577             0.000000 
       19.959350     83514.4044087626   02        10.447222         0.000000        11.676618         0.000000    03             0.000000         -2812.907577             0.000000 
       19.959350     83514.4044087625   02        10.447222         0.000000        11.676618         0.000000    03             0.000000         -2812.907577             0.000000 
       19.959350     83514.4044087625   02        10.447222         0.000000        11.676618         0.000000    03             0.000000         -2812.907577             0.000000 
       19.959350     83514.4044087625   02        10.447222         0.000000        11.676618         0.000000    03             0.000000         -2812.907577             0.000000 
       19.959350     83509.9027561285   02        10.377473         0.000000        11.676243         0.000000    03             0.000000         -2811.287808             0.000000 
       19.959350     83509.9027561285   02        10.377473         0.000000        11.676243         0.000000    03             0.000000         -2811.287808             0.000000 
       19.959350     83519.2820000229   02        10.431284         0.000000        11.683009         0.000000    03             0.000000         -2813.929365             0.000000 
       19.959350     83519.2820000229   02        10.431284         0.000000        11.683009         0.000000    03             0.000000         -2813.929365             0.000000 
       19.959350     83519.2820000229   02        10.431284         0.000000        11.683009         0.000000    03             0.000000         -2813.929365             0.000000 
       19.959350     83519.2820000229   02        10.431284         0.000000        11.683009         0.000000    03             0.000000         -2813.929365             0.000000 
       19.959350     83514.4044087625   02        10.447222         0.000000        11.676618         0.000000    03             0.000000         -2812.907577             0.000000 
       19.959350     83514.4044087625   02        10.447222         0.000000        11.676618         0.000000    03             0.000000         -2812.907577             0.000000 
       19.959350     83514.4044087625   02        10.447222         0.000000        11.676618         0.000000    03             0.000000         -2812.907577             0.000000 
       19.959350     83514.4044087625   02        10.447222         0.000000        11.676618         0.000000    03             0.000000         -2812.907577             0.000000 
       19.959350     83514.4044087626   02        10.447222         0.000000        11.676618         0.000000    03             0.000000         -2812.907577             0.000000 
       19.959350     83514.4044087626   02        10.447222         0.000000        11.676618         0.000000    03             0.000000         -2812.907577             0.000000 
       19.959350     83514.4044087626   02        10.447222         0.000000        11.676618         0.000000    03             0.000000         -2812.907577             0.000000 
       19.959350     83514.4044087625   02        10.447222         0.000000        11.676618         0.000000    03             0.000000         -2812.907577             0.000000 
       19.959350     83514.4044087625   02        10.447222         0.000000        11.676618         0.000000    03             0.000000         -2812.907577             0.000000 
       19.959350     83514.4044087625   02        10.447222         0.000000        11.676618         0.000000    03             0.000000         -2812.907577             0.000000 
       19.959350     83514.4044087626   02        10.447222         0.000000        11.676618         0.000000    03             0.000000         -2812.907577             0.000000 
       19.959350     83509.9027561285   02        10.377473         0.000000        11.676243         0.000000    03             0.000000         -2811.287808             0.000000 
       19.959350     83514.4044087626   02        10.447222         0.000000        11.676618         0.000000    03             0.000000         -2812.907577             0.000000 
       19.959350     83519.2820000229   02        10.431284         0.000000        11.683009         0.000000    03             0.000000         -2813.929365             0.000000 
       19.959350     83519.2820000229   02        10.431284         0.000000        11.683009         0.000000    03             0.000000         -2813.929365             0.000000 
       19.959350     83514.4044087625   02        10.447222         0.000000        11.676618         0.000000    03             0.000000         -2812.907577             0.000000 
       19.959350     83514.4044087625   02        10.447222         0.000000        11.676618         0.000000    03             0.000000         -2812.907577             0.000000 
       19.959350     83514.4044087625   02        10.447222         0.000000        11.676618         0.000000    03             0.000000         -2812.907577             0.000000 
       19.959350     83514.4044087625   02        10.447222         0.000000        11.676618         0.000000    03             0.000000         -2812.907577             0.000000 
       19.959350     83514.4044087625   02        10.447222         0.000000        11.676618         0.000000    03             0.000000         -2812.907577             0.000000 
       19.959350     83514.4044087625   02        10.447222         0.000000        11.676618         0.000000    03             0.000000         -2812.907577             0.000000 
       19.959350     83519.2820000229   02        10.431284         0.000000        11.683009         0.000000    03             0.000000         -2813.929365             0.000000 
       19.959350     83514.4044087625   02        10.447222         0.000000        11.676618         0.000000    03             0.000000         -2812.907577             0.000000 
       19.959350     83514.4044087625   02        10.447222         0.000000        11.676618         0.000000    03             0.000000         -2812.907577             0.000000 
       19.959350     83511.0380281263   02        10.468049         0.000000        11.678700         0.000000    03             0.000000         -2813.783973             0.000000 
       19.959350     83509.4788790060   02        10.496920         0.000000        11.671144         0.000000    03             0.000000         -2812.717557             0.000000 
       19.959350     83514.4044087626   02        10.447222         0.000000        11.676618         0.000000    03             0.000000         -2812.907577             0.000000 
       19.959350     83514.4044087626   02        10.447222         0.000000        11.676618         0.000000    03             0.000000         -2812.907577             0.000000 
       19.959350     83514.4044087625   02        10.447222         0.000000        11.676618         0.000000    03             0.000000         -2812.907577             0.000000 
       19.959350     83514.4044087625   02        10.447222         0.000000        11.676618         0.000000    03             0.000000         -2812.907577             0.000000 
       19.959350     83514.4044087626   02        10.447222         0.000000        11.676618         0.000000    03             0.000000         -2812.907577             0.000000 
       19.959350     83511.0380281263   02        10.468049         0.000000        11.678700         0.000000    03             0.000000         -2813.783973             0.000000 
       19.959350     83511.0380281263   02        10.468049         0.000000        11.678700         0.000000    03             0.000000         -2813.783973             0.000000 
       19.959350     83511.7415626080   02        10.468679         0.000000        11.677637         0.000000    03             0.000000         -2813.569519             0.000000 
       19.959350     83511.0380281263   02        10.468049         0.000000        11.678700         0.000000    03             0.000000         -2813.783973             0.000000 
       19.959350     83511.7415626080   02        10.468679         0.000000        11.677637         0.000000    03             0.000000         -2813.569519             0.000000 
       19.959350     83514.4044087625   02        10.447222         0.000000        11.676618         0.000000    03             0.000000         -2812.907577             0.000000 
       19.959350     83514.4044087625   02        10.447222         0.000000        11.676618         0.000000    03             0.000000         -2812.907577             0.000000 
       19.959350     83511.0380281263   02        10.468049         0.000000        11.678700         0.000000    03             0.000000         -2813.783973             0.000000 
       19.959350     83511.0380281263   02        10.468049         0.000000        11.678700         0.000000    03             0.000000         -2813.783973             0.000000 
       19.959350     83511.0380281263   02        10.468049         0.000000        11.678700         0.000000    03             0.000000         -2813.783973             0.000000 
       19.959350     83511.0380281263   02        10.468049         0.000000        11.678700         0.000000    03             0.000000         -2813.783973             0.000000 
       19.959350     83514.4044087625   02        10.447222         0.000000        11.676618         0.000000    03             0.000000         -2812.907577             0.000000 
       19.959350     83511.7415626080   02        10.468679         0.000000        11.677637         0.000000    03             0.000000         -2813.569519             0.000000 
       19.959350     83514.4044087625   02        10.447222         0.000000        11.676618         0.000000    03             0.000000         -2812.907577             0.000000 
       19.959350     83514.4044087625   02        10.447222         0.000000        11.676618         0.000000    03             0.000000         -2812.907577             0.000000 
       19.959350     83511.0380281263   02        10.468049         0.000000        11.678700         0.000000    03             0.000000         -2813.783973             0.000000 
       19.959350     83511.0380281263   02        10.468049         0.000000        11.678700         0.000000    03             0.000000         -2813.783973             0.000000 
       19.959350     83509.9027561285   02        10.377473         0.000000        11.676243         0.000000    03             0.000000         -2811.287808             0.000000 
       19.959350     83511.0380281263   02        10.468049         0.000000        11.678700         0.000000    03             0.000000         -2813.783973             0.000000 
       19.959350     83511.0380281263   02        10.468049         0.000000        11.678700         0.000000    03             0.000000         -2813.783973             0.000000 
       19.959350     83511.7415626080   02        10.468679         0.000000        11.677637         0.000000    03             0.000000         -2813.569519             0.000000 
       19.959350     83514.4044087625   02        10.447222         0.000000        11.676618         0.000000    03             0.000000         -2812.907577             0.000000 
       19.959350     83511.0380281263   02        10.468049         0.000000        11.678700         0.000000    03             0.000000         -2813.783973             0.000000 
       19.959350     83511.0380281263   02        10.468049         0.000000        11.678700         0.000000    03             0.000000         -2813.783973             0.000000 
       19.959350     83511.0380281263   02        10.468049         0.000000        11.678700         0.000000    03             0.000000         -2813.783973             0.000000 
       19.959350     83511.7415626080   02        10.468679         0.000000        11.677637         0.000000    03             0.000000         -2813.569519             0.000000 
       19.959350     83511.0380281263   02        10.468049         0.000000        11.678700         0.000000    03             0.000000         -2813.783973             0.000000 
       19.959350     83511.7415626080   02        10.468679         0.000000        11.677637         0.000000    03             0.000000         -2813.569519             0.000000 
       19.959350     83511.0380281263   02        10.468049         0.000000        11.678700         0.000000    03             0.000000         -2813.783973             0.000000 
       19.959350     83514.4044087625   02        10.447222         0.000000        11.676618         0.000000    03             0.000000         -2812.907577             0.000000 
       19.959350     83509.4788790060   02        10.496920         0.000000        11.671144         0.000000    03             0.000000         -2812.717557             0.000000 
       19.959350     83511.0380281263   02        10.468049         0.000000        11.678700         0.000000    03             0.000000         -2813.783973             0.000000 
       19.959350     83509.9027561285   02        10.377473         0.000000        11.676243         0.000000    03             0.000000         -2811.287808             0.000000 
       19.959350     83509.9027561285   02        10.377473         0.000000        11.676243         0.000000    03             0.000000         -2811.287808             0.000000 
       19.959350     83509.9027561286   02        10.377473         0.000000        11.676243         0.000000    03             0.000000         -2811.287808             0.000000 
       19.959350     83509.9027561285   02        10.377473         0.000000        11.676243         0.000000    03             0.000000         -2811.287808             0.000000 
       19.959350     83509.9027561286   02        10.377473         0.000000        11.676243         0.000000    03             0.000000         -2811.287808             0.000000 
       19.959350     83511.0380281263   02        10.468049         0.000000        11.678700         0.000000    03             0.000000         -2813.783973             0.000000 
       19.959350     83511.7415626080   02        10.468679         0.000000        11.677637         0.000000    03             0.000000         -2813.569519             0.000000 
       19.959350     83509.9027561285   02        10.377473         0.000000        11.676243         0.000000    03             0.000000         -2811.287808             0.000000 
       19.959350     83509.9027561285   02        10.377473         0.000000        11.676243         0.000000    03             0.000000         -2811.287808             0.000000 
       19.959350     83509.9027561285   02        10.377473         0.000000        11.676243         0.000000    03             0.000000         -2811.287808             0.000000 
       19.959350     83509.9027561285   02        10.377473         0.000000        11.676243         0.000000    03             0.000000         -2811.287808             0.000000 
       19.959350     83511.0380281263   02        10.468049         0.000000        11.678700         0.000000    03             0.000000         -2813.783973             0.000000 
       19.959350     83511.0380281263   02        10.468049         0.000000        11.678700         0.000000    03             0.000000         -2813.783973             0.000000 
       19.959350     83511.7415626080   02        10.468679         0.000000        11.677637         0.000000    03             0.000000         -2813.569519             0.000000 
       19.959350     83511.0380281263   02        10.468049         0.000000        11.678700         0.000000    03             0.000000         -2813.783973             0.000000 
       19.959350     83509.9027561285   02        10.377473         0.000000        11.676243         0.000000    03             0.000000         -2811.287808             0.000000 
       19.959350     83509.9027561285   02        10.377473         0.000000        11.676243         0.000000    03             0.000000         -2811.287808             0.000000 
       19.959350     83511.0380281263   02        10.468049         0.000000        11.678700         0.000000    03             0.000000         -2813.783973             0.000000 
       19.959350     83509.9027561286   02        10.377473         0.000000        11.676243         0.000000    03             0.000000         -2811.287808             0.000000 
       19.959350     83509.9027561285   02        10.377473         0.000000        11.676243         0.000000    03             0.000000         -2811.287808             0.000000 
       19.959350     83511.0380281263   02        10.468049         0.000000        11.678700         0.000000    03             0.000000         -2813.783973             0.000000 
       19.959350     83511.0380281263   02        10.468049         0.000000        11.678700         0.000000    03             0.000000         -2813.783973             0.000000 
       19.959350     83509.9027561285   02        10.377473         0.000000        11.676243         0.000000    03             0.000000         -2811.287808             0.000000 
       19.959350     83509.9027561285   02        10.377473         0.000000        11.676243         0.000000    03             0.000000         -2811.287808             0.000000 
       19.959350     83509.9027561285   02        10.377473         0.000000        11.676243         0.000000    03             0.000000         -2811.287808             0.000000 
       19.959350     83509.9027561285   02        10.377473         0.000000        11.676243         0.000000    03             0.000000         -2811.287808             0.000000 
       19.959350     83509.9027561286   02        10.377473         0.000000        11.676243         0.000000    03             0.000000         -2811.287808             0.000000 
       19.959350     83511.7415626080   02        10.468679         0.000000        11.677637         0.000000    03             0.000000         -2813.569519             0.000000 
       19.959350     83511.7415626080   02        10.468679         0.000000        11.677637         0.000000    03             0.000000         -2813.569519             0.000000 
       19.959350     83511.0380281263   02        10.468049         0.000000        11.678700         0.000000    03             0.000000         -2813.783973             0.000000 
       19.959350     83511.0380281263   02        10.468049         0.000000        11.678700         0.000000    03             0.000000         -2813.783973             0.000000 
       19.959350     83509.9027561285   02        10.377473         0.000000        11.676243         0.000000    03             0.000000         -2811.287808             0.000000 
       19.959350     83509.9027561285   02        10.377473         0.000000        11.676243         0.000000    03             0.000000         -2811.287808             0.000000 
       19.959350     83509.9027561285   02        10.377473         0.000000        11.676243         0.000000    03             0.000000         -2811.287808             0.000000 
       19.959350     83509.9027561286   02        10.377473         0.000000        11.676243         0.000000    03             0.000000         -2811.287808             0.000000 
       19.959350     83509.4788790060   02        10.496920         0.000000        11.671144         0.000000    03             0.000000         -2812.717557             0.000000 
       19.959350     83508.3386127409   02        10.358293         0.000000        11.673820         0.000000    03             0.000000         -2810.371773             0.000000 
       19.959350     83508.3386127409   02        10.358293         0.000000        11.673820         0.000000    03             0.000000         -2810.371773             0.000000 
       19.959350     83638.2074476733   02        10.220687         0.000000        11.678878         0.000000    03             0.000000         -2808.433019             0.000000 
       19.959350     83509.9027561286   02        10.377473         0.000000        11.676243         0.000000    03             0.000000         -2811.287808             0.000000 
       19.959350     83509.9027561285   02        10.377473         0.000000        11.676243         0.000000    03             0.000000         -2811.287808             0.000000 
       19.959350     83398.2593822879   02        11.337379         0.000000        13.176215         0.000000    03             0.000000         -2890.160921             0.000000 
       19.959350     84391.1980918883   02         8.333542         0.000000        11.072463         0.000000    03             0.000000         -2659.649315             0.000000 
       19.959350     83423.6844621309   02        10.719580         0.000000        11.802002         0.000000    03             0.000000         -2847.156546             0.000000 
       19.959350     83752.8807286438   02         9.916269         0.000000        11.401093         0.000000    03             0.000000         -2740.284221             0.000000 
       19.959350     83473.3431811290   02        10.453030         0.000000        11.724405         0.000000    03             0.000000         -2823.810829             0.000000 
       19.959350     83612.7553802601   02        10.141346         0.000000        11.544533         0.000000    03             0.000000         -2776.932401             0.000000 
       19.959350     83489.4738187097   02        10.400952         0.000000        11.700861         0.000000    03             0.000000         -2817.339890             0.000000 
       19.959350     83551.2107052955   02        10.255484         0.000000        11.617364         0.000000    03             0.000000         -2795.570012             0.000000 
       20.450610     83465.4701709377   02        10.334393         0.000000        11.655957         0.000000    03             0.000000         -2805.903849             0.000000 
       20.450610     83467.5164650975   02        10.477014         0.000000        11.651572         0.000000    03             0.000000         -2807.971499             0.000000 
       20.450610     83467.5164650975   02        10.477014         0.000000        11.651572         0.000000    03             0.000000         -2807.971499             0.000000 
       20.450610     83467.5164650975   02        10.477014         0.000000        11.651572         0.000000    03             0.000000         -2807.971499             0.000000 
       20.450610     83467.5164650976   02        10.477014         0.000000        11.651572         0.000000    03             0.000000         -2807.971499             0.000000 
       20.450610     83467.3290289988   02        10.352658         0.000000        11.658080         0.000000    03             0.000000         -2806.750550             0.000000 
       20.450610     83467.5164650975   02        10.477014         0.000000        11.651572         0.000000    03             0.000000         -2807.971499             0.000000 
       20.450610     83467.5164650975   02        10.477014         0.000000        11.651572         0.000000    03             0.000000         -2807.971499             0.000000 
       20.450610     83467.5164650975   02        10.477014         0.000000        11.651572         0.000000    03             0.000000         -2807.971499             0.000000 
       20.450610     83467.5164650975   02        10.477014         0.000000        11.651572         0.000000    03             0.000000         -2807.971499             0.000000 
       20.450610     83465.4701709377   02        10.334393         0.000000        11.655957         0.000000    03             0.000000         -2805.903849             0.000000 
       20.450610     83465.4701709377   02        10.334393         0.000000        11.655957         0.000000    03             0.000000         -2805.903849             0.000000 
       20.450610     83467.5164650975   02        10.477014         0.000000        11.651572         0.000000    03             0.000000         -2807.971499             0.000000 
       20.450610     83467.5164650975   02        10.477014         0.000000        11.651572         0.000000    03             0.000000         -2807.971499             0.000000 
       20.450610     83467.5164650975   02        10.477014         0.000000        11.651572         0.000000    03             0.000000         -2807.971499             0.000000 
       20.450610     83465.4701709377   02        10.334393         0.000000        11.655957         0.000000    03             0.000000         -2805.903849             0.000000 
       20.450610     83467.5164650975   02        10.477014         0.000000        11.651572         0.000000    03             0.000000         -2807.971499             0.000000 
       20.450610     83467.5164650975   02        10.477014         0.000000        11.651572         0.000000    03             0.000000         -2807.971499             0.000000 
       20.450610     83465.4701709377   02        10.334393         0.000000        11.655957         0.000000    03             0.000000         -2805.903849             0.000000 
       20.450610     83467.5164650975   02        10.477014         0.000000        11.651572         0.000000    03             0.000000         -2807.971499             0.000000 
       20.450610     83467.5164650976   02        10.477014         0.000000        11.651572         0.000000    03             0.000000         -2807.971499             0.000000 
       20.450610     83467.3290289987   02        10.352658         0.000000        11.658080         0.000000    03             0.000000         -2806.750550             0.000000 
       20.450610     83465.4701709377   02        10.334393         0.000000        11.655957         0.000000    03             0.000000         -2805.903849             0.000000 
       20.450610     83467.5164650975   02        10.477014         0.000000        11.651572         0.000000    03             0.000000         -2807.971499             0.000000 
       20.450610     83467.5164650976   02        10.477014         0.000000        11.651572         0.000000    03             0.000000         -2807.971499             0.000000 
       20.450610     83467.5164650976   02        10.477014         0.000000        11.651572         0.000000    03             0.000000         -2807.971499             0.000000 
       20.450610     83465.4701709377   02        10.334393         0.000000        11.655957         0.000000    03             0.000000         -2805.903849             0.000000 
       20.450610     83467.5164650975   02        10.477014         0.000000        11.651572         0.000000    03             0.000000         -2807.971499             0.000000 
       20.450610     83467.5164650975   02        10.477014         0.000000        11.651572         0.000000    03             0.000000         -2807.971499             0.000000 
       20.450610     83467.5164650975   02        10.477014         0.000000        11.651572         0.000000    03             0.000000         -2807.971499             0.000000 
       20.450610     83467.5164650975   02        10.477014         0.000000        11.651572         0.000000    03             0.000000         -2807.971499             0.000000 
       20.450610     83465.4701709377   02        10.334393         0.000000        11.655957         0.000000    03             0.000000         -2805.903849             0.000000 
       20.450610     83467.5164650976   02        10.477014         0.000000        11.651572         0.000000    03             0.000000         -2807.971499             0.000000 
       20.450610     83467.5164650976   02        10.477014         0.000000        11.651572         0.000000    03             0.000000         -2807.971499             0.000000 
       20.450610     83467.5164650975   02        10.477014         0.000000        11.651572         0.000000    03             0.000000         -2807.971499             0.000000 
       20.450610     83467.5164650975   02        10.477014         0.000000        11.651572         0.000000    03             0.000000         -2807.971499             0.000000 
       20.450610     83467.5164650975   02        10.477014         0.000000        11.651572         0.000000    03             0.000000         -2807.971499             0.000000 
       20.450610     83633.1432344967   02        11.883073         0.000000        11.630029         0.000000    03             0.000000         -2833.941726             0.000000 
       20.450610     83465.4701709377   02        10.334393         0.000000        11.655957         0.000000    03             0.000000         -2805.903849             0.000000 
       20.450610     83465.4701709377   02        10.334393         0.000000        11.655957         0.000000    03             0.000000         -2805.903849             0.000000 
       20.450610     83465.4701709377   02        10.334393         0.000000        11.655957         0.000000    03             0.000000         -2805.903849             0.000000 
       20.450610     83465.4701709377   02        10.334393         0.000000        11.655957         0.000000    03             0.000000         -2805.903849             0.000000 
       20.450610     83467.5164650976   02        10.477014         0.000000        11.651572         0.000000    03             0.000000         -2807.971499             0.000000 
       20.450610     83633.1432344967   02        11.883073         0.000000        11.630029         0.000000    03             0.000000         -2833.941726             0.000000 
       20.450610     83595.9536640231   02        10.196483         0.000000        11.660479         0.000000    03             0.000000         -2803.833925             0.000000 
       20.450610     83595.9536640231   02        10.196483         0.000000        11.660479         0.000000    03             0.000000         -2803.833925             0.000000 
       20.450610     83595.9536640231   02        10.196483         0.000000        11.660479         0.000000    03             0.000000         -2803.833925             0.000000 
       20.450610     83465.4701709377   02        10.334393         0.000000        11.655957         0.000000    03             0.000000         -2805.903849             0.000000 
       20.450610     83465.4701709377   02        10.334393         0.000000        11.655957         0.000000    03             0.000000         -2805.903849             0.000000 
       20.450610     83465.4701709377   02        10.334393         0.000000        11.655957         0.000000    03             0.000000         -2805.903849             0.000000 
       20.450610     83631.6439361632   02        11.897553         0.000000        11.631752         0.000000    03             0.000000         -2834.682194             0.000000 
       20.450610     83465.4701709377   02        10.334393         0.000000        11.655957         0.000000    03             0.000000         -2805.903849             0.000000 
       20.450610     83465.4701709377   02        10.334393         0.000000        11.655957         0.000000    03             0.000000         -2805.903849             0.000000 
       20.450610     83633.1432344967   02        11.883073         0.000000        11.630029         0.000000    03             0.000000         -2833.941726             0.000000 
       20.450610     83465.4701709377   02        10.334393         0.000000        11.655957         0.000000    03             0.000000         -2805.903849             0.000000 
       20.450610     83630.5196966576   02        11.909211         0.000000        11.633026         0.000000    03             0.000000         -2835.241816             0.000000 
       20.450610     83465.4701709377   02        10.334393         0.000000        11.655957         0.000000    03             0.000000         -2805.903849             0.000000 
       20.450610     83633.1432344967   02        11.883073         0.000000        11.630029         0.000000    03             0.000000         -2833.941726             0.000000 
       20.450610     83465.4701709377   02        10.334393         0.000000        11.655957         0.000000    03             0.000000         -2805.903849             0.000000 
       20.450610     83465.4701709377   02        10.334393         0.000000        11.655957         0.000000    03             0.000000         -2805.903849             0.000000 
       20.450610     83465.4701709377   02        10.334393         0.000000        11.655957         0.000000    03             0.000000         -2805.903849             0.000000 
       20.450610     83465.4701709377   02        10.334393         0.000000        11.655957         0.000000    03             0.000000         -2805.903849             0.000000 
       20.450610     83633.1432344967   02        11.883073         0.000000        11.630029         0.000000    03             0.000000         -2833.941726             0.000000 
       20.450610     83465.4701709377   02        10.334393         0.000000        11.655957         0.000000    03             0.000000         -2805.903849             0.000000 
       20.450610     83465.4701709377   02        10.334393         0.000000        11.655957         0.000000    03             0.000000         -2805.903849             0.000000 
       20.450610     83465.4701709377   02        10.334393         0.000000        11.655957         0.000000    03             0.000000         -2805.903849             0.000000 
       20.450610     83465.4701709377   02        10.334393         0.000000        11.655957         0.000000    03             0.000000         -2805.903849             0.000000 
       20.450610     83465.4701709377   02        10.334393         0.000000        11.655957         0.000000    03             0.000000         -2805.903849             0.000000 
       20.450610     83465.4701709377   02        10.334393         0.000000        11.655957         0.000000    03             0.000000         -2805.903849             0.000000 
       20.450610     83595.9536640231   02        10.196483         0.000000        11.660479         0.000000    03             0.000000         -2803.833925             0.000000 
       20.450610     83631.6439361632   02        11.897553         0.000000        11.631752         0.000000    03             0.000000         -2834.682194             0.000000 
       20.450610     83465.4701709377   02        10.334393         0.000000        11.655957         0.000000    03             0.000000         -2805.903849             0.000000 
       20.450610     83465.4701709377   02        10.334393         0.000000        11.655957         0.000000    03             0.000000         -2805.903849             0.000000 
       20.450610     83631.6439361632   02        11.897553         0.000000        11.631752         0.000000    03             0.000000         -2834.682194             0.000000 
       20.450610     83633.1432344967   02        11.883073         0.000000        11.630029         0.000000    03             0.000000         -2833.941726             0.000000 
       20.450610     83465.4701709377   02        10.334393         0.000000        11.655957         0.000000    03             0.000000         -2805.903849             0.000000 
       20.450610     83465.4701709377   02        10.334393         0.000000        11.655957         0.000000    03             0.000000         -2805.903849             0.000000 
       20.450610     83465.4701709377   02        10.334393         0.000000        11.655957         0.000000    03             0.000000         -2805.903849             0.000000 
       20.450610     83631.6439361632   02        11.897553         0.000000        11.631752         0.000000    03             0.000000         -2834.682194             0.000000 
       20.450610     83595.9536640231   02        10.196483         0.000000        11.660479         0.000000    03             0.000000         -2803.833925             0.000000 
       20.450610     83595.9536640231   02        10.196483         0.000000        11.660479         0.000000    03             0.000000         -2803.833925             0.000000 
       20.450610     83467.5164650975   02        10.477014         0.000000        11.651572         0.000000    03             0.000000         -2807.971499             0.000000 
       20.450610     83595.9536640231   02        10.196483         0.000000        11.660479         0.000000    03             0.000000         -2803.833925             0.000000 
       20.450610     83595.9536640231   02        10.196483         0.000000        11.660479         0.000000    03             0.000000         -2803.833925             0.000000 
       20.450610     83595.9536640231   02        10.196483         0.000000        11.660479         0.000000    03             0.000000         -2803.833925             0.000000 
       20.450610     83595.9536640231   02        10.196483         0.000000        11.660479         0.000000    03             0.000000         -2803.833925             0.000000 
       20.450610     83595.9536640231   02        10.196483         0.000000        11.660479         0.000000    03             0.000000         -2803.833925             0.000000 
       20.450610     83595.9536640231   02        10.196483         0.000000        11.660479         0.000000    03             0.000000         -2803.833925             0.000000 
       20.450610     83595.9536640231   02        10.196483         0.000000        11.660479         0.000000    03             0.000000         -2803.833925             0.000000 
       20.450610     83595.9536640231   02        10.196483         0.000000        11.660479         0.000000    03             0.000000         -2803.833925             0.000000 
       20.450610     83595.9536640231   02        10.196483         0.000000        11.660479         0.000000    03             0.000000         -2803.833925             0.000000 
       20.450610     83595.9536640231   02        10.196483         0.000000        11.660479         0.000000    03             0.000000         -2803.833925             0.000000 
       20.450610     83595.9536640231   02        10.196483         0.000000        11.660479         0.000000    03             0.000000         -2803.833925             0.000000 
       20.450610     83595.9536640231   02        10.196483         0.000000        11.660479         0.000000    03             0.000000         -2803.833925             0.000000 
       20.450610     83595.9536640231   02        10.196483         0.000000        11.660479         0.000000    03             0.000000         -2803.833925             0.000000 
       20.450610     83595.9536640231   02        10.196483         0.000000        11.660479         0.000000    03             0.000000         -2803.833925             0.000000 
       20.450610     83595.9536640231   02        10.196483         0.000000        11.660479         0.000000    03             0.000000         -2803.833925             0.000000 
       20.450610     83595.9536640231   02        10.196483         0.000000        11.660479         0.000000    03             0.000000         -2803.833925             0.000000 
       20.450610     83595.9536640231   02        10.196483         0.000000        11.660479         0.000000    03             0.000000         -2803.833925             0.000000 
       20.450610     83595.9536640231   02        10.196483         0.000000        11.660479         0.000000    03             0.000000         -2803.833925             0.000000 
       20.450610     83549.7469199474   02        10.673695         0.000000        11.658609         0.000000    03             0.000000         -2814.058647             0.000000 
       20.450610     83595.9536640231   02        10.196483         0.000000        11.660479         0.000000    03             0.000000         -2803.833925             0.000000 
       20.450610     83595.9536640231   02        10.196483         0.000000        11.660479         0.000000    03             0.000000         -2803.833925             0.000000 
       20.450610     83467.3290289987   02        10.352658         0.000000        11.658080         0.000000    03             0.000000         -2806.750550             0.000000 
       20.450610     83595.9536640231   02        10.196483         0.000000        11.660479         0.000000    03             0.000000         -2803.833925             0.000000 
       20.450610     83595.9536640231   02        10.196483         0.000000        11.660479         0.000000    03             0.000000         -2803.833925             0.000000 
       20.450610     83595.9536640231   02        10.196483         0.000000        11.660479         0.000000    03             0.000000         -2803.833925             0.000000 
       20.450610     83595.9536640231   02        10.196483         0.000000        11.660479         0.000000    03             0.000000         -2803.833925             0.000000 
       20.450610     83595.9536640231   02        10.196483         0.000000        11.660479         0.000000    03             0.000000         -2803.833925             0.000000 
       20.450610     83550.0454249678   02        10.670198         0.000000        11.658289         0.000000    03             0.000000         -2813.895456             0.000000 
       20.450610     83595.9536640231   02        10.196483         0.000000        11.660479         0.000000    03             0.000000         -2803.833925             0.000000 
       20.450610     83595.9536640231   02        10.196483         0.000000        11.660479         0.000000    03             0.000000         -2803.833925             0.000000 
       20.450610     83595.9536640231   02        10.196483         0.000000        11.660479         0.000000    03             0.000000         -2803.833925             0.000000 
       20.450610     83595.9536640231   02        10.196483         0.000000        11.660479         0.000000    03             0.000000         -2803.833925             0.000000 
       20.450610     83595.9536640231   02        10.196483         0.000000        11.660479         0.000000    03             0.000000         -2803.833925             0.000000 
       20.450610     83550.0499127619   02        10.670225         0.000000        11.658281         0.000000    03             0.000000         -2813.894572             0.000000 
       20.450610     83467.5164650975   02        10.477014         0.000000        11.651572         0.000000    03             0.000000         -2807.971499             0.000000 
       20.450610     83549.7469199474   02        10.673695         0.000000        11.658609         0.000000    03             0.000000         -2814.058647             0.000000 
       20.450610     83549.7469199474   02        10.673695         0.000000        11.658609         0.000000    03             0.000000         -2814.058647             0.000000 
       20.450610     83549.7469199474   02        10.673695         0.000000        11.658609         0.000000    03             0.000000         -2814.058647             0.000000 
       20.450610     83550.0499127619   02        10.670225         0.000000        11.658281         0.000000    03             0.000000         -2813.894572             0.000000 
       20.450610     83549.7469199474   02        10.673695         0.000000        11.658609         0.000000    03             0.000000         -2814.058647             0.000000 
       20.450610     83550.0454249678   02        10.670198         0.000000        11.658289         0.000000    03             0.000000         -2813.895456             0.000000 
       20.450610     83550.0499127619   02        10.670225         0.000000        11.658281         0.000000    03             0.000000         -2813.894572             0.000000 
       20.450610     83550.0499127619   02        10.670225         0.000000        11.658281         0.000000    03             0.000000         -2813.894572             0.000000 
       20.450610     83549.7469199474   02        10.673695         0.000000        11.658609         0.000000    03             0.000000         -2814.058647             0.000000 
       20.450610     83549.7469199474   02        10.673695         0.000000        11.658609         0.000000    03             0.000000         -2814.058647             0.000000 
       20.450610     83549.7469199474   02        10.673695         0.000000        11.658609         0.000000    03             0.000000         -2814.058647             0.000000 
       20.450610     83549.7469199474   02        10.673695         0.000000        11.658609         0.000000    03             0.000000         -2814.058647             0.000000 
       20.450610     83549.7469199474   02        10.673695         0.000000        11.658609         0.000000    03             0.000000         -2814.058647             0.000000 
       20.450610     83549.7469199474   02        10.673695         0.000000        11.658609         0.000000    03             0.000000         -2814.058647             0.000000 
       20.450610     83549.7469199474   02        10.673695         0.000000        11.658609         0.000000    03             0.000000         -2814.058647             0.000000 
       20.450610     83549.7469199474   02        10.673695         0.000000        11.658609         0.000000    03             0.000000         -2814.058647             0.000000 
       20.450610     83541.0036354706   02        10.318053         0.000000        11.660678         0.000000    03             0.000000         -2806.550871             0.000000 
       20.450610     83549.7469199474   02        10.673695         0.000000        11.658609         0.000000    03             0.000000         -2814.058647             0.000000 
       20.450610     83550.0454249678   02        10.670198         0.000000        11.658289         0.000000    03             0.000000         -2813.895456             0.000000 
       20.450610     83549.7469199474   02        10.673695         0.000000        11.658609         0.000000    03             0.000000         -2814.058647             0.000000 
       20.450610     83549.7469199474   02        10.673695         0.000000        11.658609         0.000000    03             0.000000         -2814.058647             0.000000 
       20.450610     83550.0495983435   02        10.670223         0.000000        11.658281         0.000000    03             0.000000         -2813.894634             0.000000 
       20.450610     83550.0499127619   02        10.670225         0.000000        11.658281         0.000000    03             0.000000         -2813.894572             0.000000 
       20.450610     83549.7469199474   02        10.673695         0.000000        11.658609         0.000000    03             0.000000         -2814.058647             0.000000 
       20.450610     83549.7469199474   02        10.673695         0.000000        11.658609         0.000000    03             0.000000         -2814.058647             0.000000 
       20.450610     83541.0036354706   02        10.318053         0.000000        11.660678         0.000000    03             0.000000         -2806.550871             0.000000 
       20.450610     83549.7469199474   02        10.673695         0.000000        11.658609         0.000000    03             0.000000         -2814.058647             0.000000 
       20.450610     83549.7469199474   02        10.673695         0.000000        11.658609         0.000000    03             0.000000         -2814.058647             0.000000 
       20.450610     83549.7469199474   02        10.673695         0.000000        11.658609         0.000000    03             0.000000         -2814.058647             0.000000 
       20.450610     83549.7469199474   02        10.673695         0.000000        11.658609         0.000000    03             0.000000         -2814.058647             0.000000 
       20.450610     83550.0495983435   02        10.670223         0.000000        11.658281         0.000000    03             0.000000         -2813.894634             0.000000 
       20.450610     83550.0499127619   02        10.670225         0.000000        11.658281         0.000000    03             0.000000         -2813.894572             0.000000 
       20.450610     83549.7469199474   02        10.673695         0.000000        11.658609         0.000000    03             0.000000         -2814.058647             0.000000 
       20.450610     83549.7469199474   02        10.673695         0.000000        11.658609         0.000000    03             0.000000         -2814.058647             0.000000 
       20.450610     83549.7469199474   02        10.673695         0.000000        11.658609         0.000000    03             0.000000         -2814.058647             0.000000 
       20.450610     83549.7469199474   02        10.673695         0.000000        11.658609         0.000000    03             0.000000         -2814.058647             0.000000 
       20.450610     83467.5164650975   02        10.477014         0.000000        11.651572         0.000000    03             0.000000         -2807.971499             0.000000 
       20.450610     83541.0036354706   02        10.318053         0.000000        11.660678         0.000000    03             0.000000         -2806.550871             0.000000 
       20.450610     83541.0036354706   02        10.318053         0.000000        11.660678         0.000000    03             0.000000         -2806.550871             0.000000 
       20.450610     83541.0036354706   02        10.318053         0.000000        11.660678         0.000000    03             0.000000         -2806.550871             0.000000 
       20.450610     83541.0036354706   02        10.318053         0.000000        11.660678         0.000000    03             0.000000         -2806.550871             0.000000 
       20.450610     83541.0036354706   02        10.318053         0.000000        11.660678         0.000000    03             0.000000         -2806.550871             0.000000 
       20.450610     83541.0036354706   02        10.318053         0.000000        11.660678         0.000000    03             0.000000         -2806.550871             0.000000 
       20.450610     83541.0036354706   02        10.318053         0.000000        11.660678         0.000000    03             0.000000         -2806.550871             0.000000 
       20.450610     83541.0036354706   02        10.318053         0.000000        11.660678         0.000000    03             0.000000         -2806.550871             0.000000 
       20.450610     83541.0036354706   02        10.318053         0.000000        11.660678         0.000000    03             0.000000         -2806.550871             0.000000 
       20.450610     83541.0036354706   02        10.318053         0.000000        11.660678         0.000000    03             0.000000         -2806.550871             0.000000 
       20.450610     83541.0036354706   02        10.318053         0.000000        11.660678         0.000000    03             0.000000         -2806.550871             0.000000 
       20.450610     83541.0036354706   02        10.318053         0.000000        11.660678         0.000000    03             0.000000         -2806.550871             0.000000 
       20.450610     83541.0036354706   02        10.318053         0.000000        11.660678         0.000000    03             0.000000         -2806.550871             0.000000 
       20.450610     83541.0036354706   02        10.318053         0.000000        11.660678         0.000000    03             0.000000         -2806.550871             0.000000 
       20.450610     83541.0036354706   02        10.318053         0.000000        11.660678         0.000000    03             0.000000         -2806.550871             0.000000 
       20.450610     83541.0036354706   02        10.318053         0.000000        11.660678         0.000000    03             0.000000         -2806.550871             0.000000 
       20.450610     83541.0036354706   02        10.318053         0.000000        11.660678         0.000000    03             0.000000         -2806.550871             0.000000 
       20.450610     83541.0036354706   02        10.318053         0.000000        11.660678         0.000000    03             0.000000         -2806.550871             0.000000 
       20.450610     83541.0036354706   02        10.318053         0.000000        11.660678         0.000000    03             0.000000         -2806.550871             0.000000 
       20.450610     83541.0036354706   02        10.318053         0.000000        11.660678         0.000000    03             0.000000         -2806.550871             0.000000 
       20.450610     83467.3290289988   02        10.352658         0.000000        11.658080         0.000000    03             0.000000         -2806.750550             0.000000 
       20.450610     83541.0036354706   02        10.318053         0.000000        11.660678         0.000000    03             0.000000         -2806.550871             0.000000 
       20.450610     83541.0036354706   02        10.318053         0.000000        11.660678         0.000000    03             0.000000         -2806.550871             0.000000 
       20.450610     83541.0036354706   02        10.318053         0.000000        11.660678         0.000000    03             0.000000         -2806.550871             0.000000 
       20.450610     83541.0036354706   02        10.318053         0.000000        11.660678         0.000000    03             0.000000         -2806.550871             0.000000 
       20.450610     83541.0036354706   02        10.318053         0.000000        11.660678         0.000000    03             0.000000         -2806.550871             0.000000 
       20.450610     83541.0036354706   02        10.318053         0.000000        11.660678         0.000000    03             0.000000         -2806.550871             0.000000 
       20.450610     83541.0036354706   02        10.318053         0.000000        11.660678         0.000000    03             0.000000         -2806.550871             0.000000 
       20.450610     83541.0036354706   02        10.318053         0.000000        11.660678         0.000000    03             0.000000         -2806.550871             0.000000 
       20.450610     83541.0036354706   02        10.318053         0.000000        11.660678         0.000000    03             0.000000         -2806.550871             0.000000 
       20.450610     83541.0036354706   02        10.318053         0.000000        11.660678         0.000000    03             0.000000         -2806.550871             0.000000 
       20.450610     83541.0036354706   02        10.318053         0.000000        11.660678         0.000000    03             0.000000         -2806.550871             0.000000 
       20.450610     83541.0036354706   02        10.318053         0.000000        11.660678         0.000000    03             0.000000         -2806.550871             0.000000 
       20.450610     83541.0036354706   02        10.318053         0.000000        11.660678         0.000000    03             0.000000         -2806.550871             0.000000 
       20.450610     83541.0036354706   02        10.318053         0.000000        11.660678         0.000000    03             0.000000         -2806.550871             0.000000 
       20.450610     83541.0036354706   02        10.318053         0.000000        11.660678         0.000000    03             0.000000         -2806.550871             0.000000 
       20.450610     83467.5164650975   02        10.477014         0.000000        11.651572         0.000000    03             0.000000         -2807.971499             0.000000 
       20.450610     83522.0212554879   02        10.315374         0.000000        11.654627         0.000000    03             0.000000         -2805.146271             0.000000 
       20.450610     83522.8232833055   02        10.309249         0.000000        11.653656         0.000000    03             0.000000         -2804.796058             0.000000 
       20.450610     83522.0212554879   02        10.315374         0.000000        11.654627         0.000000    03             0.000000         -2805.146271             0.000000 
       20.450610     83522.0212554879   02        10.315374         0.000000        11.654627         0.000000    03             0.000000         -2805.146271             0.000000 
       20.450610     83522.0212554879   02        10.315374         0.000000        11.654627         0.000000    03             0.000000         -2805.146271             0.000000 
       20.450610     83522.8232833055   02        10.309249         0.000000        11.653656         0.000000    03             0.000000         -2804.796058             0.000000 
       20.450610     83522.3090055040   02        10.315613         0.000000        11.654193         0.000000    03             0.000000         -2805.055579             0.000000 
       20.450610     83522.8232833055   02        10.309249         0.000000        11.653656         0.000000    03             0.000000         -2804.796058             0.000000 
       20.450610     83522.8232833055   02        10.309249         0.000000        11.653656         0.000000    03             0.000000         -2804.796058             0.000000 
       20.450610     83522.0212554879   02        10.315374         0.000000        11.654627         0.000000    03             0.000000         -2805.146271             0.000000 
       20.450610     83522.8232833055   02        10.309249         0.000000        11.653656         0.000000    03             0.000000         -2804.796058             0.000000 
       20.450610     83522.8232833055   02        10.309249         0.000000        11.653656         0.000000    03             0.000000         -2804.796058             0.000000 
       20.450610     83522.8232833055   02        10.309249         0.000000        11.653656         0.000000    03             0.000000         -2804.796058             0.000000 
       20.450610     83522.8232833055   02        10.309249         0.000000        11.653656         0.000000    03             0.000000         -2804.796058             0.000000 
       20.450610     83522.8232833055   02        10.309249         0.000000        11.653656         0.000000    03             0.000000         -2804.796058             0.000000 
       20.450610     83522.8232833055   02        10.309249         0.000000        11.653656         0.000000    03             0.000000         -2804.796058             0.000000 
       20.450610     83522.8232833055   02        10.309249         0.000000        11.653656         0.000000    03             0.000000         -2804.796058             0.000000 
       20.450610     83522.8232833055   02        10.309249         0.000000        11.653656         0.000000    03             0.000000         -2804.796058             0.000000 
       20.450610     83522.8232833055   02        10.309249         0.000000        11.653656         0.000000    03             0.000000         -2804.796058             0.000000 
       20.450610     83522.8232833055   02        10.309249         0.000000        11.653656         0.000000    03             0.000000         -2804.796058             0.000000 
       20.450610     83522.0212554879   02        10.315374         0.000000        11.654627         0.000000    03             0.000000         -2805.146271             0.000000 
       20.450610     83522.8232833055   02        10.309249         0.000000        11.653656         0.000000    03             0.000000         -2804.796058             0.000000 
       20.450610     83522.8232833055   02        10.309249         0.000000        11.653656         0.000000    03             0.000000         -2804.796058             0.000000 
       20.450610     83522.0212554879   02        10.315374         0.000000        11.654627         0.000000    03             0.000000         -2805.146271             0.000000 
       20.450610     83522.0212554879   02        10.315374         0.000000        11.654627         0.000000    03             0.000000         -2805.146271             0.000000 
       20.450610     83522.8232833055   02        10.309249         0.000000        11.653656         0.000000    03             0.000000         -2804.796058             0.000000 
       20.450610     83522.8232833055   02        10.309249         0.000000        11.653656         0.000000    03             0.000000         -2804.796058             0.000000 
       20.450610     83522.8232833055   02        10.309249         0.000000        11.653656         0.000000    03             0.000000         -2804.796058             0.000000 
       20.450610     83522.8232833055   02        10.309249         0.000000        11.653656         0.000000    03             0.000000         -2804.796058             0.000000 
       20.450610     83522.8232833055   02        10.309249         0.000000        11.653656         0.000000    03             0.000000         -2804.796058             0.000000 
       20.450610     83522.8232833055   02        10.309249         0.000000        11.653656         0.000000    03             0.000000         -2804.796058             0.000000 
       20.450610     83522.0212554879   02        10.315374         0.000000        11.654627         0.000000    03             0.000000         -2805.146271             0.000000 
       20.450610     83522.0212554879   02        10.315374         0.000000        11.654627         0.000000    03             0.000000         -2805.146271             0.000000 
       20.450610     83522.8232833055   02        10.309249         0.000000        11.653656         0.000000    03             0.000000         -2804.796058             0.000000 
       20.450610     83522.8232833055   02        10.309249         0.000000        11.653656         0.000000    03             0.000000         -2804.796058             0.000000 
       20.450610     83522.8232833055   02        10.309249         0.000000        11.653656         0.000000    03             0.000000         -2804.796058             0.000000 
       20.450610     83467.3290289987   02        10.352658         0.000000        11.658080         0.000000    03             0.000000         -2806.750550             0.000000 
       20.450610     83511.2107142163   02        10.546329         0.000000        11.656189         0.000000    03             0.000000         -2810.347801             0.000000 
       20.450610     83511.3422254070   02        10.546021         0.000000        11.656005         0.000000    03             0.000000         -2810.300366             0.000000 
       20.450610     83511.3422254070   02        10.546021         0.000000        11.656005         0.000000    03             0.000000         -2810.300366             0.000000 
       20.450610     83511.2107142163   02        10.546329         0.000000        11.656189         0.000000    03             0.000000         -2810.347801             0.000000 
       20.450610     83511.3422254070   02        10.546021         0.000000        11.656005         0.000000    03             0.000000         -2810.300366             0.000000 
       20.450610     83511.3422254070   02        10.546021         0.000000        11.656005         0.000000    03             0.000000         -2810.300366             0.000000 
       20.450610     83511.3422254070   02        10.546021         0.000000        11.656005         0.000000    03             0.000000         -2810.300366             0.000000 
       20.450610     83511.3422254070   02        10.546021         0.000000        11.656005         0.000000    03             0.000000         -2810.300366             0.000000 
       20.450610     83511.3422254070   02        10.546021         0.000000        11.656005         0.000000    03             0.000000         -2810.300366             0.000000 
       20.450610     83511.3422254070   02        10.546021         0.000000        11.656005         0.000000    03             0.000000         -2810.300366             0.000000 
       20.450610     83511.3422254070   02        10.546021         0.000000        11.656005         0.000000    03             0.000000         -2810.300366             0.000000 
       20.450610     83511.3422254070   02        10.546021         0.000000        11.656005         0.000000    03             0.000000         -2810.300366             0.000000 
       20.450610     83511.3422254070   02        10.546021         0.000000        11.656005         0.000000    03             0.000000         -2810.300366             0.000000 
       20.450610     83511.3422254070   02        10.546021         0.000000        11.656005         0.000000    03             0.000000         -2810.300366             0.000000 
       20.450610     83511.2107142163   02        10.546329         0.000000        11.656189         0.000000    03             0.000000         -2810.347801             0.000000 
       20.450610     83511.3422254070   02        10.546021         0.000000        11.656005         0.000000    03             0.000000         -2810.300366             0.000000 
       20.450610     83511.3422254070   02        10.546021         0.000000        11.656005         0.000000    03             0.000000         -2810.300366             0.000000 
       20.450610     83511.2107142163   02        10.546329         0.000000        11.656189         0.000000    03             0.000000         -2810.347801             0.000000 
       20.450610     83511.2107142163   02        10.546329         0.000000        11.656189         0.000000    03             0.000000         -2810.347801             0.000000 
       20.450610     83511.3422254070   02        10.546021         0.000000        11.656005         0.000000    03             0.000000         -2810.300366             0.000000 
       20.450610     83467.3290289987   02        10.352658         0.000000        11.658080         0.000000    03             0.000000         -2806.750550             0.000000 
       20.450610     83511.3422254070   02        10.546021         0.000000        11.656005         0.000000    03             0.000000         -2810.300366             0.000000 
       20.450610     83511.3422254070   02        10.546021         0.000000        11.656005         0.000000    03             0.000000         -2810.300366             0.000000 
       20.450610     83511.3422254070   02        10.546021         0.000000        11.656005         0.000000    03             0.000000         -2810.300366             0.000000 
       20.450610     83511.3422254070   02        10.546021         0.000000        11.656005         0.000000    03             0.000000         -2810.300366             0.000000 
       20.450610     83511.2107142163   02        10.546329         0.000000        11.656189         0.000000    03             0.000000         -2810.347801             0.000000 
       20.450610     83511.3422254070   02        10.546021         0.000000        11.656005         0.000000    03             0.000000         -2810.300366             0.000000 
       20.450610     83522.8232833055   02        10.309249         0.000000        11.653656         0.000000    03             0.000000         -2804.796058             0.000000 
       20.450610     83511.2107142163   02        10.546329         0.000000        11.656189         0.000000    03             0.000000         -2810.347801             0.000000 
       20.450610     83511.3422254070   02        10.546021         0.000000        11.656005         0.000000    03             0.000000         -2810.300366             0.000000 
       20.450610     83511.2107142163   02        10.546329         0.000000        11.656189         0.000000    03             0.000000         -2810.347801             0.000000 
       20.450610     83511.2107142163   02        10.546329         0.000000        11.656189         0.000000    03             0.000000         -2810.347801             0.000000 
       20.450610     83511.2107142163   02        10.546329         0.000000        11.656189         0.000000    03             0.000000         -2810.347801             0.000000 
       20.450610     83511.3422254070   02        10.546021         0.000000        11.656005         0.000000    03             0.000000         -2810.300366             0.000000 
       20.450610     83511.2107142163   02        10.546329         0.000000        11.656189         0.000000    03             0.000000         -2810.347801             0.000000 
       20.450610     83511.3422254070   02        10.546021         0.000000        11.656005         0.000000    03             0.000000         -2810.300366             0.000000 
       20.450610     83500.4244134616   02        10.106209         0.000000        11.658440         0.000000    03             0.000000         -2801.553105             0.000000 
       20.450610     83500.4244134616   02        10.106209         0.000000        11.658440         0.000000    03             0.000000         -2801.553105             0.000000 
       20.450610     83490.7076045098   02        10.608498         0.000000        11.649825         0.000000    03             0.000000         -2810.869064             0.000000 
       20.450610     83500.4244134616   02        10.106209         0.000000        11.658440         0.000000    03             0.000000         -2801.553105             0.000000 
       20.450610     83500.4244134616   02        10.106209         0.000000        11.658440         0.000000    03             0.000000         -2801.553105             0.000000 
       20.450610     83500.4244134616   02        10.106209         0.000000        11.658440         0.000000    03             0.000000         -2801.553105             0.000000 
       20.450610     83500.4244134616   02        10.106209         0.000000        11.658440         0.000000    03             0.000000         -2801.553105             0.000000 
       20.450610     83500.4244134616   02        10.106209         0.000000        11.658440         0.000000    03             0.000000         -2801.553105             0.000000 
       20.450610     83511.3422254070   02        10.546021         0.000000        11.656005         0.000000    03             0.000000         -2810.300366             0.000000 
       20.450610     83500.4244134616   02        10.106209         0.000000        11.658440         0.000000    03             0.000000         -2801.553105             0.000000 
       20.450610     83500.4244134616   02        10.106209         0.000000        11.658440         0.000000    03             0.000000         -2801.553105             0.000000 
       20.450610     83467.5164650976   02        10.477014         0.000000        11.651572         0.000000    03             0.000000         -2807.971499             0.000000 
       20.450610     83500.4244134616   02        10.106209         0.000000        11.658440         0.000000    03             0.000000         -2801.553105             0.000000 
       20.450610     83500.4244134616   02        10.106209         0.000000        11.658440         0.000000    03             0.000000         -2801.553105             0.000000 
       20.450610     83500.4244134616   02        10.106209         0.000000        11.658440         0.000000    03             0.000000         -2801.553105             0.000000 
       20.450610     83500.4244134616   02        10.106209         0.000000        11.658440         0.000000    03             0.000000         -2801.553105             0.000000 
       20.450610     83500.4244134616   02        10.106209         0.000000        11.658440         0.000000    03             0.000000         -2801.553105             0.000000 
       20.450610     83500.4244134616   02        10.106209         0.000000        11.658440         0.000000    03             0.000000         -2801.553105             0.000000 
       20.450610     83511.3422254070   02        10.546021         0.000000        11.656005         0.000000    03             0.000000         -2810.300366             0.000000 
       20.450610     83500.4244134616   02        10.106209         0.000000        11.658440         0.000000    03             0.000000         -2801.553105             0.000000 
       20.450610     83500.4244134616   02        10.106209         0.000000        11.658440         0.000000    03             0.000000         -2801.553105             0.000000 
       20.450610     83500.4244134616   02        10.106209         0.000000        11.658440         0.000000    03             0.000000         -2801.553105             0.000000 
       20.450610     83500.4244134616   02        10.106209         0.000000        11.658440         0.000000    03             0.000000         -2801.553105             0.000000 
       20.450610     83500.4244134616   02        10.106209         0.000000        11.658440         0.000000    03             0.000000         -2801.553105             0.000000 
       20.450610     83467.3290289988   02        10.352658         0.000000        11.658080         0.000000    03             0.000000         -2806.750550             0.000000 
       20.450610     83511.3422254070   02        10.546021         0.000000        11.656005         0.000000    03             0.000000         -2810.300366             0.000000 
       20.450610     83500.4244134616   02        10.106209         0.000000        11.658440         0.000000    03             0.000000         -2801.553105             0.000000 
       20.450610     83500.4244134616   02        10.106209         0.000000        11.658440         0.000000    03             0.000000         -2801.553105             0.000000 
       20.450610     83500.4244134616   02        10.106209         0.000000        11.658440         0.000000    03             0.000000         -2801.553105             0.000000 
       20.450610     83500.4244134616   02        10.106209         0.000000        11.658440         0.000000    03             0.000000         -2801.553105             0.000000 
       20.450610     83500.4244134616   02        10.106209         0.000000        11.658440         0.000000    03             0.000000         -2801.553105             0.000000 
       20.450610     83500.4244134616   02        10.106209         0.000000        11.658440         0.000000    03             0.000000         -2801.553105             0.000000 
       20.450610     83500.4244134616   02        10.106209         0.000000        11.658440         0.000000    03             0.000000         -2801.553105             0.000000 
       20.450610     83500.4244134616   02        10.106209         0.000000        11.658440         0.000000    03             0.000000         -2801.553105             0.000000 
       20.450610     83500.4244134616   02        10.106209         0.000000        11.658440         0.000000    03             0.000000         -2801.553105             0.000000 
       20.450610     83500.4244134616   02        10.106209         0.000000        11.658440         0.000000    03             0.000000         -2801.553105             0.000000 
       20.450610     83500.4244134616   02        10.106209         0.000000        11.658440         0.000000    03             0.000000         -2801.553105             0.000000 
       20.450610     83467.5164650975   02        10.477014         0.000000        11.651572         0.000000    03             0.000000         -2807.971499             0.000000 
       20.450610     83489.9970502199   02        10.618412         0.000000        11.650534         0.000000    03             0.000000         -2811.255592             0.000000 
       20.450610     83489.9308900528   02        10.619072         0.000000        11.650609         0.000000    03             0.000000         -2811.287173             0.000000 
       20.450610     83489.9970502199   02        10.618412         0.000000        11.650534         0.000000    03             0.000000         -2811.255592             0.000000 
       20.450610     83489.9970502199   02        10.618412         0.000000        11.650534         0.000000    03             0.000000         -2811.255592             0.000000 
       20.450610     83500.4244134616   02        10.106209         0.000000        11.658440         0.000000    03             0.000000         -2801.553105             0.000000 
       20.450610     83489.9970502199   02        10.618412         0.000000        11.650534         0.000000    03             0.000000         -2811.255592             0.000000 
       20.450610     83489.9970502199   02        10.618412         0.000000        11.650534         0.000000    03             0.000000         -2811.255592             0.000000 
       20.450610     83489.9970502199   02        10.618412         0.000000        11.650534         0.000000    03             0.000000         -2811.255592             0.000000 
       20.450610     83489.8001913588   02        10.619969         0.000000        11.650772         0.000000    03             0.000000         -2811.342743             0.000000 
       20.450610     83489.9970502199   02        10.618412         0.000000        11.650534         0.000000    03             0.000000         -2811.255592             0.000000 
       20.450610     83489.9970502199   02        10.618412         0.000000        11.650534         0.000000    03             0.000000         -2811.255592             0.000000 
       20.450610     83500.4244134616   02        10.106209         0.000000        11.658440         0.000000    03             0.000000         -2801.553105             0.000000 
       20.450610     83490.6946748991   02        10.608587         0.000000        11.649841         0.000000    03             0.000000         -2810.874547             0.000000 
       20.450610     83489.9970502199   02        10.618412         0.000000        11.650534         0.000000    03             0.000000         -2811.255592             0.000000 
       20.450610     83489.9970502199   02        10.618412         0.000000        11.650534         0.000000    03             0.000000         -2811.255592             0.000000 
       20.450610     83489.9970502199   02        10.618412         0.000000        11.650534         0.000000    03             0.000000         -2811.255592             0.000000 
       20.450610     83490.6946748991   02        10.608587         0.000000        11.649841         0.000000    03             0.000000         -2810.874547             0.000000 
       20.450610     83500.4244134616   02        10.106209         0.000000        11.658440         0.000000    03             0.000000         -2801.553105             0.000000 
       20.450610     83489.9970502199   02        10.618412         0.000000        11.650534         0.000000    03             0.000000         -2811.255592             0.000000 
       20.450610     83500.4244134616   02        10.106209         0.000000        11.658440         0.000000    03             0.000000         -2801.553105             0.000000 
       20.450610     83500.4244134616   02        10.106209         0.000000        11.658440         0.000000    03             0.000000         -2801.553105             0.000000 
       20.450610     83489.9970502199   02        10.618412         0.000000        11.650534         0.000000    03             0.000000         -2811.255592             0.000000 
       20.450610     83489.9970502199   02        10.618412         0.000000        11.650534         0.000000    03             0.000000         -2811.255592             0.000000 
       20.450610     83489.7200833822   02        10.620519         0.000000        11.650871         0.000000    03             0.000000         -2811.376827             0.000000 
       20.450610     83490.7076045098   02        10.608498         0.000000        11.649825         0.000000    03             0.000000         -2810.869064             0.000000 
       20.450610     83490.6946748991   02        10.608587         0.000000        11.649841         0.000000    03             0.000000         -2810.874547             0.000000 
       20.450610     83489.9970502199   02        10.618412         0.000000        11.650534         0.000000    03             0.000000         -2811.255592             0.000000 
       20.450610     83490.6946748991   02        10.608587         0.000000        11.649841         0.000000    03             0.000000         -2810.874547             0.000000 
       20.450610     83490.6946748991   02        10.608587         0.000000        11.649841         0.000000    03             0.000000         -2810.874547             0.000000 
       20.450610     83489.9970502199   02        10.618412         0.000000        11.650534         0.000000    03             0.000000         -2811.255592             0.000000 
       20.450610     83489.9970502199   02        10.618412         0.000000        11.650534         0.000000    03             0.000000         -2811.255592             0.000000 
       20.450610     83489.9970502199   02        10.618412         0.000000        11.650534         0.000000    03             0.000000         -2811.255592             0.000000 
       20.450610     83489.9970502199   02        10.618412         0.000000        11.650534         0.000000    03             0.000000         -2811.255592             0.000000 
       20.450610     83500.4244134616   02        10.106209         0.000000        11.658440         0.000000    03             0.000000         -2801.553105             0.000000 
       20.450610     83489.9970502199   02        10.618412         0.000000        11.650534         0.000000    03             0.000000         -2811.255592             0.000000 
       20.450610     83489.9970502199   02        10.618412         0.000000        11.650534         0.000000    03             0.000000         -2811.255592             0.000000 
       20.450610     83465.4701709377   02        10.334393         0.000000        11.655957         0.000000    03             0.000000         -2805.903849             0.000000 
       20.450610     83478.2770569749   02        10.404822         0.000000        11.662889         0.000000    03             0.000000         -2808.886006             0.000000 
       20.450610     83478.2770569749   02        10.404822         0.000000        11.662889         0.000000    03             0.000000         -2808.886006             0.000000 
       20.450610     83478.2770569749   02        10.404822         0.000000        11.662889         0.000000    03             0.000000         -2808.886006             0.000000 
       20.450610     83478.2770569749   02        10.404822         0.000000        11.662889         0.000000    03             0.000000         -2808.886006             0.000000 
       20.450610     83478.2770569749   02        10.404822         0.000000        11.662889         0.000000    03             0.000000         -2808.886006             0.000000 
       20.450610     83478.2770569749   02        10.404822         0.000000        11.662889         0.000000    03             0.000000         -2808.886006             0.000000 
       20.450610     83489.9308900528   02        10.619072         0.000000        11.650609         0.000000    03             0.000000         -2811.287173             0.000000 
       20.450610     83478.2770569749   02        10.404822         0.000000        11.662889         0.000000    03             0.000000         -2808.886006             0.000000 
       20.450610     83478.2770569749   02        10.404822         0.000000        11.662889         0.000000    03             0.000000         -2808.886006             0.000000 
       20.450610     83478.2770569749   02        10.404822         0.000000        11.662889         0.000000    03             0.000000         -2808.886006             0.000000 
       20.450610     83478.2770569749   02        10.404822         0.000000        11.662889         0.000000    03             0.000000         -2808.886006             0.000000 
       20.450610     83489.9970502199   02        10.618412         0.000000        11.650534         0.000000    03             0.000000         -2811.255592             0.000000 
       20.450610     83489.9970502199   02        10.618412         0.000000        11.650534         0.000000    03             0.000000         -2811.255592             0.000000 
       20.450610     83489.9970502199   02        10.618412         0.000000        11.650534         0.000000    03             0.000000         -2811.255592             0.000000 
       20.450610     83489.9970502199   02        10.618412         0.000000        11.650534         0.000000    03             0.000000         -2811.255592             0.000000 
       20.450610     83478.2770569749   02        10.404822         0.000000        11.662889         0.000000    03             0.000000         -2808.886006             0.000000 
       20.450610     83478.2770569749   02        10.404822         0.000000        11.662889         0.000000    03             0.000000         -2808.886006             0.000000 
       20.450610     83478.2770569749   02        10.404822         0.000000        11.662889         0.000000    03             0.000000         -2808.886006             0.000000 
       20.450610     83478.2770569749   02        10.404822         0.000000        11.662889         0.000000    03             0.000000         -2808.886006             0.000000 
       20.450610     83478.2770569749   02        10.404822         0.000000        11.662889         0.000000    03             0.000000         -2808.886006             0.000000 
       20.450610     83478.2770569749   02        10.404822         0.000000        11.662889         0.000000    03             0.000000         -2808.886006             0.000000 
       20.450610     83478.2770569749   02        10.404822         0.000000        11.662889         0.000000    03             0.000000         -2808.886006             0.000000 
       20.450610     83478.2770569749   02        10.404822         0.000000        11.662889         0.000000    03             0.000000         -2808.886006             0.000000 
       20.450610     83478.2770569749   02        10.404822         0.000000        11.662889         0.000000    03             0.000000         -2808.886006             0.000000 
       20.450610     83478.2770569749   02        10.404822         0.000000        11.662889         0.000000    03             0.000000         -2808.886006             0.000000 
       20.450610     83478.2770569749   02        10.404822         0.000000        11.662889         0.000000    03             0.000000         -2808.886006             0.000000 
       20.450610     83478.2770569749   02        10.404822         0.000000        11.662889         0.000000    03             0.000000         -2808.886006             0.000000 
       20.450610     83478.2770569749   02        10.404822         0.000000        11.662889         0.000000    03             0.000000         -2808.886006             0.000000 
       20.450610     83478.2770569749   02        10.404822         0.000000        11.662889         0.000000    03             0.000000         -2808.886006             0.000000 
       20.450610     83478.2770569749   02        10.404822         0.000000        11.662889         0.000000    03             0.000000         -2808.886006             0.000000 
       20.450610     83490.6946748991   02        10.608587         0.000000        11.649841         0.000000    03             0.000000         -2810.874547             0.000000 
       20.450610     83478.2770569749   02        10.404822         0.000000        11.662889         0.000000    03             0.000000         -2808.886006             0.000000 
       20.450610     83478.2770569749   02        10.404822         0.000000        11.662889         0.000000    03             0.000000         -2808.886006             0.000000 
       20.450610     83478.2770569749   02        10.404822         0.000000        11.662889         0.000000    03             0.000000         -2808.886006             0.000000 
       20.450610     83478.2770569749   02        10.404822         0.000000        11.662889         0.000000    03             0.000000         -2808.886006             0.000000 
       20.450610     83478.2770569749   02        10.404822         0.000000        11.662889         0.000000    03             0.000000         -2808.886006             0.000000 
       20.450610     83467.3290289987   02        10.352658         0.000000        11.658080         0.000000    03             0.000000         -2806.750550             0.000000 
       20.450610     83467.3290289988   02        10.352658         0.000000        11.658080         0.000000    03             0.000000         -2806.750550             0.000000 
       20.450610     83469.2883765432   02        10.423452         0.000000        11.662385         0.000000    03             0.000000         -2809.260717             0.000000 
       20.450610     83469.2883765432   02        10.423452         0.000000        11.662385         0.000000    03             0.000000         -2809.260717             0.000000 
       20.450610     83469.2883765431   02        10.423452         0.000000        11.662385         0.000000    03             0.000000         -2809.260717             0.000000 
       20.450610     83469.2883765431   02        10.423452         0.000000        11.662385         0.000000    03             0.000000         -2809.260717             0.000000 
       20.450610     83469.2883765431   02        10.423452         0.000000        11.662385         0.000000    03             0.000000         -2809.260717             0.000000 
       20.450610     83467.3290289987   02        10.352658         0.000000        11.658080         0.000000    03             0.000000         -2806.750550             0.000000 
       20.450610     83467.3290289987   02        10.352658         0.000000        11.658080         0.000000    03             0.000000         -2806.750550             0.000000 
       20.450610     83478.2770569749   02        10.404822         0.000000        11.662889         0.000000    03             0.000000         -2808.886006             0.000000 
       20.450610     83478.2770569749   02        10.404822         0.000000        11.662889         0.000000    03             0.000000         -2808.886006             0.000000 
       20.450610     83478.2770569749   02        10.404822         0.000000        11.662889         0.000000    03             0.000000         -2808.886006             0.000000 
       20.450610     83478.2770569749   02        10.404822         0.000000        11.662889         0.000000    03             0.000000         -2808.886006             0.000000 
       20.450610     83469.2883765431   02        10.423452         0.000000        11.662385         0.000000    03             0.000000         -2809.260717             0.000000 
       20.450610     83469.2883765431   02        10.423452         0.000000        11.662385         0.000000    03             0.000000         -2809.260717             0.000000 
       20.450610     83469.2883765431   02        10.423452         0.000000        11.662385         0.000000    03             0.000000         -2809.260717             0.000000 
       20.450610     83469.2883765431   02        10.423452         0.000000        11.662385         0.000000    03             0.000000         -2809.260717             0.000000 
       20.450610     83469.2883765432   02        10.423452         0.000000        11.662385         0.000000    03             0.000000         -2809.260717             0.000000 
       20.450610     83469.2883765432   02        10.423452         0.000000        11.662385         0.000000    03             0.000000         -2809.260717             0.000000 
       20.450610     83469.2883765432   02        10.423452         0.000000        11.662385         0.000000    03             0.000000         -2809.260717             0.000000 
       20.450610     83469.2883765431   02        10.423452         0.000000        11.662385         0.000000    03             0.000000         -2809.260717             0.000000 
       20.450610     83469.2883765431   02        10.423452         0.000000        11.662385         0.000000    03             0.000000         -2809.260717             0.000000 
       20.450610     83469.2883765431   02        10.423452         0.000000        11.662385         0.000000    03             0.000000         -2809.260717             0.000000 
       20.450610     83469.2883765432   02        10.423452         0.000000        11.662385         0.000000    03             0.000000         -2809.260717             0.000000 
       20.450610     83467.3290289987   02        10.352658         0.000000        11.658080         0.000000    03             0.000000         -2806.750550             0.000000 
       20.450610     83469.2883765432   02        10.423452         0.000000        11.662385         0.000000    03             0.000000         -2809.260717             0.000000 
       20.450610     83478.2770569749   02        10.404822         0.000000        11.662889         0.000000    03             0.000000         -2808.886006             0.000000 
       20.450610     83478.2770569749   02        10.404822         0.000000        11.662889         0.000000    03             0.000000         -2808.886006             0.000000 
       20.450610     83469.2883765431   02        10.423452         0.000000        11.662385         0.000000    03             0.000000         -2809.260717             0.000000 
       20.450610     83469.2883765431   02        10.423452         0.000000        11.662385         0.000000    03             0.000000         -2809.260717             0.000000 
       20.450610     83469.2883765431   02        10.423452         0.000000        11.662385         0.000000    03             0.000000         -2809.260717             0.000000 
       20.450610     83469.2883765431   02        10.423452         0.000000        11.662385         0.000000    03             0.000000         -2809.260717             0.000000 
       20.450610     83469.2883765431   02        10.423452         0.000000        11.662385         0.000000    03             0.000000         -2809.260717             0.000000 
       20.450610     83469.2883765431   02        10.423452         0.000000        11.662385         0.000000    03             0.000000         -2809.260717             0.000000 
       20.450610     83478.2770569749   02        10.404822         0.000000        11.662889         0.000000    03             0.000000         -2808.886006             0.000000 
       20.450610     83469.2883765431   02        10.423452         0.000000        11.662385         0.000000    03             0.000000         -2809.260717             0.000000 
       20.450610     83469.2883765431   02        10.423452         0.000000        11.662385         0.000000    03             0.000000         -2809.260717             0.000000 
       20.450610     83468.1453923893   02        10.449201         0.000000        11.660913         0.000000    03             0.000000         -2809.449615             0.000000 
       20.450610     83467.5164650976   02        10.477014         0.000000        11.651572         0.000000    03             0.000000         -2807.971499             0.000000 
       20.450610     83469.2883765432   02        10.423452         0.000000        11.662385         0.000000    03             0.000000         -2809.260717             0.000000 
       20.450610     83469.2883765432   02        10.423452         0.000000        11.662385         0.000000    03             0.000000         -2809.260717             0.000000 
       20.450610     83469.2883765431   02        10.423452         0.000000        11.662385         0.000000    03             0.000000         -2809.260717             0.000000 
       20.450610     83469.2883765431   02        10.423452         0.000000        11.662385         0.000000    03             0.000000         -2809.260717             0.000000 
       20.450610     83469.2883765432   02        10.423452         0.000000        11.662385         0.000000    03             0.000000         -2809.260717             0.000000 
       20.450610     83468.1453923893   02        10.449201         0.000000        11.660913         0.000000    03             0.000000         -2809.449615             0.000000 
       20.450610     83468.1453923893   02        10.449201         0.000000        11.660913         0.000000    03             0.000000         -2809.449615             0.000000 
       20.450610     83468.4065704956   02        10.449435         0.000000        11.660518         0.000000    03             0.000000         -2809.370002             0.000000 
       20.450610     83468.1453923893   02        10.449201         0.000000        11.660913         0.000000    03             0.000000         -2809.449615             0.000000 
       20.450610     83468.4065704956   02        10.449435         0.000000        11.660518         0.000000    03             0.000000         -2809.370002             0.000000 
       20.450610     83469.2883765431   02        10.423452         0.000000        11.662385         0.000000    03             0.000000         -2809.260717             0.000000 
       20.450610     83469.2883765431   02        10.423452         0.000000        11.662385         0.000000    03             0.000000         -2809.260717             0.000000 
       20.450610     83468.1453923893   02        10.449201         0.000000        11.660913         0.000000    03             0.000000         -2809.449615             0.000000 
       20.450610     83468.1453923893   02        10.449201         0.000000        11.660913         0.000000    03             0.000000         -2809.449615             0.000000 
       20.450610     83468.1453923893   02        10.449201         0.000000        11.660913         0.000000    03             0.000000         -2809.449615             0.000000 
       20.450610     83468.1453923893   02        10.449201         0.000000        11.660913         0.000000    03             0.000000         -2809.449615             0.000000 
       20.450610     83469.2883765431   02        10.423452         0.000000        11.662385         0.000000    03             0.000000         -2809.260717             0.000000 
       20.450610     83468.4065704956   02        10.449435         0.000000        11.660518         0.000000    03             0.000000         -2809.370002             0.000000 
       20.450610     83469.2883765431   02        10.423452         0.000000        11.662385         0.000000    03             0.000000         -2809.260717             0.000000 
       20.450610     83469.2883765431   02        10.423452         0.000000        11.662385         0.000000    03             0.000000         -2809.260717             0.000000 
       20.450610     83468.1453923893   02        10.449201         0.000000        11.660913         0.000000    03             0.000000         -2809.449615             0.000000 
       20.450610     83468.1453923893   02        10.449201         0.000000        11.660913         0.000000    03             0.000000         -2809.449615             0.000000 
       20.450610     83467.3290289987   02        10.352658         0.000000        11.658080         0.000000    03             0.000000         -2806.750550             0.000000 
       20.450610     83468.1453923893   02        10.449201         0.000000        11.660913         0.000000    03             0.000000         -2809.449615             0.000000 
       20.450610     83468.1453923893   02        10.449201         0.000000        11.660913         0.000000    03             0.000000         -2809.449615             0.000000 
       20.450610     83468.4065704956   02        10.449435         0.000000        11.660518         0.000000    03             0.000000         -2809.370002             0.000000 
       20.450610     83469.2883765431   02        10.423452         0.000000        11.662385         0.000000    03             0.000000         -2809.260717             0.000000 
       20.450610     83468.1453923892   02        10.449201         0.000000        11.660913         0.000000    03             0.000000         -2809.449615             0.000000 
       20.450610     83468.1453923893   02        10.449201         0.000000        11.660913         0.000000    03             0.000000         -2809.449615             0.000000 
       20.450610     83468.1453923893   02        10.449201         0.000000        11.660913         0.000000    03             0.000000         -2809.449615             0.000000 
       20.450610     83468.4065704956   02        10.449435         0.000000        11.660518         0.000000    03             0.000000         -2809.370002             0.000000 
       20.450610     83468.1453923893   02        10.449201         0.000000        11.660913         0.000000    03             0.000000         -2809.449615             0.000000 
       20.450610     83468.4065704956   02        10.449435         0.000000        11.660518         0.000000    03             0.000000         -2809.370002             0.000000 
       20.450610     83468.1453923893   02        10.449201         0.000000        11.660913         0.000000    03             0.000000         -2809.449615             0.000000 
       20.450610     83469.2883765431   02        10.423452         0.000000        11.662385         0.000000    03             0.000000         -2809.260717             0.000000 
       20.450610     83467.5164650976   02        10.477014         0.000000        11.651572         0.000000    03             0.000000         -2807.971499             0.000000 
       20.450610     83468.1453923892   02        10.449201         0.000000        11.660913         0.000000    03             0.000000         -2809.449615             0.000000 
       20.450610     83467.3290289987   02        10.352658         0.000000        11.658080         0.000000    03             0.000000         -2806.750550             0.000000 
       20.450610     83467.3290289987   02        10.352658         0.000000        11.658080         0.000000    03             0.000000         -2806.750550             0.000000 
       20.450610     83467.3290289988   02        10.352658         0.000000        11.658080         0.000000    03             0.000000         -2806.750550             0.000000 
       20.450610     83467.3290289987   02        10.352658         0.000000        11.658080         0.000000    03             0.000000         -2806.750550             0.000000 
       20.450610     83467.3290289988   02        10.352658         0.000000        11.658080         0.000000    03             0.000000         -2806.750550             0.000000 
       20.450610     83468.1453923892   02        10.449201         0.000000        11.660913         0.000000    03             0.000000         -2809.449615             0.000000 
       20.450610     83468.4065704956   02        10.449435         0.000000        11.660518         0.000000    03             0.000000         -2809.370002             0.000000 
       20.450610     83467.3290289987   02        10.352658         0.000000        11.658080         0.000000    03             0.000000         -2806.750550             0.000000 
       20.450610     83467.3290289987   02        10.352658         0.000000        11.658080         0.000000    03             0.000000         -2806.750550             0.000000 
       20.450610     83467.3290289987   02        10.352658         0.000000        11.658080         0.000000    03             0.000000         -2806.750550             0.000000 
       20.450610     83467.3290289987   02        10.352658         0.000000        11.658080         0.000000    03             0.000000         -2806.750550             0.000000 
       20.450610     83468.1453923892   02        10.449201         0.000000        11.660913         0.000000    03             0.000000         -2809.449615             0.000000 
       20.450610     83468.1453923892   02        10.449201         0.000000        11.660913         0.000000    03             0.000000         -2809.449615             0.000000 
       20.450610     83468.4065704956   02        10.449435         0.000000        11.660518         0.000000    03             0.000000         -2809.370002             0.000000 
       20.450610     83468.1453923892   02        10.449201         0.000000        11.660913         0.000000    03             0.000000         -2809.449615             0.000000 
       20.450610     83467.3290289987   02        10.352658         0.000000        11.658080         0.000000    03             0.000000         -2806.750550             0.000000 
       20.450610     83467.3290289987   02        10.352658         0.000000        11.658080         0.000000    03             0.000000         -2806.750550             0.000000 
       20.450610     83468.1453923892   02        10.449201         0.000000        11.660913         0.000000    03             0.000000         -2809.449615             0.000000 
       20.450610     83467.3290289988   02        10.352658         0.000000        11.658080         0.000000    03             0.000000         -2806.750550             0.000000 
       20.450610     83467.3290289987   02        10.352658         0.000000        11.658080         0.000000    03             0.000000         -2806.750550             0.000000 
       20.450610     83468.1453923892   02        10.449201         0.000000        11.660913         0.000000    03             0.000000         -2809.449615             0.000000 
       20.450610     83468.1453923892   02        10.449201         0.000000        11.660913         0.000000    03             0.000000         -2809.449615             0.000000 
       20.450610     83467.3290289987   02        10.352658         0.000000        11.658080         0.000000    03             0.000000         -2806.750550             0.000000 
       20.450610     83467.3290289987   02        10.352658         0.000000        11.658080         0.000000    03             0.000000         -2806.750550             0.000000 
       20.450610     83467.3290289987   02        10.352658         0.000000        11.658080         0.000000    03             0.000000         -2806.750550             0.000000 
       20.450610     83467.3290289987   02        10.352658         0.000000        11.658080         0.000000    03             0.000000         -2806.750550             0.000000 
       20.450610     83467.3290289988   02        10.352658         0.000000        11.658080         0.000000    03             0.000000         -2806.750550             0.000000 
       20.450610     83468.4065704956   02        10.449435         0.000000        11.660518         0.000000    03             0.000000         -2809.370002             0.000000 
       20.450610     83468.4065704956   02        10.449435         0.000000        11.660518         0.000000    03             0.000000         -2809.370002             0.000000 
       20.450610     83468.1453923892   02        10.449201         0.000000        11.660913         0.000000    03             0.000000         -2809.449615             0.000000 
       20.450610     83468.1453923892   02        10.449201         0.000000        11.660913         0.000000    03             0.000000         -2809.449615             0.000000 
       20.450610     83467.3290289987   02        10.352658         0.000000        11.658080         0.000000    03             0.000000         -2806.750550             0.000000 
       20.450610     83467.3290289987   02        10.352658         0.000000        11.658080         0.000000    03             0.000000         -2806.750550             0.000000 
       20.450610     83467.3290289987   02        10.352658         0.000000        11.658080         0.000000    03             0.000000         -2806.750550             0.000000 
       20.450610     83467.3290289988   02        10.352658         0.000000        11.658080         0.000000    03             0.000000         -2806.750550             0.000000 
       20.450610     83467.5164650976   02        10.477014         0.000000        11.651572         0.000000    03             0.000000         -2807.971499             0.000000 
       20.450610     83465.4701709377   02        10.334393         0.000000        11.655957         0.000000    03             0.000000         -2805.903849             0.000000 
       20.450610     83465.4701709377   02        10.334393         0.000000        11.655957         0.000000    03             0.000000         -2805.903849             0.000000 
       20.450610     83595.9536640231   02        10.196483         0.000000        11.660479         0.000000    03             0.000000         -2803.833925             0.000000 
       20.450610     83467.3290289988   02        10.352658         0.000000        11.658080         0.000000    03             0.000000         -2806.750550             0.000000 
       20.450610     83467.3290289987   02        10.352658         0.000000        11.658080         0.000000    03             0.000000         -2806.750550             0.000000 
       20.450610     83366.4066143276   02        10.963469         0.000000        12.616253         0.000000    03             0.000000         -2867.856801             0.000000 
       20.450610     84505.6055423022   02         8.368375         0.000000        10.987756         0.000000    03             0.000000         -2656.337026             0.000000 
       20.450610     83395.9667103141   02        10.604338         0.000000        11.760818         0.000000    03             0.000000         -2835.449989             0.000000 
       20.450610     83703.4015931479   02         9.898763         0.000000        11.388764         0.000000    03             0.000000         -2737.177056             0.000000 
       20.450610     83428.7848946109   02        10.445961         0.000000        11.709299         0.000000    03             0.000000         -2820.326612             0.000000 
       20.450610     83567.6247260018   02        10.117263         0.000000        11.529073         0.000000    03             0.000000         -2772.984087             0.000000 
       20.450610     83448.2620857641   02        10.375893         0.000000        11.680624         0.000000    03             0.000000         -2812.304055             0.000000 
       20.450610     83504.4983578491   02        10.236564         0.000000        11.604386         0.000000    03             0.000000         -2792.280167             0.000000 
       20.693420     83460.1750264290   02        10.326977         0.000000        11.647619         0.000000    03             0.000000         -2803.903995             0.000000 
       20.693420     83463.6884720944   02        10.459191         0.000000        11.641343         0.000000    03             0.000000         -2805.309218             0.000000 
       20.693420     83463.6884720944   02        10.459191         0.000000        11.641343         0.000000    03             0.000000         -2805.309218             0.000000 
       20.693420     83463.6884720944   02        10.459191         0.000000        11.641343         0.000000    03             0.000000         -2805.309218             0.000000 
       20.693420     83463.6884720944   02        10.459191         0.000000        11.641343         0.000000    03             0.000000         -2805.309218             0.000000 
       20.693420     83461.9073008318   02        10.340846         0.000000        11.650114         0.000000    03             0.000000         -2804.729642             0.000000 
       20.693420     83463.6884720944   02        10.459191         0.000000        11.641343         0.000000    03             0.000000         -2805.309218             0.000000 
       20.693420     83463.6884720944   02        10.459191         0.000000        11.641343         0.000000    03             0.000000         -2805.309218             0.000000 
       20.693420     83463.6884720944   02        10.459191         0.000000        11.641343         0.000000    03             0.000000         -2805.309218             0.000000 
       20.693420     83463.6884720944   02        10.459191         0.000000        11.641343         0.000000    03             0.000000         -2805.309218             0.000000 
       20.693420     83460.1750264290   02        10.326977         0.000000        11.647619         0.000000    03             0.000000         -2803.903995             0.000000 
       20.693420     83460.1750264290   02        10.326977         0.000000        11.647619         0.000000    03             0.000000         -2803.903995             0.000000 
       20.693420     83463.6884720944   02        10.459191         0.000000        11.641343         0.000000    03             0.000000         -2805.309218             0.000000 
       20.693420     83463.6884720944   02        10.459191         0.000000        11.641343         0.000000    03             0.000000         -2805.309218             0.000000 
       20.693420     83463.6884720944   02        10.459191         0.000000        11.641343         0.000000    03             0.000000         -2805.309218             0.000000 
       20.693420     83460.1750264290   02        10.326977         0.000000        11.647619         0.000000    03             0.000000         -2803.903995             0.000000 
       20.693420     83463.6884720944   02        10.459191         0.000000        11.641343         0.000000    03             0.000000         -2805.309218             0.000000 
       20.693420     83463.6884720944   02        10.459191         0.000000        11.641343         0.000000    03             0.000000         -2805.309218             0.000000 
       20.693420     83460.1750264290   02        10.326977         0.000000        11.647619         0.000000    03             0.000000         -2803.903995             0.000000 
       20.693420     83463.6884720944   02        10.459191         0.000000        11.641343         0.000000    03             0.000000         -2805.309218             0.000000 
       20.693420     83463.6884720944   02        10.459191         0.000000        11.641343         0.000000    03             0.000000         -2805.309218             0.000000 
       20.693420     83461.9073008318   02        10.340846         0.000000        11.650114         0.000000    03             0.000000         -2804.729642             0.000000 
       20.693420     83460.1750264290   02        10.326977         0.000000        11.647619         0.000000    03             0.000000         -2803.903995             0.000000 
       20.693420     83463.6884720944   02        10.459191         0.000000        11.641343         0.000000    03             0.000000         -2805.309218             0.000000 
       20.693420     83463.6884720944   02        10.459191         0.000000        11.641343         0.000000    03             0.000000         -2805.309218             0.000000 
       20.693420     83463.6884720944   02        10.459191         0.000000        11.641343         0.000000    03             0.000000         -2805.309218             0.000000 
       20.693420     83460.1750264290   02        10.326977         0.000000        11.647619         0.000000    03             0.000000         -2803.903995             0.000000 
       20.693420     83463.6884720944   02        10.459191         0.000000        11.641343         0.000000    03             0.000000         -2805.309218             0.000000 
       20.693420     83463.6884720944   02        10.459191         0.000000        11.641343         0.000000    03             0.000000         -2805.309218             0.000000 
       20.693420     83463.6884720944   02        10.459191         0.000000        11.641343         0.000000    03             0.000000         -2805.309218             0.000000 
       20.693420     83463.6884720944   02        10.459191         0.000000        11.641343         0.000000    03             0.000000         -2805.309218             0.000000 
       20.693420     83460.1750264290   02        10.326977         0.000000        11.647619         0.000000    03             0.000000         -2803.903995             0.000000 
       20.693420     83463.6884720944   02        10.459191         0.000000        11.641343         0.000000    03             0.000000         -2805.309218             0.000000 
       20.693420     83463.6884720944   02        10.459191         0.000000        11.641343         0.000000    03             0.000000         -2805.309218             0.000000 
       20.693420     83463.6884720944   02        10.459191         0.000000        11.641343         0.000000    03             0.000000         -2805.309218             0.000000 
       20.693420     83463.6884720944   02        10.459191         0.000000        11.641343         0.000000    03             0.000000         -2805.309218             0.000000 
       20.693420     83463.6884720944   02        10.459191         0.000000        11.641343         0.000000    03             0.000000         -2805.309218             0.000000 
       20.693420     83626.8113736991   02        11.867976         0.000000        11.623065         0.000000    03             0.000000         -2832.045200             0.000000 
       20.693420     83460.1750264290   02        10.326977         0.000000        11.647619         0.000000    03             0.000000         -2803.903995             0.000000 
       20.693420     83460.1750264290   02        10.326977         0.000000        11.647619         0.000000    03             0.000000         -2803.903995             0.000000 
       20.693420     83460.1750264290   02        10.326977         0.000000        11.647619         0.000000    03             0.000000         -2803.903995             0.000000 
       20.693420     83460.1750264290   02        10.326977         0.000000        11.647619         0.000000    03             0.000000         -2803.903995             0.000000 
       20.693420     83463.6884720944   02        10.459191         0.000000        11.641343         0.000000    03             0.000000         -2805.309218             0.000000 
       20.693420     83626.8113736991   02        11.867976         0.000000        11.623065         0.000000    03             0.000000         -2832.045200             0.000000 
       20.693420     83591.1164381314   02        10.185180         0.000000        11.651738         0.000000    03             0.000000         -2801.654087             0.000000 
       20.693420     83591.1164381314   02        10.185180         0.000000        11.651738         0.000000    03             0.000000         -2801.654087             0.000000 
       20.693420     83591.1164381314   02        10.185180         0.000000        11.651738         0.000000    03             0.000000         -2801.654087             0.000000 
       20.693420     83460.1750264290   02        10.326977         0.000000        11.647619         0.000000    03             0.000000         -2803.903995             0.000000 
       20.693420     83460.1750264290   02        10.326977         0.000000        11.647619         0.000000    03             0.000000         -2803.903995             0.000000 
       20.693420     83460.1750264290   02        10.326977         0.000000        11.647619         0.000000    03             0.000000         -2803.903995             0.000000 
       20.693420     83626.2796941121   02        11.875544         0.000000        11.623592         0.000000    03             0.000000         -2832.362798             0.000000 
       20.693420     83460.1750264290   02        10.326977         0.000000        11.647619         0.000000    03             0.000000         -2803.903995             0.000000 
       20.693420     83460.1750264290   02        10.326977         0.000000        11.647619         0.000000    03             0.000000         -2803.903995             0.000000 
       20.693420     83626.8113736991   02        11.867976         0.000000        11.623065         0.000000    03             0.000000         -2832.045200             0.000000 
       20.693420     83460.1750264290   02        10.326977         0.000000        11.647619         0.000000    03             0.000000         -2803.903995             0.000000 
       20.693420     83626.0158404517   02        11.886781         0.000000        11.623607         0.000000    03             0.000000         -2832.658660             0.000000 
       20.693420     83460.1750264290   02        10.326977         0.000000        11.647619         0.000000    03             0.000000         -2803.903995             0.000000 
       20.693420     83626.8113736991   02        11.867976         0.000000        11.623065         0.000000    03             0.000000         -2832.045200             0.000000 
       20.693420     83460.1750264290   02        10.326977         0.000000        11.647619         0.000000    03             0.000000         -2803.903995             0.000000 
       20.693420     83460.1750264290   02        10.326977         0.000000        11.647619         0.000000    03             0.000000         -2803.903995             0.000000 
       20.693420     83460.1750264290   02        10.326977         0.000000        11.647619         0.000000    03             0.000000         -2803.903995             0.000000 
       20.693420     83460.1750264290   02        10.326977         0.000000        11.647619         0.000000    03             0.000000         -2803.903995             0.000000 
       20.693420     83626.8113736991   02        11.867976         0.000000        11.623065         0.000000    03             0.000000         -2832.045200             0.000000 
       20.693420     83460.1750264290   02        10.326977         0.000000        11.647619         0.000000    03             0.000000         -2803.903995             0.000000 
       20.693420     83460.1750264290   02        10.326977         0.000000        11.647619         0.000000    03             0.000000         -2803.903995             0.000000 
       20.693420     83460.1750264290   02        10.326977         0.000000        11.647619         0.000000    03             0.000000         -2803.903995             0.000000 
       20.693420     83460.1750264290   02        10.326977         0.000000        11.647619         0.000000    03             0.000000         -2803.903995             0.000000 
       20.693420     83460.1750264290   02        10.326977         0.000000        11.647619         0.000000    03             0.000000         -2803.903995             0.000000 
       20.693420     83460.1750264290   02        10.326977         0.000000        11.647619         0.000000    03             0.000000         -2803.903995             0.000000 
       20.693420     83591.1164381314   02        10.185180         0.000000        11.651738         0.000000    03             0.000000         -2801.654087             0.000000 
       20.693420     83626.2796941121   02        11.875544         0.000000        11.623592         0.000000    03             0.000000         -2832.362798             0.000000 
       20.693420     83460.1750264290   02        10.326977         0.000000        11.647619         0.000000    03             0.000000         -2803.903995             0.000000 
       20.693420     83460.1750264290   02        10.326977         0.000000        11.647619         0.000000    03             0.000000         -2803.903995             0.000000 
       20.693420     83626.2796941121   02        11.875544         0.000000        11.623592         0.000000    03             0.000000         -2832.362798             0.000000 
       20.693420     83626.8113736991   02        11.867976         0.000000        11.623065         0.000000    03             0.000000         -2832.045200             0.000000 
       20.693420     83460.1750264290   02        10.326977         0.000000        11.647619         0.000000    03             0.000000         -2803.903995             0.000000 
       20.693420     83460.1750264290   02        10.326977         0.000000        11.647619         0.000000    03             0.000000         -2803.903995             0.000000 
       20.693420     83460.1750264290   02        10.326977         0.000000        11.647619         0.000000    03             0.000000         -2803.903995             0.000000 
       20.693420     83626.2796941121   02        11.875544         0.000000        11.623592         0.000000    03             0.000000         -2832.362798             0.000000 
       20.693420     83591.1164381314   02        10.185180         0.000000        11.651738         0.000000    03             0.000000         -2801.654087             0.000000 
       20.693420     83591.1164381314   02        10.185180         0.000000        11.651738         0.000000    03             0.000000         -2801.654087             0.000000 
       20.693420     83463.6884720944   02        10.459191         0.000000        11.641343         0.000000    03             0.000000         -2805.309218             0.000000 
       20.693420     83591.1164381314   02        10.185180         0.000000        11.651738         0.000000    03             0.000000         -2801.654087             0.000000 
       20.693420     83591.1164381314   02        10.185180         0.000000        11.651738         0.000000    03             0.000000         -2801.654087             0.000000 
       20.693420     83591.1164381314   02        10.185180         0.000000        11.651738         0.000000    03             0.000000         -2801.654087             0.000000 
       20.693420     83591.1164381314   02        10.185180         0.000000        11.651738         0.000000    03             0.000000         -2801.654087             0.000000 
       20.693420     83591.1164381314   02        10.185180         0.000000        11.651738         0.000000    03             0.000000         -2801.654087             0.000000 
       20.693420     83591.1164381314   02        10.185180         0.000000        11.651738         0.000000    03             0.000000         -2801.654087             0.000000 
       20.693420     83591.1164381314   02        10.185180         0.000000        11.651738         0.000000    03             0.000000         -2801.654087             0.000000 
       20.693420     83591.1164381314   02        10.185180         0.000000        11.651738         0.000000    03             0.000000         -2801.654087             0.000000 
       20.693420     83591.1164381314   02        10.185180         0.000000        11.651738         0.000000    03             0.000000         -2801.654087             0.000000 
       20.693420     83591.1164381314   02        10.185180         0.000000        11.651738         0.000000    03             0.000000         -2801.654087             0.000000 
       20.693420     83591.1164381314   02        10.185180         0.000000        11.651738         0.000000    03             0.000000         -2801.654087             0.000000 
       20.693420     83591.1164381314   02        10.185180         0.000000        11.651738         0.000000    03             0.000000         -2801.654087             0.000000 
       20.693420     83591.1164381314   02        10.185180         0.000000        11.651738         0.000000    03             0.000000         -2801.654087             0.000000 
       20.693420     83591.1164381314   02        10.185180         0.000000        11.651738         0.000000    03             0.000000         -2801.654087             0.000000 
       20.693420     83591.1164381314   02        10.185180         0.000000        11.651738         0.000000    03             0.000000         -2801.654087             0.000000 
       20.693420     83591.1164381314   02        10.185180         0.000000        11.651738         0.000000    03             0.000000         -2801.654087             0.000000 
       20.693420     83591.1164381314   02        10.185180         0.000000        11.651738         0.000000    03             0.000000         -2801.654087             0.000000 
       20.693420     83591.1164381314   02        10.185180         0.000000        11.651738         0.000000    03             0.000000         -2801.654087             0.000000 
       20.693420     83541.9475496770   02        10.660303         0.000000        11.654224         0.000000    03             0.000000         -2812.779248             0.000000 
       20.693420     83591.1164381314   02        10.185180         0.000000        11.651738         0.000000    03             0.000000         -2801.654087             0.000000 
       20.693420     83591.1164381314   02        10.185180         0.000000        11.651738         0.000000    03             0.000000         -2801.654087             0.000000 
       20.693420     83461.9073008318   02        10.340846         0.000000        11.650114         0.000000    03             0.000000         -2804.729642             0.000000 
       20.693420     83591.1164381314   02        10.185180         0.000000        11.651738         0.000000    03             0.000000         -2801.654087             0.000000 
       20.693420     83591.1164381314   02        10.185180         0.000000        11.651738         0.000000    03             0.000000         -2801.654087             0.000000 
       20.693420     83591.1164381314   02        10.185180         0.000000        11.651738         0.000000    03             0.000000         -2801.654087             0.000000 
       20.693420     83591.1164381314   02        10.185180         0.000000        11.651738         0.000000    03             0.000000         -2801.654087             0.000000 
       20.693420     83591.1164381314   02        10.185180         0.000000        11.651738         0.000000    03             0.000000         -2801.654087             0.000000 
       20.693420     83543.4302804444   02        10.653182         0.000000        11.652277         0.000000    03             0.000000         -2812.172819             0.000000 
       20.693420     83591.1164381314   02        10.185180         0.000000        11.651738         0.000000    03             0.000000         -2801.654087             0.000000 
       20.693420     83591.1164381314   02        10.185180         0.000000        11.651738         0.000000    03             0.000000         -2801.654087             0.000000 
       20.693420     83591.1164381314   02        10.185180         0.000000        11.651738         0.000000    03             0.000000         -2801.654087             0.000000 
       20.693420     83591.1164381314   02        10.185180         0.000000        11.651738         0.000000    03             0.000000         -2801.654087             0.000000 
       20.693420     83591.1164381314   02        10.185180         0.000000        11.651738         0.000000    03             0.000000         -2801.654087             0.000000 
       20.693420     83543.4338429738   02        10.653203         0.000000        11.652271         0.000000    03             0.000000         -2812.172118             0.000000 
       20.693420     83463.6884720944   02        10.459191         0.000000        11.641343         0.000000    03             0.000000         -2805.309218             0.000000 
       20.693420     83541.9475496770   02        10.660303         0.000000        11.654224         0.000000    03             0.000000         -2812.779248             0.000000 
       20.693420     83541.9475496770   02        10.660303         0.000000        11.654224         0.000000    03             0.000000         -2812.779248             0.000000 
       20.693420     83541.9475496770   02        10.660303         0.000000        11.654224         0.000000    03             0.000000         -2812.779248             0.000000 
       20.693420     83543.4338429738   02        10.653203         0.000000        11.652271         0.000000    03             0.000000         -2812.172118             0.000000 
       20.693420     83541.9475496770   02        10.660303         0.000000        11.654224         0.000000    03             0.000000         -2812.779248             0.000000 
       20.693420     83543.4302804444   02        10.653182         0.000000        11.652277         0.000000    03             0.000000         -2812.172819             0.000000 
       20.693420     83543.4338429738   02        10.653203         0.000000        11.652271         0.000000    03             0.000000         -2812.172118             0.000000 
       20.693420     83543.4338429738   02        10.653203         0.000000        11.652271         0.000000    03             0.000000         -2812.172118             0.000000 
       20.693420     83541.9475496770   02        10.660303         0.000000        11.654224         0.000000    03             0.000000         -2812.779248             0.000000 
       20.693420     83541.9475496770   02        10.660303         0.000000        11.654224         0.000000    03             0.000000         -2812.779248             0.000000 
       20.693420     83541.9475496770   02        10.660303         0.000000        11.654224         0.000000    03             0.000000         -2812.779248             0.000000 
       20.693420     83541.9475496770   02        10.660303         0.000000        11.654224         0.000000    03             0.000000         -2812.779248             0.000000 
       20.693420     83541.9475496770   02        10.660303         0.000000        11.654224         0.000000    03             0.000000         -2812.779248             0.000000 
       20.693420     83541.9475496770   02        10.660303         0.000000        11.654224         0.000000    03             0.000000         -2812.779248             0.000000 
       20.693420     83541.9475496770   02        10.660303         0.000000        11.654224         0.000000    03             0.000000         -2812.779248             0.000000 
       20.693420     83541.9475496770   02        10.660303         0.000000        11.654224         0.000000    03             0.000000         -2812.779248             0.000000 
       20.693420     83536.4233750020   02        10.306283         0.000000        11.651518         0.000000    03             0.000000         -2804.269345             0.000000 
       20.693420     83541.9475496770   02        10.660303         0.000000        11.654224         0.000000    03             0.000000         -2812.779248             0.000000 
       20.693420     83543.4302804444   02        10.653182         0.000000        11.652277         0.000000    03             0.000000         -2812.172819             0.000000 
       20.693420     83541.9475496770   02        10.660303         0.000000        11.654224         0.000000    03             0.000000         -2812.779248             0.000000 
       20.693420     83541.9475496770   02        10.660303         0.000000        11.654224         0.000000    03             0.000000         -2812.779248             0.000000 
       20.693420     83543.4335933801   02        10.653202         0.000000        11.652272         0.000000    03             0.000000         -2812.172167             0.000000 
       20.693420     83543.4338429738   02        10.653203         0.000000        11.652271         0.000000    03             0.000000         -2812.172118             0.000000 
       20.693420     83541.9475496770   02        10.660303         0.000000        11.654224         0.000000    03             0.000000         -2812.779248             0.000000 
       20.693420     83541.9475496770   02        10.660303         0.000000        11.654224         0.000000    03             0.000000         -2812.779248             0.000000 
       20.693420     83536.4233750020   02        10.306283         0.000000        11.651518         0.000000    03             0.000000         -2804.269345             0.000000 
       20.693420     83541.9475496770   02        10.660303         0.000000        11.654224         0.000000    03             0.000000         -2812.779248             0.000000 
       20.693420     83541.9475496770   02        10.660303         0.000000        11.654224         0.000000    03             0.000000         -2812.779248             0.000000 
       20.693420     83541.9475496770   02        10.660303         0.000000        11.654224         0.000000    03             0.000000         -2812.779248             0.000000 
       20.693420     83541.9475496770   02        10.660303         0.000000        11.654224         0.000000    03             0.000000         -2812.779248             0.000000 
       20.693420     83543.4335933801   02        10.653202         0.000000        11.652272         0.000000    03             0.000000         -2812.172167             0.000000 
       20.693420     83543.4338429738   02        10.653203         0.000000        11.652271         0.000000    03             0.000000         -2812.172118             0.000000 
       20.693420     83541.9475496770   02        10.660303         0.000000        11.654224         0.000000    03             0.000000         -2812.779248             0.000000 
       20.693420     83541.9475496770   02        10.660303         0.000000        11.654224         0.000000    03             0.000000         -2812.779248             0.000000 
       20.693420     83541.9475496770   02        10.660303         0.000000        11.654224         0.000000    03             0.000000         -2812.779248             0.000000 
       20.693420     83541.9475496770   02        10.660303         0.000000        11.654224         0.000000    03             0.000000         -2812.779248             0.000000 
       20.693420     83463.6884720944   02        10.459191         0.000000        11.641343         0.000000    03             0.000000         -2805.309218             0.000000 
       20.693420     83536.4233750020   02        10.306283         0.000000        11.651518         0.000000    03             0.000000         -2804.269345             0.000000 
       20.693420     83536.4233750020   02        10.306283         0.000000        11.651518         0.000000    03             0.000000         -2804.269345             0.000000 
       20.693420     83536.4233750020   02        10.306283         0.000000        11.651518         0.000000    03             0.000000         -2804.269345             0.000000 
       20.693420     83536.4233750020   02        10.306283         0.000000        11.651518         0.000000    03             0.000000         -2804.269345             0.000000 
       20.693420     83536.4233750020   02        10.306283         0.000000        11.651518         0.000000    03             0.000000         -2804.269345             0.000000 
       20.693420     83536.4233750020   02        10.306283         0.000000        11.651518         0.000000    03             0.000000         -2804.269345             0.000000 
       20.693420     83536.4233750020   02        10.306283         0.000000        11.651518         0.000000    03             0.000000         -2804.269345             0.000000 
       20.693420     83536.4233750020   02        10.306283         0.000000        11.651518         0.000000    03             0.000000         -2804.269345             0.000000 
       20.693420     83536.4233750020   02        10.306283         0.000000        11.651518         0.000000    03             0.000000         -2804.269345             0.000000 
       20.693420     83536.4233750020   02        10.306283         0.000000        11.651518         0.000000    03             0.000000         -2804.269345             0.000000 
       20.693420     83536.4233750020   02        10.306283         0.000000        11.651518         0.000000    03             0.000000         -2804.269345             0.000000 
       20.693420     83536.4233750020   02        10.306283         0.000000        11.651518         0.000000    03             0.000000         -2804.269345             0.000000 
       20.693420     83536.4233750020   02        10.306283         0.000000        11.651518         0.000000    03             0.000000         -2804.269345             0.000000 
       20.693420     83536.4233750020   02        10.306283         0.000000        11.651518         0.000000    03             0.000000         -2804.269345             0.000000 
       20.693420     83536.4233750020   02        10.306283         0.000000        11.651518         0.000000    03             0.000000         -2804.269345             0.000000 
       20.693420     83536.4233750020   02        10.306283         0.000000        11.651518         0.000000    03             0.000000         -2804.269345             0.000000 
       20.693420     83536.4233750020   02        10.306283         0.000000        11.651518         0.000000    03             0.000000         -2804.269345             0.000000 
       20.693420     83536.4233750020   02        10.306283         0.000000        11.651518         0.000000    03             0.000000         -2804.269345             0.000000 
       20.693420     83536.4233750020   02        10.306283         0.000000        11.651518         0.000000    03             0.000000         -2804.269345             0.000000 
       20.693420     83536.4233750020   02        10.306283         0.000000        11.651518         0.000000    03             0.000000         -2804.269345             0.000000 
       20.693420     83461.9073008318   02        10.340846         0.000000        11.650114         0.000000    03             0.000000         -2804.729642             0.000000 
       20.693420     83536.4233750020   02        10.306283         0.000000        11.651518         0.000000    03             0.000000         -2804.269345             0.000000 
       20.693420     83536.4233750020   02        10.306283         0.000000        11.651518         0.000000    03             0.000000         -2804.269345             0.000000 
       20.693420     83536.4233750020   02        10.306283         0.000000        11.651518         0.000000    03             0.000000         -2804.269345             0.000000 
       20.693420     83536.4233750020   02        10.306283         0.000000        11.651518         0.000000    03             0.000000         -2804.269345             0.000000 
       20.693420     83536.4233750020   02        10.306283         0.000000        11.651518         0.000000    03             0.000000         -2804.269345             0.000000 
       20.693420     83536.4233750020   02        10.306283         0.000000        11.651518         0.000000    03             0.000000         -2804.269345             0.000000 
       20.693420     83536.4233750020   02        10.306283         0.000000        11.651518         0.000000    03             0.000000         -2804.269345             0.000000 
       20.693420     83536.4233750020   02        10.306283         0.000000        11.651518         0.000000    03             0.000000         -2804.269345             0.000000 
       20.693420     83536.4233750020   02        10.306283         0.000000        11.651518         0.000000    03             0.000000         -2804.269345             0.000000 
       20.693420     83536.4233750020   02        10.306283         0.000000        11.651518         0.000000    03             0.000000         -2804.269345             0.000000 
       20.693420     83536.4233750020   02        10.306283         0.000000        11.651518         0.000000    03             0.000000         -2804.269345             0.000000 
       20.693420     83536.4233750020   02        10.306283         0.000000        11.651518         0.000000    03             0.000000         -2804.269345             0.000000 
       20.693420     83536.4233750020   02        10.306283         0.000000        11.651518         0.000000    03             0.000000         -2804.269345             0.000000 
       20.693420     83536.4233750020   02        10.306283         0.000000        11.651518         0.000000    03             0.000000         -2804.269345             0.000000 
       20.693420     83536.4233750020   02        10.306283         0.000000        11.651518         0.000000    03             0.000000         -2804.269345             0.000000 
       20.693420     83463.6884720944   02        10.459191         0.000000        11.641343         0.000000    03             0.000000         -2805.309218             0.000000 
       20.693420     83515.8637394377   02        10.305943         0.000000        11.647645         0.000000    03             0.000000         -2803.396633             0.000000 
       20.693420     83516.1649790579   02        10.303643         0.000000        11.647281         0.000000    03             0.000000         -2803.265093             0.000000 
       20.693420     83515.8637394377   02        10.305943         0.000000        11.647645         0.000000    03             0.000000         -2803.396633             0.000000 
       20.693420     83515.8637394377   02        10.305943         0.000000        11.647645         0.000000    03             0.000000         -2803.396633             0.000000 
       20.693420     83515.8637394377   02        10.305943         0.000000        11.647645         0.000000    03             0.000000         -2803.396633             0.000000 
       20.693420     83516.1649790579   02        10.303643         0.000000        11.647281         0.000000    03             0.000000         -2803.265093             0.000000 
       20.693420     83515.9718176161   02        10.306033         0.000000        11.647482         0.000000    03             0.000000         -2803.362569             0.000000 
       20.693420     83516.1649790579   02        10.303643         0.000000        11.647281         0.000000    03             0.000000         -2803.265093             0.000000 
       20.693420     83516.1649790579   02        10.303643         0.000000        11.647281         0.000000    03             0.000000         -2803.265093             0.000000 
       20.693420     83515.8637394377   02        10.305943         0.000000        11.647645         0.000000    03             0.000000         -2803.396633             0.000000 
       20.693420     83516.1649790579   02        10.303643         0.000000        11.647281         0.000000    03             0.000000         -2803.265093             0.000000 
       20.693420     83516.1649790579   02        10.303643         0.000000        11.647281         0.000000    03             0.000000         -2803.265093             0.000000 
       20.693420     83516.1649790579   02        10.303643         0.000000        11.647281         0.000000    03             0.000000         -2803.265093             0.000000 
       20.693420     83516.1649790579   02        10.303643         0.000000        11.647281         0.000000    03             0.000000         -2803.265093             0.000000 
       20.693420     83516.1649790579   02        10.303643         0.000000        11.647281         0.000000    03             0.000000         -2803.265093             0.000000 
       20.693420     83516.1649790579   02        10.303643         0.000000        11.647281         0.000000    03             0.000000         -2803.265093             0.000000 
       20.693420     83516.1649790579   02        10.303643         0.000000        11.647281         0.000000    03             0.000000         -2803.265093             0.000000 
       20.693420     83516.1649790579   02        10.303643         0.000000        11.647281         0.000000    03             0.000000         -2803.265093             0.000000 
       20.693420     83516.1649790579   02        10.303643         0.000000        11.647281         0.000000    03             0.000000         -2803.265093             0.000000 
       20.693420     83516.1649790579   02        10.303643         0.000000        11.647281         0.000000    03             0.000000         -2803.265093             0.000000 
       20.693420     83515.8637394377   02        10.305943         0.000000        11.647645         0.000000    03             0.000000         -2803.396633             0.000000 
       20.693420     83516.1649790579   02        10.303643         0.000000        11.647281         0.000000    03             0.000000         -2803.265093             0.000000 
       20.693420     83516.1649790579   02        10.303643         0.000000        11.647281         0.000000    03             0.000000         -2803.265093             0.000000 
       20.693420     83515.8637394377   02        10.305943         0.000000        11.647645         0.000000    03             0.000000         -2803.396633             0.000000 
       20.693420     83515.8637394377   02        10.305943         0.000000        11.647645         0.000000    03             0.000000         -2803.396633             0.000000 
       20.693420     83516.1649790579   02        10.303643         0.000000        11.647281         0.000000    03             0.000000         -2803.265093             0.000000 
       20.693420     83516.1649790579   02        10.303643         0.000000        11.647281         0.000000    03             0.000000         -2803.265093             0.000000 
       20.693420     83516.1649790579   02        10.303643         0.000000        11.647281         0.000000    03             0.000000         -2803.265093             0.000000 
       20.693420     83516.1649790579   02        10.303643         0.000000        11.647281         0.000000    03             0.000000         -2803.265093             0.000000 
       20.693420     83516.1649790579   02        10.303643         0.000000        11.647281         0.000000    03             0.000000         -2803.265093             0.000000 
       20.693420     83516.1649790579   02        10.303643         0.000000        11.647281         0.000000    03             0.000000         -2803.265093             0.000000 
       20.693420     83515.8637394377   02        10.305943         0.000000        11.647645         0.000000    03             0.000000         -2803.396633             0.000000 
       20.693420     83515.8637394377   02        10.305943         0.000000        11.647645         0.000000    03             0.000000         -2803.396633             0.000000 
       20.693420     83516.1649790579   02        10.303643         0.000000        11.647281         0.000000    03             0.000000         -2803.265093             0.000000 
       20.693420     83516.1649790579   02        10.303643         0.000000        11.647281         0.000000    03             0.000000         -2803.265093             0.000000 
       20.693420     83516.1649790579   02        10.303643         0.000000        11.647281         0.000000    03             0.000000         -2803.265093             0.000000 
       20.693420     83461.9073008318   02        10.340846         0.000000        11.650114         0.000000    03             0.000000         -2804.729642             0.000000 
       20.693420     83504.7595316676   02        10.533618         0.000000        11.649759         0.000000    03             0.000000         -2808.642259             0.000000 
       20.693420     83505.1959157001   02        10.532594         0.000000        11.649149         0.000000    03             0.000000         -2808.484862             0.000000 
       20.693420     83505.1959157001   02        10.532594         0.000000        11.649149         0.000000    03             0.000000         -2808.484862             0.000000 
       20.693420     83504.7595316676   02        10.533618         0.000000        11.649759         0.000000    03             0.000000         -2808.642259             0.000000 
       20.693420     83505.1959157001   02        10.532594         0.000000        11.649149         0.000000    03             0.000000         -2808.484862             0.000000 
       20.693420     83505.1959157001   02        10.532594         0.000000        11.649149         0.000000    03             0.000000         -2808.484862             0.000000 
       20.693420     83505.1959157001   02        10.532594         0.000000        11.649149         0.000000    03             0.000000         -2808.484862             0.000000 
       20.693420     83505.1959157001   02        10.532594         0.000000        11.649149         0.000000    03             0.000000         -2808.484862             0.000000 
       20.693420     83505.1959157001   02        10.532594         0.000000        11.649149         0.000000    03             0.000000         -2808.484862             0.000000 
       20.693420     83505.1959157001   02        10.532594         0.000000        11.649149         0.000000    03             0.000000         -2808.484862             0.000000 
       20.693420     83505.1959157001   02        10.532594         0.000000        11.649149         0.000000    03             0.000000         -2808.484862             0.000000 
       20.693420     83505.1959157001   02        10.532594         0.000000        11.649149         0.000000    03             0.000000         -2808.484862             0.000000 
       20.693420     83505.1959157001   02        10.532594         0.000000        11.649149         0.000000    03             0.000000         -2808.484862             0.000000 
       20.693420     83505.1959157001   02        10.532594         0.000000        11.649149         0.000000    03             0.000000         -2808.484862             0.000000 
       20.693420     83504.7595316676   02        10.533618         0.000000        11.649759         0.000000    03             0.000000         -2808.642259             0.000000 
       20.693420     83505.1959157001   02        10.532594         0.000000        11.649149         0.000000    03             0.000000         -2808.484862             0.000000 
       20.693420     83505.1959157001   02        10.532594         0.000000        11.649149         0.000000    03             0.000000         -2808.484862             0.000000 
       20.693420     83504.7595316676   02        10.533618         0.000000        11.649759         0.000000    03             0.000000         -2808.642259             0.000000 
       20.693420     83504.7595316676   02        10.533618         0.000000        11.649759         0.000000    03             0.000000         -2808.642259             0.000000 
       20.693420     83505.1959157001   02        10.532594         0.000000        11.649149         0.000000    03             0.000000         -2808.484862             0.000000 
       20.693420     83461.9073008318   02        10.340846         0.000000        11.650114         0.000000    03             0.000000         -2804.729642             0.000000 
       20.693420     83505.1959157001   02        10.532594         0.000000        11.649149         0.000000    03             0.000000         -2808.484862             0.000000 
       20.693420     83505.1959157001   02        10.532594         0.000000        11.649149         0.000000    03             0.000000         -2808.484862             0.000000 
       20.693420     83505.1959157001   02        10.532594         0.000000        11.649149         0.000000    03             0.000000         -2808.484862             0.000000 
       20.693420     83505.1959157001   02        10.532594         0.000000        11.649149         0.000000    03             0.000000         -2808.484862             0.000000 
       20.693420     83504.7595316676   02        10.533618         0.000000        11.649759         0.000000    03             0.000000         -2808.642259             0.000000 
       20.693420     83505.1959157001   02        10.532594         0.000000        11.649149         0.000000    03             0.000000         -2808.484862             0.000000 
       20.693420     83516.1649790579   02        10.303643         0.000000        11.647281         0.000000    03             0.000000         -2803.265093             0.000000 
       20.693420     83504.7595316676   02        10.533618         0.000000        11.649759         0.000000    03             0.000000         -2808.642259             0.000000 
       20.693420     83505.1959157001   02        10.532594         0.000000        11.649149         0.000000    03             0.000000         -2808.484862             0.000000 
       20.693420     83504.7595316676   02        10.533618         0.000000        11.649759         0.000000    03             0.000000         -2808.642259             0.000000 
       20.693420     83504.7595316676   02        10.533618         0.000000        11.649759         0.000000    03             0.000000         -2808.642259             0.000000 
       20.693420     83504.7595316676   02        10.533618         0.000000        11.649759         0.000000    03             0.000000         -2808.642259             0.000000 
       20.693420     83505.1959157001   02        10.532594         0.000000        11.649149         0.000000    03             0.000000         -2808.484862             0.000000 
       20.693420     83504.7595316677   02        10.533618         0.000000        11.649759         0.000000    03             0.000000         -2808.642259             0.000000 
       20.693420     83505.1959157001   02        10.532594         0.000000        11.649149         0.000000    03             0.000000         -2808.484862             0.000000 
       20.693420     83494.1106140958   02        10.097598         0.000000        11.651780         0.000000    03             0.000000         -2799.889454             0.000000 
       20.693420     83494.1106140958   02        10.097598         0.000000        11.651780         0.000000    03             0.000000         -2799.889454             0.000000 
       20.693420     83483.2889591177   02        10.604888         0.000000        11.644476         0.000000    03             0.000000         -2809.594640             0.000000 
       20.693420     83494.1106140958   02        10.097598         0.000000        11.651780         0.000000    03             0.000000         -2799.889454             0.000000 
       20.693420     83494.1106140958   02        10.097598         0.000000        11.651780         0.000000    03             0.000000         -2799.889454             0.000000 
       20.693420     83494.1106140958   02        10.097598         0.000000        11.651780         0.000000    03             0.000000         -2799.889454             0.000000 
       20.693420     83494.1106140958   02        10.097598         0.000000        11.651780         0.000000    03             0.000000         -2799.889454             0.000000 
       20.693420     83494.1106140958   02        10.097598         0.000000        11.651780         0.000000    03             0.000000         -2799.889454             0.000000 
       20.693420     83505.1959157001   02        10.532594         0.000000        11.649149         0.000000    03             0.000000         -2808.484862             0.000000 
       20.693420     83494.1106140958   02        10.097598         0.000000        11.651780         0.000000    03             0.000000         -2799.889454             0.000000 
       20.693420     83494.1106140958   02        10.097598         0.000000        11.651780         0.000000    03             0.000000         -2799.889454             0.000000 
       20.693420     83463.6884720944   02        10.459191         0.000000        11.641343         0.000000    03             0.000000         -2805.309218             0.000000 
       20.693420     83494.1106140958   02        10.097598         0.000000        11.651780         0.000000    03             0.000000         -2799.889454             0.000000 
       20.693420     83494.1106140958   02        10.097598         0.000000        11.651780         0.000000    03             0.000000         -2799.889454             0.000000 
       20.693420     83494.1106140958   02        10.097598         0.000000        11.651780         0.000000    03             0.000000         -2799.889454             0.000000 
       20.693420     83494.1106140958   02        10.097598         0.000000        11.651780         0.000000    03             0.000000         -2799.889454             0.000000 
       20.693420     83494.1106140958   02        10.097598         0.000000        11.651780         0.000000    03             0.000000         -2799.889454             0.000000 
       20.693420     83494.1106140958   02        10.097598         0.000000        11.651780         0.000000    03             0.000000         -2799.889454             0.000000 
       20.693420     83505.1959157001   02        10.532594         0.000000        11.649149         0.000000    03             0.000000         -2808.484862             0.000000 
       20.693420     83494.1106140958   02        10.097598         0.000000        11.651780         0.000000    03             0.000000         -2799.889454             0.000000 
       20.693420     83494.1106140958   02        10.097598         0.000000        11.651780         0.000000    03             0.000000         -2799.889454             0.000000 
       20.693420     83494.1106140958   02        10.097598         0.000000        11.651780         0.000000    03             0.000000         -2799.889454             0.000000 
       20.693420     83494.1106140958   02        10.097598         0.000000        11.651780         0.000000    03             0.000000         -2799.889454             0.000000 
       20.693420     83494.1106140958   02        10.097598         0.000000        11.651780         0.000000    03             0.000000         -2799.889454             0.000000 
       20.693420     83461.9073008318   02        10.340846         0.000000        11.650114         0.000000    03             0.000000         -2804.729642             0.000000 
       20.693420     83505.1959157001   02        10.532594         0.000000        11.649149         0.000000    03             0.000000         -2808.484862             0.000000 
       20.693420     83494.1106140958   02        10.097598         0.000000        11.651780         0.000000    03             0.000000         -2799.889454             0.000000 
       20.693420     83494.1106140958   02        10.097598         0.000000        11.651780         0.000000    03             0.000000         -2799.889454             0.000000 
       20.693420     83494.1106140958   02        10.097598         0.000000        11.651780         0.000000    03             0.000000         -2799.889454             0.000000 
       20.693420     83494.1106140958   02        10.097598         0.000000        11.651780         0.000000    03             0.000000         -2799.889454             0.000000 
       20.693420     83494.1106140958   02        10.097598         0.000000        11.651780         0.000000    03             0.000000         -2799.889454             0.000000 
       20.693420     83494.1106140958   02        10.097598         0.000000        11.651780         0.000000    03             0.000000         -2799.889454             0.000000 
       20.693420     83494.1106140958   02        10.097598         0.000000        11.651780         0.000000    03             0.000000         -2799.889454             0.000000 
       20.693420     83494.1106140958   02        10.097598         0.000000        11.651780         0.000000    03             0.000000         -2799.889454             0.000000 
       20.693420     83494.1106140958   02        10.097598         0.000000        11.651780         0.000000    03             0.000000         -2799.889454             0.000000 
       20.693420     83494.1106140958   02        10.097598         0.000000        11.651780         0.000000    03             0.000000         -2799.889454             0.000000 
       20.693420     83494.1106140958   02        10.097598         0.000000        11.651780         0.000000    03             0.000000         -2799.889454             0.000000 
       20.693420     83463.6884720944   02        10.459191         0.000000        11.641343         0.000000    03             0.000000         -2805.309218             0.000000 
       20.693420     83483.0166691862   02        10.608649         0.000000        11.644749         0.000000    03             0.000000         -2809.742112             0.000000 
       20.693420     83482.9760263614   02        10.609005         0.000000        11.644797         0.000000    03             0.000000         -2809.760684             0.000000 
       20.693420     83483.0166691862   02        10.608649         0.000000        11.644749         0.000000    03             0.000000         -2809.742112             0.000000 
       20.693420     83483.0166691862   02        10.608649         0.000000        11.644749         0.000000    03             0.000000         -2809.742112             0.000000 
       20.693420     83494.1106140958   02        10.097598         0.000000        11.651780         0.000000    03             0.000000         -2799.889454             0.000000 
       20.693420     83483.0166691862   02        10.608649         0.000000        11.644749         0.000000    03             0.000000         -2809.742112             0.000000 
       20.693420     83483.0166691862   02        10.608649         0.000000        11.644749         0.000000    03             0.000000         -2809.742112             0.000000 
       20.693420     83483.0166691862   02        10.608649         0.000000        11.644749         0.000000    03             0.000000         -2809.742112             0.000000 
       20.693420     83482.8722742903   02        10.609717         0.000000        11.644926         0.000000    03             0.000000         -2809.804796             0.000000 
       20.693420     83483.0166691862   02        10.608649         0.000000        11.644749         0.000000    03             0.000000         -2809.742112             0.000000 
       20.693420     83483.0166691862   02        10.608649         0.000000        11.644749         0.000000    03             0.000000         -2809.742112             0.000000 
       20.693420     83494.1106140958   02        10.097598         0.000000        11.651780         0.000000    03             0.000000         -2799.889454             0.000000 
       20.693420     83483.2786952516   02        10.604958         0.000000        11.644489         0.000000    03             0.000000         -2809.598992             0.000000 
       20.693420     83483.0166691862   02        10.608649         0.000000        11.644749         0.000000    03             0.000000         -2809.742112             0.000000 
       20.693420     83483.0166691862   02        10.608649         0.000000        11.644749         0.000000    03             0.000000         -2809.742112             0.000000 
       20.693420     83483.0166691862   02        10.608649         0.000000        11.644749         0.000000    03             0.000000         -2809.742112             0.000000 
       20.693420     83483.2786952516   02        10.604958         0.000000        11.644489         0.000000    03             0.000000         -2809.598992             0.000000 
       20.693420     83494.1106140958   02        10.097598         0.000000        11.651780         0.000000    03             0.000000         -2799.889454             0.000000 
       20.693420     83483.0166691862   02        10.608649         0.000000        11.644749         0.000000    03             0.000000         -2809.742112             0.000000 
       20.693420     83494.1106140958   02        10.097598         0.000000        11.651780         0.000000    03             0.000000         -2799.889454             0.000000 
       20.693420     83494.1106140958   02        10.097598         0.000000        11.651780         0.000000    03             0.000000         -2799.889454             0.000000 
       20.693420     83483.0166691862   02        10.608649         0.000000        11.644749         0.000000    03             0.000000         -2809.742112             0.000000 
       20.693420     83483.0166691862   02        10.608649         0.000000        11.644749         0.000000    03             0.000000         -2809.742112             0.000000 
       20.693420     83482.8086824652   02        10.610153         0.000000        11.645005         0.000000    03             0.000000         -2809.831853             0.000000 
       20.693420     83483.2889591177   02        10.604888         0.000000        11.644476         0.000000    03             0.000000         -2809.594640             0.000000 
       20.693420     83483.2786952516   02        10.604958         0.000000        11.644489         0.000000    03             0.000000         -2809.598992             0.000000 
       20.693420     83483.0166691862   02        10.608649         0.000000        11.644749         0.000000    03             0.000000         -2809.742112             0.000000 
       20.693420     83483.2786952516   02        10.604958         0.000000        11.644489         0.000000    03             0.000000         -2809.598992             0.000000 
       20.693420     83483.2786952516   02        10.604958         0.000000        11.644489         0.000000    03             0.000000         -2809.598992             0.000000 
       20.693420     83483.0166691862   02        10.608649         0.000000        11.644749         0.000000    03             0.000000         -2809.742112             0.000000 
       20.693420     83483.0166691862   02        10.608649         0.000000        11.644749         0.000000    03             0.000000         -2809.742112             0.000000 
       20.693420     83483.0166691862   02        10.608649         0.000000        11.644749         0.000000    03             0.000000         -2809.742112             0.000000 
       20.693420     83483.0166691862   02        10.608649         0.000000        11.644749         0.000000    03             0.000000         -2809.742112             0.000000 
       20.693420     83494.1106140958   02        10.097598         0.000000        11.651780         0.000000    03             0.000000         -2799.889454             0.000000 
       20.693420     83483.0166691862   02        10.608649         0.000000        11.644749         0.000000    03             0.000000         -2809.742112             0.000000 
       20.693420     83483.0166691862   02        10.608649         0.000000        11.644749         0.000000    03             0.000000         -2809.742112             0.000000 
       20.693420     83460.1750264290   02        10.326977         0.000000        11.647619         0.000000    03             0.000000         -2803.903995             0.000000 
       20.693420     83473.4164177538   02        10.400214         0.000000        11.653975         0.000000    03             0.000000         -2806.815347             0.000000 
       20.693420     83473.4164177538   02        10.400214         0.000000        11.653975         0.000000    03             0.000000         -2806.815347             0.000000 
       20.693420     83473.4164177538   02        10.400214         0.000000        11.653975         0.000000    03             0.000000         -2806.815347             0.000000 
       20.693420     83473.4164177538   02        10.400214         0.000000        11.653975         0.000000    03             0.000000         -2806.815347             0.000000 
       20.693420     83473.4164177538   02        10.400214         0.000000        11.653975         0.000000    03             0.000000         -2806.815347             0.000000 
       20.693420     83473.4164177538   02        10.400214         0.000000        11.653975         0.000000    03             0.000000         -2806.815347             0.000000 
       20.693420     83482.9760263614   02        10.609005         0.000000        11.644797         0.000000    03             0.000000         -2809.760684             0.000000 
       20.693420     83473.4164177538   02        10.400214         0.000000        11.653975         0.000000    03             0.000000         -2806.815347             0.000000 
       20.693420     83473.4164177538   02        10.400214         0.000000        11.653975         0.000000    03             0.000000         -2806.815347             0.000000 
       20.693420     83473.4164177538   02        10.400214         0.000000        11.653975         0.000000    03             0.000000         -2806.815347             0.000000 
       20.693420     83473.4164177538   02        10.400214         0.000000        11.653975         0.000000    03             0.000000         -2806.815347             0.000000 
       20.693420     83483.0166691862   02        10.608649         0.000000        11.644749         0.000000    03             0.000000         -2809.742112             0.000000 
       20.693420     83483.0166691862   02        10.608649         0.000000        11.644749         0.000000    03             0.000000         -2809.742112             0.000000 
       20.693420     83483.0166691862   02        10.608649         0.000000        11.644749         0.000000    03             0.000000         -2809.742112             0.000000 
       20.693420     83483.0166691862   02        10.608649         0.000000        11.644749         0.000000    03             0.000000         -2809.742112             0.000000 
       20.693420     83473.4164177538   02        10.400214         0.000000        11.653975         0.000000    03             0.000000         -2806.815347             0.000000 
       20.693420     83473.4164177538   02        10.400214         0.000000        11.653975         0.000000    03             0.000000         -2806.815347             0.000000 
       20.693420     83473.4164177538   02        10.400214         0.000000        11.653975         0.000000    03             0.000000         -2806.815347             0.000000 
       20.693420     83473.4164177538   02        10.400214         0.000000        11.653975         0.000000    03             0.000000         -2806.815347             0.000000 
       20.693420     83473.4164177538   02        10.400214         0.000000        11.653975         0.000000    03             0.000000         -2806.815347             0.000000 
       20.693420     83473.4164177538   02        10.400214         0.000000        11.653975         0.000000    03             0.000000         -2806.815347             0.000000 
       20.693420     83473.4164177538   02        10.400214         0.000000        11.653975         0.000000    03             0.000000         -2806.815347             0.000000 
       20.693420     83473.4164177538   02        10.400214         0.000000        11.653975         0.000000    03             0.000000         -2806.815347             0.000000 
       20.693420     83473.4164177538   02        10.400214         0.000000        11.653975         0.000000    03             0.000000         -2806.815347             0.000000 
       20.693420     83473.4164177538   02        10.400214         0.000000        11.653975         0.000000    03             0.000000         -2806.815347             0.000000 
       20.693420     83473.4164177538   02        10.400214         0.000000        11.653975         0.000000    03             0.000000         -2806.815347             0.000000 
       20.693420     83473.4164177538   02        10.400214         0.000000        11.653975         0.000000    03             0.000000         -2806.815347             0.000000 
       20.693420     83473.4164177538   02        10.400214         0.000000        11.653975         0.000000    03             0.000000         -2806.815347             0.000000 
       20.693420     83473.4164177538   02        10.400214         0.000000        11.653975         0.000000    03             0.000000         -2806.815347             0.000000 
       20.693420     83473.4164177538   02        10.400214         0.000000        11.653975         0.000000    03             0.000000         -2806.815347             0.000000 
       20.693420     83483.2786952516   02        10.604958         0.000000        11.644489         0.000000    03             0.000000         -2809.598992             0.000000 
       20.693420     83473.4164177538   02        10.400214         0.000000        11.653975         0.000000    03             0.000000         -2806.815347             0.000000 
       20.693420     83473.4164177538   02        10.400214         0.000000        11.653975         0.000000    03             0.000000         -2806.815347             0.000000 
       20.693420     83473.4164177538   02        10.400214         0.000000        11.653975         0.000000    03             0.000000         -2806.815347             0.000000 
       20.693420     83473.4164177538   02        10.400214         0.000000        11.653975         0.000000    03             0.000000         -2806.815347             0.000000 
       20.693420     83473.4164177538   02        10.400214         0.000000        11.653975         0.000000    03             0.000000         -2806.815347             0.000000 
       20.693420     83461.9073008318   02        10.340846         0.000000        11.650114         0.000000    03             0.000000         -2804.729642             0.000000 
       20.693420     83461.9073008318   02        10.340846         0.000000        11.650114         0.000000    03             0.000000         -2804.729642             0.000000 
       20.693420     83463.7207386931   02        10.415547         0.000000        11.654558         0.000000    03             0.000000         -2807.380211             0.000000 
       20.693420     83463.7207386931   02        10.415547         0.000000        11.654558         0.000000    03             0.000000         -2807.380211             0.000000 
       20.693420     83463.7207386931   02        10.415547         0.000000        11.654558         0.000000    03             0.000000         -2807.380211             0.000000 
       20.693420     83463.7207386931   02        10.415547         0.000000        11.654558         0.000000    03             0.000000         -2807.380211             0.000000 
       20.693420     83463.7207386931   02        10.415547         0.000000        11.654558         0.000000    03             0.000000         -2807.380211             0.000000 
       20.693420     83461.9073008318   02        10.340846         0.000000        11.650114         0.000000    03             0.000000         -2804.729642             0.000000 
       20.693420     83461.9073008318   02        10.340846         0.000000        11.650114         0.000000    03             0.000000         -2804.729642             0.000000 
       20.693420     83473.4164177538   02        10.400214         0.000000        11.653975         0.000000    03             0.000000         -2806.815347             0.000000 
       20.693420     83473.4164177538   02        10.400214         0.000000        11.653975         0.000000    03             0.000000         -2806.815347             0.000000 
       20.693420     83473.4164177538   02        10.400214         0.000000        11.653975         0.000000    03             0.000000         -2806.815347             0.000000 
       20.693420     83473.4164177538   02        10.400214         0.000000        11.653975         0.000000    03             0.000000         -2806.815347             0.000000 
       20.693420     83463.7207386931   02        10.415547         0.000000        11.654558         0.000000    03             0.000000         -2807.380211             0.000000 
       20.693420     83463.7207386931   02        10.415547         0.000000        11.654558         0.000000    03             0.000000         -2807.380211             0.000000 
       20.693420     83463.7207386931   02        10.415547         0.000000        11.654558         0.000000    03             0.000000         -2807.380211             0.000000 
       20.693420     83463.7207386931   02        10.415547         0.000000        11.654558         0.000000    03             0.000000         -2807.380211             0.000000 
       20.693420     83463.7207386931   02        10.415547         0.000000        11.654558         0.000000    03             0.000000         -2807.380211             0.000000 
       20.693420     83463.7207386931   02        10.415547         0.000000        11.654558         0.000000    03             0.000000         -2807.380211             0.000000 
       20.693420     83463.7207386931   02        10.415547         0.000000        11.654558         0.000000    03             0.000000         -2807.380211             0.000000 
       20.693420     83463.7207386931   02        10.415547         0.000000        11.654558         0.000000    03             0.000000         -2807.380211             0.000000 
       20.693420     83463.7207386931   02        10.415547         0.000000        11.654558         0.000000    03             0.000000         -2807.380211             0.000000 
       20.693420     83463.7207386931   02        10.415547         0.000000        11.654558         0.000000    03             0.000000         -2807.380211             0.000000 
       20.693420     83463.7207386931   02        10.415547         0.000000        11.654558         0.000000    03             0.000000         -2807.380211             0.000000 
       20.693420     83461.9073008318   02        10.340846         0.000000        11.650114         0.000000    03             0.000000         -2804.729642             0.000000 
       20.693420     83463.7207386931   02        10.415547         0.000000        11.654558         0.000000    03             0.000000         -2807.380211             0.000000 
       20.693420     83473.4164177538   02        10.400214         0.000000        11.653975         0.000000    03             0.000000         -2806.815347             0.000000 
       20.693420     83473.4164177538   02        10.400214         0.000000        11.653975         0.000000    03             0.000000         -2806.815347             0.000000 
       20.693420     83463.7207386931   02        10.415547         0.000000        11.654558         0.000000    03             0.000000         -2807.380211             0.000000 
       20.693420     83463.7207386931   02        10.415547         0.000000        11.654558         0.000000    03             0.000000         -2807.380211             0.000000 
       20.693420     83463.7207386931   02        10.415547         0.000000        11.654558         0.000000    03             0.000000         -2807.380211             0.000000 
       20.693420     83463.7207386931   02        10.415547         0.000000        11.654558         0.000000    03             0.000000         -2807.380211             0.000000 
       20.693420     83463.7207386931   02        10.415547         0.000000        11.654558         0.000000    03             0.000000         -2807.380211             0.000000 
       20.693420     83463.7207386931   02        10.415547         0.000000        11.654558         0.000000    03             0.000000         -2807.380211             0.000000 
       20.693420     83473.4164177538   02        10.400214         0.000000        11.653975         0.000000    03             0.000000         -2806.815347             0.000000 
       20.693420     83463.7207386931   02        10.415547         0.000000        11.654558         0.000000    03             0.000000         -2807.380211             0.000000 
       20.693420     83463.7207386931   02        10.415547         0.000000        11.654558         0.000000    03             0.000000         -2807.380211             0.000000 
       20.693420     83464.3999539722   02        10.435091         0.000000        11.650600         0.000000    03             0.000000         -2806.856820             0.000000 
       20.693420     83463.6884720944   02        10.459191         0.000000        11.641343         0.000000    03             0.000000         -2805.309218             0.000000 
       20.693420     83463.7207386931   02        10.415547         0.000000        11.654558         0.000000    03             0.000000         -2807.380211             0.000000 
       20.693420     83463.7207386931   02        10.415547         0.000000        11.654558         0.000000    03             0.000000         -2807.380211             0.000000 
       20.693420     83463.7207386931   02        10.415547         0.000000        11.654558         0.000000    03             0.000000         -2807.380211             0.000000 
       20.693420     83463.7207386931   02        10.415547         0.000000        11.654558         0.000000    03             0.000000         -2807.380211             0.000000 
       20.693420     83463.7207386931   02        10.415547         0.000000        11.654558         0.000000    03             0.000000         -2807.380211             0.000000 
       20.693420     83464.3999539722   02        10.435091         0.000000        11.650600         0.000000    03             0.000000         -2806.856820             0.000000 
       20.693420     83464.3999539722   02        10.435091         0.000000        11.650600         0.000000    03             0.000000         -2806.856820             0.000000 
       20.693420     83464.9156803642   02        10.435553         0.000000        11.649820         0.000000    03             0.000000         -2806.699615             0.000000 
       20.693420     83464.3999539722   02        10.435091         0.000000        11.650600         0.000000    03             0.000000         -2806.856820             0.000000 
       20.693420     83464.9156803642   02        10.435553         0.000000        11.649820         0.000000    03             0.000000         -2806.699615             0.000000 
       20.693420     83463.7207386931   02        10.415547         0.000000        11.654558         0.000000    03             0.000000         -2807.380211             0.000000 
       20.693420     83463.7207386931   02        10.415547         0.000000        11.654558         0.000000    03             0.000000         -2807.380211             0.000000 
       20.693420     83464.3999539722   02        10.435091         0.000000        11.650600         0.000000    03             0.000000         -2806.856820             0.000000 
       20.693420     83464.3999539722   02        10.435091         0.000000        11.650600         0.000000    03             0.000000         -2806.856820             0.000000 
       20.693420     83464.3999539722   02        10.435091         0.000000        11.650600         0.000000    03             0.000000         -2806.856820             0.000000 
       20.693420     83464.3999539722   02        10.435091         0.000000        11.650600         0.000000    03             0.000000         -2806.856820             0.000000 
       20.693420     83463.7207386931   02        10.415547         0.000000        11.654558         0.000000    03             0.000000         -2807.380211             0.000000 
       20.693420     83464.9156803642   02        10.435553         0.000000        11.649820         0.000000    03             0.000000         -2806.699615             0.000000 
       20.693420     83463.7207386931   02        10.415547         0.000000        11.654558         0.000000    03             0.000000         -2807.380211             0.000000 
       20.693420     83463.7207386931   02        10.415547         0.000000        11.654558         0.000000    03             0.000000         -2807.380211             0.000000 
       20.693420     83464.3999539722   02        10.435091         0.000000        11.650600         0.000000    03             0.000000         -2806.856820             0.000000 
       20.693420     83464.3999539722   02        10.435091         0.000000        11.650600         0.000000    03             0.000000         -2806.856820             0.000000 
       20.693420     83461.9073008318   02        10.340846         0.000000        11.650114         0.000000    03             0.000000         -2804.729642             0.000000 
       20.693420     83464.3999539722   02        10.435091         0.000000        11.650600         0.000000    03             0.000000         -2806.856820             0.000000 
       20.693420     83464.3999539722   02        10.435091         0.000000        11.650600         0.000000    03             0.000000         -2806.856820             0.000000 
       20.693420     83464.9156803642   02        10.435553         0.000000        11.649820         0.000000    03             0.000000         -2806.699615             0.000000 
       20.693420     83463.7207386931   02        10.415547         0.000000        11.654558         0.000000    03             0.000000         -2807.380211             0.000000 
       20.693420     83464.3999539722   02        10.435091         0.000000        11.650600         0.000000    03             0.000000         -2806.856820             0.000000 
       20.693420     83464.3999539722   02        10.435091         0.000000        11.650600         0.000000    03             0.000000         -2806.856820             0.000000 
       20.693420     83464.3999539722   02        10.435091         0.000000        11.650600         0.000000    03             0.000000         -2806.856820             0.000000 
       20.693420     83464.9156803642   02        10.435553         0.000000        11.649820         0.000000    03             0.000000         -2806.699615             0.000000 
       20.693420     83464.3999539722   02        10.435091         0.000000        11.650600         0.000000    03             0.000000         -2806.856820             0.000000 
       20.693420     83464.9156803642   02        10.435553         0.000000        11.649820         0.000000    03             0.000000         -2806.699615             0.000000 
       20.693420     83464.3999539722   02        10.435091         0.000000        11.650600         0.000000    03             0.000000         -2806.856820             0.000000 
       20.693420     83463.7207386931   02        10.415547         0.000000        11.654558         0.000000    03             0.000000         -2807.380211             0.000000 
       20.693420     83463.6884720944   02        10.459191         0.000000        11.641343         0.000000    03             0.000000         -2805.309218             0.000000 
       20.693420     83464.3999539722   02        10.435091         0.000000        11.650600         0.000000    03             0.000000         -2806.856820             0.000000 
       20.693420     83461.9073008318   02        10.340846         0.000000        11.650114         0.000000    03             0.000000         -2804.729642             0.000000 
       20.693420     83461.9073008318   02        10.340846         0.000000        11.650114         0.000000    03             0.000000         -2804.729642             0.000000 
       20.693420     83461.9073008318   02        10.340846         0.000000        11.650114         0.000000    03             0.000000         -2804.729642             0.000000 
       20.693420     83461.9073008318   02        10.340846         0.000000        11.650114         0.000000    03             0.000000         -2804.729642             0.000000 
       20.693420     83461.9073008318   02        10.340846         0.000000        11.650114         0.000000    03             0.000000         -2804.729642             0.000000 
       20.693420     83464.3999539722   02        10.435091         0.000000        11.650600         0.000000    03             0.000000         -2806.856820             0.000000 
       20.693420     83464.9156803642   02        10.435553         0.000000        11.649820         0.000000    03             0.000000         -2806.699615             0.000000 
       20.693420     83461.9073008318   02        10.340846         0.000000        11.650114         0.000000    03             0.000000         -2804.729642             0.000000 
       20.693420     83461.9073008318   02        10.340846         0.000000        11.650114         0.000000    03             0.000000         -2804.729642             0.000000 
       20.693420     83461.9073008318   02        10.340846         0.000000        11.650114         0.000000    03             0.000000         -2804.729642             0.000000 
       20.693420     83461.9073008318   02        10.340846         0.000000        11.650114         0.000000    03             0.000000         -2804.729642             0.000000 
       20.693420     83464.3999539722   02        10.435091         0.000000        11.650600         0.000000    03             0.000000         -2806.856820             0.000000 
       20.693420     83464.3999539722   02        10.435091         0.000000        11.650600         0.000000    03             0.000000         -2806.856820             0.000000 
       20.693420     83464.9156803642   02        10.435553         0.000000        11.649820         0.000000    03             0.000000         -2806.699615             0.000000 
       20.693420     83464.3999539722   02        10.435091         0.000000        11.650600         0.000000    03             0.000000         -2806.856820             0.000000 
       20.693420     83461.9073008318   02        10.340846         0.000000        11.650114         0.000000    03             0.000000         -2804.729642             0.000000 
       20.693420     83461.9073008318   02        10.340846         0.000000        11.650114         0.000000    03             0.000000         -2804.729642             0.000000 
       20.693420     83464.3999539722   02        10.435091         0.000000        11.650600         0.000000    03             0.000000         -2806.856820             0.000000 
       20.693420     83461.9073008318   02        10.340846         0.000000        11.650114         0.000000    03             0.000000         -2804.729642             0.000000 
       20.693420     83461.9073008318   02        10.340846         0.000000        11.650114         0.000000    03             0.000000         -2804.729642             0.000000 
       20.693420     83464.3999539722   02        10.435091         0.000000        11.650600         0.000000    03             0.000000         -2806.856820             0.000000 
       20.693420     83464.3999539722   02        10.435091         0.000000        11.650600         0.000000    03             0.000000         -2806.856820             0.000000 
       20.693420     83461.9073008318   02        10.340846         0.000000        11.650114         0.000000    03             0.000000         -2804.729642             0.000000 
       20.693420     83461.9073008318   02        10.340846         0.000000        11.650114         0.000000    03             0.000000         -2804.729642             0.000000 
       20.693420     83461.9073008318   02        10.340846         0.000000        11.650114         0.000000    03             0.000000         -2804.729642             0.000000 
       20.693420     83461.9073008318   02        10.340846         0.000000        11.650114         0.000000    03             0.000000         -2804.729642             0.000000 
       20.693420     83461.9073008318   02        10.340846         0.000000        11.650114         0.000000    03             0.000000         -2804.729642             0.000000 
       20.693420     83464.9156803642   02        10.435553         0.000000        11.649820         0.000000    03             0.000000         -2806.699615             0.000000 
       20.693420     83464.9156803642   02        10.435553         0.000000        11.649820         0.000000    03             0.000000         -2806.699615             0.000000 
       20.693420     83464.3999539722   02        10.435091         0.000000        11.650600         0.000000    03             0.000000         -2806.856820             0.000000 
       20.693420     83464.3999539722   02        10.435091         0.000000        11.650600         0.000000    03             0.000000         -2806.856820             0.000000 
       20.693420     83461.9073008318   02        10.340846         0.000000        11.650114         0.000000    03             0.000000         -2804.729642             0.000000 
       20.693420     83461.9073008318   02        10.340846         0.000000        11.650114         0.000000    03             0.000000         -2804.729642             0.000000 
       20.693420     83461.9073008318   02        10.340846         0.000000        11.650114         0.000000    03             0.000000         -2804.729642             0.000000 
       20.693420     83461.9073008318   02        10.340846         0.000000        11.650114         0.000000    03             0.000000         -2804.729642             0.000000 
       20.693420     83463.6884720944   02        10.459191         0.000000        11.641343         0.000000    03             0.000000         -2805.309218             0.000000 
       20.693420     83460.1750264290   02        10.326977         0.000000        11.647619         0.000000    03             0.000000         -2803.903995             0.000000 
       20.693420     83460.1750264290   02        10.326977         0.000000        11.647619         0.000000    03             0.000000         -2803.903995             0.000000 
       20.693420     83591.1164381314   02        10.185180         0.000000        11.651738         0.000000    03             0.000000         -2801.654087             0.000000 
       20.693420     83461.9073008318   02        10.340846         0.000000        11.650114         0.000000    03             0.000000         -2804.729642             0.000000 
       20.693420     83461.9073008318   02        10.340846         0.000000        11.650114         0.000000    03             0.000000         -2804.729642             0.000000 
       20.693420     83356.7694810707   02        11.024437         0.000000        12.604134         0.000000    03             0.000000         -2867.407741             0.000000 
       20.693420     84541.6673542272   02         8.341091         0.000000        10.962425         0.000000    03             0.000000         -2654.188508             0.000000 
       20.693420     83384.2245729052   02        10.616994         0.000000        11.763338         0.000000    03             0.000000         -2836.287648             0.000000 
       20.693420     83695.1252119383   02         9.890908         0.000000        11.383218         0.000000    03             0.000000         -2735.778999             0.000000 
       20.693420     83426.3419599959   02        10.419330         0.000000        11.696835         0.000000    03             0.000000         -2816.937152             0.000000 
       20.693420     83561.6821175309   02        10.106929         0.000000        11.521616         0.000000    03             0.000000         -2771.107060             0.000000 
       20.693420     83441.6574167497   02        10.373157         0.000000        11.674124         0.000000    03             0.000000         -2810.826362             0.000000 
       20.693420     83497.1439661549   02        10.230847         0.000000        11.598822         0.000000    03             0.000000         -2790.924129             0.000000 
       20.949830     83458.9934571453   02        10.330573         0.000000        11.651939         0.000000    03             0.000000         -2804.934378             0.000000 
       20.949830     83462.1169865256   02        10.465919         0.000000        11.646170         0.000000    03             0.000000         -2806.526541             0.000000 
       20.949830     83462.1169865256   02        10.465919         0.000000        11.646170         0.000000    03             0.000000         -2806.526541             0.000000 
       20.949830     83462.1169865256   02        10.465919         0.000000        11.646170         0.000000    03             0.000000         -2806.526541             0.000000 
       20.949830     83462.1169865257   02        10.465919         0.000000        11.646170         0.000000    03             0.000000         -2806.526541             0.000000 
       20.949830     83460.8424506881   02        10.346136         0.000000        11.654189         0.000000    03             0.000000         -2805.745390             0.000000 
       20.949830     83462.1169865256   02        10.465919         0.000000        11.646170         0.000000    03             0.000000         -2806.526541             0.000000 
       20.949830     83462.1169865256   02        10.465919         0.000000        11.646170         0.000000    03             0.000000         -2806.526541             0.000000 
       20.949830     83462.1169865256   02        10.465919         0.000000        11.646170         0.000000    03             0.000000         -2806.526541             0.000000 
       20.949830     83462.1169865256   02        10.465919         0.000000        11.646170         0.000000    03             0.000000         -2806.526541             0.000000 
       20.949830     83458.9934571453   02        10.330573         0.000000        11.651939         0.000000    03             0.000000         -2804.934378             0.000000 
       20.949830     83458.9934571453   02        10.330573         0.000000        11.651939         0.000000    03             0.000000         -2804.934378             0.000000 
       20.949830     83462.1169865256   02        10.465919         0.000000        11.646170         0.000000    03             0.000000         -2806.526541             0.000000 
       20.949830     83462.1169865256   02        10.465919         0.000000        11.646170         0.000000    03             0.000000         -2806.526541             0.000000 
       20.949830     83462.1169865256   02        10.465919         0.000000        11.646170         0.000000    03             0.000000         -2806.526541             0.000000 
       20.949830     83458.9934571453   02        10.330573         0.000000        11.651939         0.000000    03             0.000000         -2804.934378             0.000000 
       20.949830     83462.1169865256   02        10.465919         0.000000        11.646170         0.000000    03             0.000000         -2806.526541             0.000000 
       20.949830     83462.1169865256   02        10.465919         0.000000        11.646170         0.000000    03             0.000000         -2806.526541             0.000000 
       20.949830     83458.9934571453   02        10.330573         0.000000        11.651939         0.000000    03             0.000000         -2804.934378             0.000000 
       20.949830     83462.1169865256   02        10.465919         0.000000        11.646170         0.000000    03             0.000000         -2806.526541             0.000000 
       20.949830     83462.1169865257   02        10.465919         0.000000        11.646170         0.000000    03             0.000000         -2806.526541             0.000000 
       20.949830     83460.8424506880   02        10.346136         0.000000        11.654189         0.000000    03             0.000000         -2805.745390             0.000000 
       20.949830     83458.9934571453   02        10.330573         0.000000        11.651939         0.000000    03             0.000000         -2804.934378             0.000000 
       20.949830     83462.1169865256   02        10.465919         0.000000        11.646170         0.000000    03             0.000000         -2806.526541             0.000000 
       20.949830     83462.1169865257   02        10.465919         0.000000        11.646170         0.000000    03             0.000000         -2806.526541             0.000000 
       20.949830     83462.1169865257   02        10.465919         0.000000        11.646170         0.000000    03             0.000000         -2806.526541             0.000000 
       20.949830     83458.9934571453   02        10.330573         0.000000        11.651939         0.000000    03             0.000000         -2804.934378             0.000000 
       20.949830     83462.1169865256   02        10.465919         0.000000        11.646170         0.000000    03             0.000000         -2806.526541             0.000000 
       20.949830     83462.1169865256   02        10.465919         0.000000        11.646170         0.000000    03             0.000000         -2806.526541             0.000000 
       20.949830     83462.1169865256   02        10.465919         0.000000        11.646170         0.000000    03             0.000000         -2806.526541             0.000000 
       20.949830     83462.1169865256   02        10.465919         0.000000        11.646170         0.000000    03             0.000000         -2806.526541             0.000000 
       20.949830     83458.9934571453   02        10.330573         0.000000        11.651939         0.000000    03             0.000000         -2804.934378             0.000000 
       20.949830     83462.1169865257   02        10.465919         0.000000        11.646170         0.000000    03             0.000000         -2806.526541             0.000000 
       20.949830     83462.1169865257   02        10.465919         0.000000        11.646170         0.000000    03             0.000000         -2806.526541             0.000000 
       20.949830     83462.1169865256   02        10.465919         0.000000        11.646170         0.000000    03             0.000000         -2806.526541             0.000000 
       20.949830     83462.1169865256   02        10.465919         0.000000        11.646170         0.000000    03             0.000000         -2806.526541             0.000000 
       20.949830     83462.1169865256   02        10.465919         0.000000        11.646170         0.000000    03             0.000000         -2806.526541             0.000000 
       20.949830     83626.3321732351   02        11.877070         0.000000        11.626355         0.000000    03             0.000000         -2833.000159             0.000000 
       20.949830     83458.9934571453   02        10.330573         0.000000        11.651939         0.000000    03             0.000000         -2804.934378             0.000000 
       20.949830     83458.9934571453   02        10.330573         0.000000        11.651939         0.000000    03             0.000000         -2804.934378             0.000000 
       20.949830     83458.9934571453   02        10.330573         0.000000        11.651939         0.000000    03             0.000000         -2804.934378             0.000000 
       20.949830     83458.9934571453   02        10.330573         0.000000        11.651939         0.000000    03             0.000000         -2804.934378             0.000000 
       20.949830     83462.1169865257   02        10.465919         0.000000        11.646170         0.000000    03             0.000000         -2806.526541             0.000000 
       20.949830     83626.3321732351   02        11.877070         0.000000        11.626355         0.000000    03             0.000000         -2833.000159             0.000000 
       20.949830     83590.1835618429   02        10.190089         0.000000        11.655586         0.000000    03             0.000000         -2802.611433             0.000000 
       20.949830     83590.1835618429   02        10.190089         0.000000        11.655586         0.000000    03             0.000000         -2802.611433             0.000000 
       20.949830     83590.1835618429   02        10.190089         0.000000        11.655586         0.000000    03             0.000000         -2802.611433             0.000000 
       20.949830     83458.9934571453   02        10.330573         0.000000        11.651939         0.000000    03             0.000000         -2804.934378             0.000000 
       20.949830     83458.9934571453   02        10.330573         0.000000        11.651939         0.000000    03             0.000000         -2804.934378             0.000000 
       20.949830     83458.9934571453   02        10.330573         0.000000        11.651939         0.000000    03             0.000000         -2804.934378             0.000000 
       20.949830     83625.3787940252   02        11.885727         0.000000        11.627469         0.000000    03             0.000000         -2833.458558             0.000000 
       20.949830     83458.9934571453   02        10.330573         0.000000        11.651939         0.000000    03             0.000000         -2804.934378             0.000000 
       20.949830     83458.9934571453   02        10.330573         0.000000        11.651939         0.000000    03             0.000000         -2804.934378             0.000000 
       20.949830     83626.3321732351   02        11.877070         0.000000        11.626355         0.000000    03             0.000000         -2833.000159             0.000000 
       20.949830     83458.9934571453   02        10.330573         0.000000        11.651939         0.000000    03             0.000000         -2804.934378             0.000000 
       20.949830     83624.8519820304   02        11.897552         0.000000        11.627854         0.000000    03             0.000000         -2833.843041             0.000000 
       20.949830     83458.9934571453   02        10.330573         0.000000        11.651939         0.000000    03             0.000000         -2804.934378             0.000000 
       20.949830     83626.3321732351   02        11.877070         0.000000        11.626355         0.000000    03             0.000000         -2833.000159             0.000000 
       20.949830     83458.9934571453   02        10.330573         0.000000        11.651939         0.000000    03             0.000000         -2804.934378             0.000000 
       20.949830     83458.9934571453   02        10.330573         0.000000        11.651939         0.000000    03             0.000000         -2804.934378             0.000000 
       20.949830     83458.9934571453   02        10.330573         0.000000        11.651939         0.000000    03             0.000000         -2804.934378             0.000000 
       20.949830     83458.9934571453   02        10.330573         0.000000        11.651939         0.000000    03             0.000000         -2804.934378             0.000000 
       20.949830     83626.3321732351   02        11.877070         0.000000        11.626355         0.000000    03             0.000000         -2833.000159             0.000000 
       20.949830     83458.9934571453   02        10.330573         0.000000        11.651939         0.000000    03             0.000000         -2804.934378             0.000000 
       20.949830     83458.9934571453   02        10.330573         0.000000        11.651939         0.000000    03             0.000000         -2804.934378             0.000000 
       20.949830     83458.9934571453   02        10.330573         0.000000        11.651939         0.000000    03             0.000000         -2804.934378             0.000000 
       20.949830     83458.9934571453   02        10.330573         0.000000        11.651939         0.000000    03             0.000000         -2804.934378             0.000000 
       20.949830     83458.9934571453   02        10.330573         0.000000        11.651939         0.000000    03             0.000000         -2804.934378             0.000000 
       20.949830     83458.9934571453   02        10.330573         0.000000        11.651939         0.000000    03             0.000000         -2804.934378             0.000000 
       20.949830     83590.1835618429   02        10.190089         0.000000        11.655586         0.000000    03             0.000000         -2802.611433             0.000000 
       20.949830     83625.3787940252   02        11.885727         0.000000        11.627469         0.000000    03             0.000000         -2833.458558             0.000000 
       20.949830     83458.9934571453   02        10.330573         0.000000        11.651939         0.000000    03             0.000000         -2804.934378             0.000000 
       20.949830     83458.9934571453   02        10.330573         0.000000        11.651939         0.000000    03             0.000000         -2804.934378             0.000000 
       20.949830     83625.3787940253   02        11.885727         0.000000        11.627469         0.000000    03             0.000000         -2833.458558             0.000000 
       20.949830     83626.3321732351   02        11.877070         0.000000        11.626355         0.000000    03             0.000000         -2833.000159             0.000000 
       20.949830     83458.9934571453   02        10.330573         0.000000        11.651939         0.000000    03             0.000000         -2804.934378             0.000000 
       20.949830     83458.9934571453   02        10.330573         0.000000        11.651939         0.000000    03             0.000000         -2804.934378             0.000000 
       20.949830     83458.9934571453   02        10.330573         0.000000        11.651939         0.000000    03             0.000000         -2804.934378             0.000000 
       20.949830     83625.3787940253   02        11.885727         0.000000        11.627469         0.000000    03             0.000000         -2833.458558             0.000000 
       20.949830     83590.1835618429   02        10.190089         0.000000        11.655586         0.000000    03             0.000000         -2802.611433             0.000000 
       20.949830     83590.1835618429   02        10.190089         0.000000        11.655586         0.000000    03             0.000000         -2802.611433             0.000000 
       20.949830     83462.1169865256   02        10.465919         0.000000        11.646170         0.000000    03             0.000000         -2806.526541             0.000000 
       20.949830     83590.1835618429   02        10.190089         0.000000        11.655586         0.000000    03             0.000000         -2802.611433             0.000000 
       20.949830     83590.1835618429   02        10.190089         0.000000        11.655586         0.000000    03             0.000000         -2802.611433             0.000000 
       20.949830     83590.1835618429   02        10.190089         0.000000        11.655586         0.000000    03             0.000000         -2802.611433             0.000000 
       20.949830     83590.1835618429   02        10.190089         0.000000        11.655586         0.000000    03             0.000000         -2802.611433             0.000000 
       20.949830     83590.1835618429   02        10.190089         0.000000        11.655586         0.000000    03             0.000000         -2802.611433             0.000000 
       20.949830     83590.1835618429   02        10.190089         0.000000        11.655586         0.000000    03             0.000000         -2802.611433             0.000000 
       20.949830     83590.1835618429   02        10.190089         0.000000        11.655586         0.000000    03             0.000000         -2802.611433             0.000000 
       20.949830     83590.1835618429   02        10.190089         0.000000        11.655586         0.000000    03             0.000000         -2802.611433             0.000000 
       20.949830     83590.1835618429   02        10.190089         0.000000        11.655586         0.000000    03             0.000000         -2802.611433             0.000000 
       20.949830     83590.1835618429   02        10.190089         0.000000        11.655586         0.000000    03             0.000000         -2802.611433             0.000000 
       20.949830     83590.1835618429   02        10.190089         0.000000        11.655586         0.000000    03             0.000000         -2802.611433             0.000000 
       20.949830     83590.1835618429   02        10.190089         0.000000        11.655586         0.000000    03             0.000000         -2802.611433             0.000000 
       20.949830     83590.1835618429   02        10.190089         0.000000        11.655586         0.000000    03             0.000000         -2802.611433             0.000000 
       20.949830     83590.1835618429   02        10.190089         0.000000        11.655586         0.000000    03             0.000000         -2802.611433             0.000000 
       20.949830     83590.1835618429   02        10.190089         0.000000        11.655586         0.000000    03             0.000000         -2802.611433             0.000000 
       20.949830     83590.1835618429   02        10.190089         0.000000        11.655586         0.000000    03             0.000000         -2802.611433             0.000000 
       20.949830     83590.1835618429   02        10.190089         0.000000        11.655586         0.000000    03             0.000000         -2802.611433             0.000000 
       20.949830     83590.1835618429   02        10.190089         0.000000        11.655586         0.000000    03             0.000000         -2802.611433             0.000000 
       20.949830     83541.8371890237   02        10.665641         0.000000        11.656889         0.000000    03             0.000000         -2813.489397             0.000000 
       20.949830     83590.1835618429   02        10.190089         0.000000        11.655586         0.000000    03             0.000000         -2802.611433             0.000000 
       20.949830     83590.1835618429   02        10.190089         0.000000        11.655586         0.000000    03             0.000000         -2802.611433             0.000000 
       20.949830     83460.8424506880   02        10.346136         0.000000        11.654189         0.000000    03             0.000000         -2805.745390             0.000000 
       20.949830     83590.1835618429   02        10.190089         0.000000        11.655586         0.000000    03             0.000000         -2802.611433             0.000000 
       20.949830     83590.1835618429   02        10.190089         0.000000        11.655586         0.000000    03             0.000000         -2802.611433             0.000000 
       20.949830     83590.1835618429   02        10.190089         0.000000        11.655586         0.000000    03             0.000000         -2802.611433             0.000000 
       20.949830     83590.1835618429   02        10.190089         0.000000        11.655586         0.000000    03             0.000000         -2802.611433             0.000000 
       20.949830     83590.1835618429   02        10.190089         0.000000        11.655586         0.000000    03             0.000000         -2802.611433             0.000000 
       20.949830     83543.0038544054   02        10.659295         0.000000        11.655384         0.000000    03             0.000000         -2812.997438             0.000000 
       20.949830     83590.1835618429   02        10.190089         0.000000        11.655586         0.000000    03             0.000000         -2802.611433             0.000000 
       20.949830     83590.1835618429   02        10.190089         0.000000        11.655586         0.000000    03             0.000000         -2802.611433             0.000000 
       20.949830     83590.1835618429   02        10.190089         0.000000        11.655586         0.000000    03             0.000000         -2802.611433             0.000000 
       20.949830     83590.1835618429   02        10.190089         0.000000        11.655586         0.000000    03             0.000000         -2802.611433             0.000000 
       20.949830     83590.1835618429   02        10.190089         0.000000        11.655586         0.000000    03             0.000000         -2802.611433             0.000000 
       20.949830     83543.0074079516   02        10.659316         0.000000        11.655378         0.000000    03             0.000000         -2812.996738             0.000000 
       20.949830     83462.1169865256   02        10.465919         0.000000        11.646170         0.000000    03             0.000000         -2806.526541             0.000000 
       20.949830     83541.8371890238   02        10.665641         0.000000        11.656889         0.000000    03             0.000000         -2813.489397             0.000000 
       20.949830     83541.8371890237   02        10.665641         0.000000        11.656889         0.000000    03             0.000000         -2813.489397             0.000000 
       20.949830     83541.8371890238   02        10.665641         0.000000        11.656889         0.000000    03             0.000000         -2813.489397             0.000000 
       20.949830     83543.0074079516   02        10.659316         0.000000        11.655378         0.000000    03             0.000000         -2812.996738             0.000000 
       20.949830     83541.8371890237   02        10.665641         0.000000        11.656889         0.000000    03             0.000000         -2813.489397             0.000000 
       20.949830     83543.0038544054   02        10.659295         0.000000        11.655384         0.000000    03             0.000000         -2812.997438             0.000000 
       20.949830     83543.0074079516   02        10.659316         0.000000        11.655378         0.000000    03             0.000000         -2812.996738             0.000000 
       20.949830     83543.0074079516   02        10.659316         0.000000        11.655378         0.000000    03             0.000000         -2812.996738             0.000000 
       20.949830     83541.8371890238   02        10.665641         0.000000        11.656889         0.000000    03             0.000000         -2813.489397             0.000000 
       20.949830     83541.8371890237   02        10.665641         0.000000        11.656889         0.000000    03             0.000000         -2813.489397             0.000000 
       20.949830     83541.8371890238   02        10.665641         0.000000        11.656889         0.000000    03             0.000000         -2813.489397             0.000000 
       20.949830     83541.8371890238   02        10.665641         0.000000        11.656889         0.000000    03             0.000000         -2813.489397             0.000000 
       20.949830     83541.8371890238   02        10.665641         0.000000        11.656889         0.000000    03             0.000000         -2813.489397             0.000000 
       20.949830     83541.8371890237   02        10.665641         0.000000        11.656889         0.000000    03             0.000000         -2813.489397             0.000000 
       20.949830     83541.8371890237   02        10.665641         0.000000        11.656889         0.000000    03             0.000000         -2813.489397             0.000000 
       20.949830     83541.8371890238   02        10.665641         0.000000        11.656889         0.000000    03             0.000000         -2813.489397             0.000000 
       20.949830     83535.0743260281   02        10.311568         0.000000        11.655991         0.000000    03             0.000000         -2805.373117             0.000000 
       20.949830     83541.8371890237   02        10.665641         0.000000        11.656889         0.000000    03             0.000000         -2813.489397             0.000000 
       20.949830     83543.0038544054   02        10.659295         0.000000        11.655384         0.000000    03             0.000000         -2812.997438             0.000000 
       20.949830     83541.8371890237   02        10.665641         0.000000        11.656889         0.000000    03             0.000000         -2813.489397             0.000000 
       20.949830     83541.8371890238   02        10.665641         0.000000        11.656889         0.000000    03             0.000000         -2813.489397             0.000000 
       20.949830     83543.0071589873   02        10.659314         0.000000        11.655378         0.000000    03             0.000000         -2812.996787             0.000000 
       20.949830     83543.0074079516   02        10.659316         0.000000        11.655378         0.000000    03             0.000000         -2812.996738             0.000000 
       20.949830     83541.8371890238   02        10.665641         0.000000        11.656889         0.000000    03             0.000000         -2813.489397             0.000000 
       20.949830     83541.8371890238   02        10.665641         0.000000        11.656889         0.000000    03             0.000000         -2813.489397             0.000000 
       20.949830     83535.0743260281   02        10.311568         0.000000        11.655991         0.000000    03             0.000000         -2805.373117             0.000000 
       20.949830     83541.8371890237   02        10.665641         0.000000        11.656889         0.000000    03             0.000000         -2813.489397             0.000000 
       20.949830     83541.8371890237   02        10.665641         0.000000        11.656889         0.000000    03             0.000000         -2813.489397             0.000000 
       20.949830     83541.8371890237   02        10.665641         0.000000        11.656889         0.000000    03             0.000000         -2813.489397             0.000000 
       20.949830     83541.8371890238   02        10.665641         0.000000        11.656889         0.000000    03             0.000000         -2813.489397             0.000000 
       20.949830     83543.0071589873   02        10.659314         0.000000        11.655378         0.000000    03             0.000000         -2812.996787             0.000000 
       20.949830     83543.0074079516   02        10.659316         0.000000        11.655378         0.000000    03             0.000000         -2812.996738             0.000000 
       20.949830     83541.8371890237   02        10.665641         0.000000        11.656889         0.000000    03             0.000000         -2813.489397             0.000000 
       20.949830     83541.8371890237   02        10.665641         0.000000        11.656889         0.000000    03             0.000000         -2813.489397             0.000000 
       20.949830     83541.8371890237   02        10.665641         0.000000        11.656889         0.000000    03             0.000000         -2813.489397             0.000000 
       20.949830     83541.8371890237   02        10.665641         0.000000        11.656889         0.000000    03             0.000000         -2813.489397             0.000000 
       20.949830     83462.1169865256   02        10.465919         0.000000        11.646170         0.000000    03             0.000000         -2806.526541             0.000000 
       20.949830     83535.0743260281   02        10.311568         0.000000        11.655991         0.000000    03             0.000000         -2805.373117             0.000000 
       20.949830     83535.0743260281   02        10.311568         0.000000        11.655991         0.000000    03             0.000000         -2805.373117             0.000000 
       20.949830     83535.0743260281   02        10.311568         0.000000        11.655991         0.000000    03             0.000000         -2805.373117             0.000000 
       20.949830     83535.0743260281   02        10.311568         0.000000        11.655991         0.000000    03             0.000000         -2805.373117             0.000000 
       20.949830     83535.0743260281   02        10.311568         0.000000        11.655991         0.000000    03             0.000000         -2805.373117             0.000000 
       20.949830     83535.0743260281   02        10.311568         0.000000        11.655991         0.000000    03             0.000000         -2805.373117             0.000000 
       20.949830     83535.0743260281   02        10.311568         0.000000        11.655991         0.000000    03             0.000000         -2805.373117             0.000000 
       20.949830     83535.0743260281   02        10.311568         0.000000        11.655991         0.000000    03             0.000000         -2805.373117             0.000000 
       20.949830     83535.0743260281   02        10.311568         0.000000        11.655991         0.000000    03             0.000000         -2805.373117             0.000000 
       20.949830     83535.0743260281   02        10.311568         0.000000        11.655991         0.000000    03             0.000000         -2805.373117             0.000000 
       20.949830     83535.0743260281   02        10.311568         0.000000        11.655991         0.000000    03             0.000000         -2805.373117             0.000000 
       20.949830     83535.0743260281   02        10.311568         0.000000        11.655991         0.000000    03             0.000000         -2805.373117             0.000000 
       20.949830     83535.0743260281   02        10.311568         0.000000        11.655991         0.000000    03             0.000000         -2805.373117             0.000000 
       20.949830     83535.0743260281   02        10.311568         0.000000        11.655991         0.000000    03             0.000000         -2805.373117             0.000000 
       20.949830     83535.0743260281   02        10.311568         0.000000        11.655991         0.000000    03             0.000000         -2805.373117             0.000000 
       20.949830     83535.0743260281   02        10.311568         0.000000        11.655991         0.000000    03             0.000000         -2805.373117             0.000000 
       20.949830     83535.0743260281   02        10.311568         0.000000        11.655991         0.000000    03             0.000000         -2805.373117             0.000000 
       20.949830     83535.0743260281   02        10.311568         0.000000        11.655991         0.000000    03             0.000000         -2805.373117             0.000000 
       20.949830     83535.0743260281   02        10.311568         0.000000        11.655991         0.000000    03             0.000000         -2805.373117             0.000000 
       20.949830     83535.0743260281   02        10.311568         0.000000        11.655991         0.000000    03             0.000000         -2805.373117             0.000000 
       20.949830     83460.8424506881   02        10.346136         0.000000        11.654189         0.000000    03             0.000000         -2805.745390             0.000000 
       20.949830     83535.0743260281   02        10.311568         0.000000        11.655991         0.000000    03             0.000000         -2805.373117             0.000000 
       20.949830     83535.0743260281   02        10.311568         0.000000        11.655991         0.000000    03             0.000000         -2805.373117             0.000000 
       20.949830     83535.0743260281   02        10.311568         0.000000        11.655991         0.000000    03             0.000000         -2805.373117             0.000000 
       20.949830     83535.0743260281   02        10.311568         0.000000        11.655991         0.000000    03             0.000000         -2805.373117             0.000000 
       20.949830     83535.0743260281   02        10.311568         0.000000        11.655991         0.000000    03             0.000000         -2805.373117             0.000000 
       20.949830     83535.0743260281   02        10.311568         0.000000        11.655991         0.000000    03             0.000000         -2805.373117             0.000000 
       20.949830     83535.0743260281   02        10.311568         0.000000        11.655991         0.000000    03             0.000000         -2805.373117             0.000000 
       20.949830     83535.0743260281   02        10.311568         0.000000        11.655991         0.000000    03             0.000000         -2805.373117             0.000000 
       20.949830     83535.0743260281   02        10.311568         0.000000        11.655991         0.000000    03             0.000000         -2805.373117             0.000000 
       20.949830     83535.0743260281   02        10.311568         0.000000        11.655991         0.000000    03             0.000000         -2805.373117             0.000000 
       20.949830     83535.0743260281   02        10.311568         0.000000        11.655991         0.000000    03             0.000000         -2805.373117             0.000000 
       20.949830     83535.0743260281   02        10.311568         0.000000        11.655991         0.000000    03             0.000000         -2805.373117             0.000000 
       20.949830     83535.0743260281   02        10.311568         0.000000        11.655991         0.000000    03             0.000000         -2805.373117             0.000000 
       20.949830     83535.0743260281   02        10.311568         0.000000        11.655991         0.000000    03             0.000000         -2805.373117             0.000000 
       20.949830     83535.0743260281   02        10.311568         0.000000        11.655991         0.000000    03             0.000000         -2805.373117             0.000000 
       20.949830     83462.1169865256   02        10.465919         0.000000        11.646170         0.000000    03             0.000000         -2806.526541             0.000000 
       20.949830     83515.3358684447   02        10.309508         0.000000        11.650999         0.000000    03             0.000000         -2804.215738             0.000000 
       20.949830     83515.8420565312   02        10.305642         0.000000        11.650386         0.000000    03             0.000000         -2803.994706             0.000000 
       20.949830     83515.3358684447   02        10.309508         0.000000        11.650999         0.000000    03             0.000000         -2804.215738             0.000000 
       20.949830     83515.3358684447   02        10.309508         0.000000        11.650999         0.000000    03             0.000000         -2804.215738             0.000000 
       20.949830     83515.3358684447   02        10.309508         0.000000        11.650999         0.000000    03             0.000000         -2804.215738             0.000000 
       20.949830     83515.8420565312   02        10.305642         0.000000        11.650386         0.000000    03             0.000000         -2803.994706             0.000000 
       20.949830     83515.5174776443   02        10.309659         0.000000        11.650724         0.000000    03             0.000000         -2804.158499             0.000000 
       20.949830     83515.8420565312   02        10.305642         0.000000        11.650386         0.000000    03             0.000000         -2803.994706             0.000000 
       20.949830     83515.8420565312   02        10.305642         0.000000        11.650386         0.000000    03             0.000000         -2803.994706             0.000000 
       20.949830     83515.3358684447   02        10.309508         0.000000        11.650999         0.000000    03             0.000000         -2804.215738             0.000000 
       20.949830     83515.8420565312   02        10.305642         0.000000        11.650386         0.000000    03             0.000000         -2803.994706             0.000000 
       20.949830     83515.8420565312   02        10.305642         0.000000        11.650386         0.000000    03             0.000000         -2803.994706             0.000000 
       20.949830     83515.8420565312   02        10.305642         0.000000        11.650386         0.000000    03             0.000000         -2803.994706             0.000000 
       20.949830     83515.8420565312   02        10.305642         0.000000        11.650386         0.000000    03             0.000000         -2803.994706             0.000000 
       20.949830     83515.8420565312   02        10.305642         0.000000        11.650386         0.000000    03             0.000000         -2803.994706             0.000000 
       20.949830     83515.8420565312   02        10.305642         0.000000        11.650386         0.000000    03             0.000000         -2803.994706             0.000000 
       20.949830     83515.8420565312   02        10.305642         0.000000        11.650386         0.000000    03             0.000000         -2803.994706             0.000000 
       20.949830     83515.8420565312   02        10.305642         0.000000        11.650386         0.000000    03             0.000000         -2803.994706             0.000000 
       20.949830     83515.8420565312   02        10.305642         0.000000        11.650386         0.000000    03             0.000000         -2803.994706             0.000000 
       20.949830     83515.8420565312   02        10.305642         0.000000        11.650386         0.000000    03             0.000000         -2803.994706             0.000000 
       20.949830     83515.3358684447   02        10.309508         0.000000        11.650999         0.000000    03             0.000000         -2804.215738             0.000000 
       20.949830     83515.8420565312   02        10.305642         0.000000        11.650386         0.000000    03             0.000000         -2803.994706             0.000000 
       20.949830     83515.8420565312   02        10.305642         0.000000        11.650386         0.000000    03             0.000000         -2803.994706             0.000000 
       20.949830     83515.3358684447   02        10.309508         0.000000        11.650999         0.000000    03             0.000000         -2804.215738             0.000000 
       20.949830     83515.3358684447   02        10.309508         0.000000        11.650999         0.000000    03             0.000000         -2804.215738             0.000000 
       20.949830     83515.8420565312   02        10.305642         0.000000        11.650386         0.000000    03             0.000000         -2803.994706             0.000000 
       20.949830     83515.8420565312   02        10.305642         0.000000        11.650386         0.000000    03             0.000000         -2803.994706             0.000000 
       20.949830     83515.8420565312   02        10.305642         0.000000        11.650386         0.000000    03             0.000000         -2803.994706             0.000000 
       20.949830     83515.8420565312   02        10.305642         0.000000        11.650386         0.000000    03             0.000000         -2803.994706             0.000000 
       20.949830     83515.8420565312   02        10.305642         0.000000        11.650386         0.000000    03             0.000000         -2803.994706             0.000000 
       20.949830     83515.8420565312   02        10.305642         0.000000        11.650386         0.000000    03             0.000000         -2803.994706             0.000000 
       20.949830     83515.3358684447   02        10.309508         0.000000        11.650999         0.000000    03             0.000000         -2804.215738             0.000000 
       20.949830     83515.3358684447   02        10.309508         0.000000        11.650999         0.000000    03             0.000000         -2804.215738             0.000000 
       20.949830     83515.8420565312   02        10.305642         0.000000        11.650386         0.000000    03             0.000000         -2803.994706             0.000000 
       20.949830     83515.8420565312   02        10.305642         0.000000        11.650386         0.000000    03             0.000000         -2803.994706             0.000000 
       20.949830     83515.8420565312   02        10.305642         0.000000        11.650386         0.000000    03             0.000000         -2803.994706             0.000000 
       20.949830     83460.8424506880   02        10.346136         0.000000        11.654189         0.000000    03             0.000000         -2805.745390             0.000000 
       20.949830     83504.2155539111   02        10.539471         0.000000        11.653058         0.000000    03             0.000000         -2809.502664             0.000000 
       20.949830     83504.5745922015   02        10.538629         0.000000        11.652556         0.000000    03             0.000000         -2809.373163             0.000000 
       20.949830     83504.5745922015   02        10.538629         0.000000        11.652556         0.000000    03             0.000000         -2809.373163             0.000000 
       20.949830     83504.2155539111   02        10.539471         0.000000        11.653058         0.000000    03             0.000000         -2809.502664             0.000000 
       20.949830     83504.5745922015   02        10.538629         0.000000        11.652556         0.000000    03             0.000000         -2809.373163             0.000000 
       20.949830     83504.5745922015   02        10.538629         0.000000        11.652556         0.000000    03             0.000000         -2809.373163             0.000000 
       20.949830     83504.5745922015   02        10.538629         0.000000        11.652556         0.000000    03             0.000000         -2809.373163             0.000000 
       20.949830     83504.5745922015   02        10.538629         0.000000        11.652556         0.000000    03             0.000000         -2809.373163             0.000000 
       20.949830     83504.5745922015   02        10.538629         0.000000        11.652556         0.000000    03             0.000000         -2809.373163             0.000000 
       20.949830     83504.5745922015   02        10.538629         0.000000        11.652556         0.000000    03             0.000000         -2809.373163             0.000000 
       20.949830     83504.5745922015   02        10.538629         0.000000        11.652556         0.000000    03             0.000000         -2809.373163             0.000000 
       20.949830     83504.5745922015   02        10.538629         0.000000        11.652556         0.000000    03             0.000000         -2809.373163             0.000000 
       20.949830     83504.5745922015   02        10.538629         0.000000        11.652556         0.000000    03             0.000000         -2809.373163             0.000000 
       20.949830     83504.5745922015   02        10.538629         0.000000        11.652556         0.000000    03             0.000000         -2809.373163             0.000000 
       20.949830     83504.2155539111   02        10.539471         0.000000        11.653058         0.000000    03             0.000000         -2809.502664             0.000000 
       20.949830     83504.5745922015   02        10.538629         0.000000        11.652556         0.000000    03             0.000000         -2809.373163             0.000000 
       20.949830     83504.5745922015   02        10.538629         0.000000        11.652556         0.000000    03             0.000000         -2809.373163             0.000000 
       20.949830     83504.2155539111   02        10.539471         0.000000        11.653058         0.000000    03             0.000000         -2809.502664             0.000000 
       20.949830     83504.2155539111   02        10.539471         0.000000        11.653058         0.000000    03             0.000000         -2809.502664             0.000000 
       20.949830     83504.5745922015   02        10.538629         0.000000        11.652556         0.000000    03             0.000000         -2809.373163             0.000000 
       20.949830     83460.8424506880   02        10.346136         0.000000        11.654189         0.000000    03             0.000000         -2805.745390             0.000000 
       20.949830     83504.5745922015   02        10.538629         0.000000        11.652556         0.000000    03             0.000000         -2809.373163             0.000000 
       20.949830     83504.5745922015   02        10.538629         0.000000        11.652556         0.000000    03             0.000000         -2809.373163             0.000000 
       20.949830     83504.5745922015   02        10.538629         0.000000        11.652556         0.000000    03             0.000000         -2809.373163             0.000000 
       20.949830     83504.5745922015   02        10.538629         0.000000        11.652556         0.000000    03             0.000000         -2809.373163             0.000000 
       20.949830     83504.2155539111   02        10.539471         0.000000        11.653058         0.000000    03             0.000000         -2809.502664             0.000000 
       20.949830     83504.5745922015   02        10.538629         0.000000        11.652556         0.000000    03             0.000000         -2809.373163             0.000000 
       20.949830     83515.8420565312   02        10.305642         0.000000        11.650386         0.000000    03             0.000000         -2803.994706             0.000000 
       20.949830     83504.2155539111   02        10.539471         0.000000        11.653058         0.000000    03             0.000000         -2809.502664             0.000000 
       20.949830     83504.5745922015   02        10.538629         0.000000        11.652556         0.000000    03             0.000000         -2809.373163             0.000000 
       20.949830     83504.2155539111   02        10.539471         0.000000        11.653058         0.000000    03             0.000000         -2809.502664             0.000000 
       20.949830     83504.2155539111   02        10.539471         0.000000        11.653058         0.000000    03             0.000000         -2809.502664             0.000000 
       20.949830     83504.2155539111   02        10.539471         0.000000        11.653058         0.000000    03             0.000000         -2809.502664             0.000000 
       20.949830     83504.5745922015   02        10.538629         0.000000        11.652556         0.000000    03             0.000000         -2809.373163             0.000000 
       20.949830     83504.2155539112   02        10.539471         0.000000        11.653058         0.000000    03             0.000000         -2809.502664             0.000000 
       20.949830     83504.5745922015   02        10.538629         0.000000        11.652556         0.000000    03             0.000000         -2809.373163             0.000000 
       20.949830     83493.5690942633   02        10.101494         0.000000        11.655080         0.000000    03             0.000000         -2800.705605             0.000000 
       20.949830     83493.5690942633   02        10.101494         0.000000        11.655080         0.000000    03             0.000000         -2800.705605             0.000000 
       20.949830     83483.1438768162   02        10.605892         0.000000        11.647363         0.000000    03             0.000000         -2810.258021             0.000000 
       20.949830     83493.5690942633   02        10.101494         0.000000        11.655080         0.000000    03             0.000000         -2800.705605             0.000000 
       20.949830     83493.5690942633   02        10.101494         0.000000        11.655080         0.000000    03             0.000000         -2800.705605             0.000000 
       20.949830     83493.5690942633   02        10.101494         0.000000        11.655080         0.000000    03             0.000000         -2800.705605             0.000000 
       20.949830     83493.5690942633   02        10.101494         0.000000        11.655080         0.000000    03             0.000000         -2800.705605             0.000000 
       20.949830     83493.5690942633   02        10.101494         0.000000        11.655080         0.000000    03             0.000000         -2800.705605             0.000000 
       20.949830     83504.5745922015   02        10.538629         0.000000        11.652556         0.000000    03             0.000000         -2809.373163             0.000000 
       20.949830     83493.5690942633   02        10.101494         0.000000        11.655080         0.000000    03             0.000000         -2800.705605             0.000000 
       20.949830     83493.5690942633   02        10.101494         0.000000        11.655080         0.000000    03             0.000000         -2800.705605             0.000000 
       20.949830     83462.1169865257   02        10.465919         0.000000        11.646170         0.000000    03             0.000000         -2806.526541             0.000000 
       20.949830     83493.5690942633   02        10.101494         0.000000        11.655080         0.000000    03             0.000000         -2800.705605             0.000000 
       20.949830     83493.5690942633   02        10.101494         0.000000        11.655080         0.000000    03             0.000000         -2800.705605             0.000000 
       20.949830     83493.5690942633   02        10.101494         0.000000        11.655080         0.000000    03             0.000000         -2800.705605             0.000000 
       20.949830     83493.5690942633   02        10.101494         0.000000        11.655080         0.000000    03             0.000000         -2800.705605             0.000000 
       20.949830     83493.5690942633   02        10.101494         0.000000        11.655080         0.000000    03             0.000000         -2800.705605             0.000000 
       20.949830     83493.5690942633   02        10.101494         0.000000        11.655080         0.000000    03             0.000000         -2800.705605             0.000000 
       20.949830     83504.5745922015   02        10.538629         0.000000        11.652556         0.000000    03             0.000000         -2809.373163             0.000000 
       20.949830     83493.5690942633   02        10.101494         0.000000        11.655080         0.000000    03             0.000000         -2800.705605             0.000000 
       20.949830     83493.5690942633   02        10.101494         0.000000        11.655080         0.000000    03             0.000000         -2800.705605             0.000000 
       20.949830     83493.5690942633   02        10.101494         0.000000        11.655080         0.000000    03             0.000000         -2800.705605             0.000000 
       20.949830     83493.5690942633   02        10.101494         0.000000        11.655080         0.000000    03             0.000000         -2800.705605             0.000000 
       20.949830     83493.5690942633   02        10.101494         0.000000        11.655080         0.000000    03             0.000000         -2800.705605             0.000000 
       20.949830     83460.8424506881   02        10.346136         0.000000        11.654189         0.000000    03             0.000000         -2805.745390             0.000000 
       20.949830     83504.5745922015   02        10.538629         0.000000        11.652556         0.000000    03             0.000000         -2809.373163             0.000000 
       20.949830     83493.5690942633   02        10.101494         0.000000        11.655080         0.000000    03             0.000000         -2800.705605             0.000000 
       20.949830     83493.5690942633   02        10.101494         0.000000        11.655080         0.000000    03             0.000000         -2800.705605             0.000000 
       20.949830     83493.5690942633   02        10.101494         0.000000        11.655080         0.000000    03             0.000000         -2800.705605             0.000000 
       20.949830     83493.5690942633   02        10.101494         0.000000        11.655080         0.000000    03             0.000000         -2800.705605             0.000000 
       20.949830     83493.5690942633   02        10.101494         0.000000        11.655080         0.000000    03             0.000000         -2800.705605             0.000000 
       20.949830     83493.5690942633   02        10.101494         0.000000        11.655080         0.000000    03             0.000000         -2800.705605             0.000000 
       20.949830     83493.5690942633   02        10.101494         0.000000        11.655080         0.000000    03             0.000000         -2800.705605             0.000000 
       20.949830     83493.5690942633   02        10.101494         0.000000        11.655080         0.000000    03             0.000000         -2800.705605             0.000000 
       20.949830     83493.5690942633   02        10.101494         0.000000        11.655080         0.000000    03             0.000000         -2800.705605             0.000000 
       20.949830     83493.5690942633   02        10.101494         0.000000        11.655080         0.000000    03             0.000000         -2800.705605             0.000000 
       20.949830     83493.5690942633   02        10.101494         0.000000        11.655080         0.000000    03             0.000000         -2800.705605             0.000000 
       20.949830     83462.1169865256   02        10.465919         0.000000        11.646170         0.000000    03             0.000000         -2806.526541             0.000000 
       20.949830     83482.6933432532   02        10.612164         0.000000        11.647813         0.000000    03             0.000000         -2810.502854             0.000000 
       20.949830     83482.6455192545   02        10.612621         0.000000        11.647868         0.000000    03             0.000000         -2810.525364             0.000000 
       20.949830     83482.6933432532   02        10.612164         0.000000        11.647813         0.000000    03             0.000000         -2810.502854             0.000000 
       20.949830     83482.6933432532   02        10.612164         0.000000        11.647813         0.000000    03             0.000000         -2810.502854             0.000000 
       20.949830     83493.5690942633   02        10.101494         0.000000        11.655080         0.000000    03             0.000000         -2800.705605             0.000000 
       20.949830     83482.6933432532   02        10.612164         0.000000        11.647813         0.000000    03             0.000000         -2810.502854             0.000000 
       20.949830     83482.6933432532   02        10.612164         0.000000        11.647813         0.000000    03             0.000000         -2810.502854             0.000000 
       20.949830     83482.6933432532   02        10.612164         0.000000        11.647813         0.000000    03             0.000000         -2810.502854             0.000000 
       20.949830     83482.5420288011   02        10.613332         0.000000        11.647997         0.000000    03             0.000000         -2810.569365             0.000000 
       20.949830     83482.6933432532   02        10.612164         0.000000        11.647813         0.000000    03             0.000000         -2810.502854             0.000000 
       20.949830     83482.6933432532   02        10.612164         0.000000        11.647813         0.000000    03             0.000000         -2810.502854             0.000000 
       20.949830     83493.5690942633   02        10.101494         0.000000        11.655080         0.000000    03             0.000000         -2800.705605             0.000000 
       20.949830     83483.1336388312   02        10.605962         0.000000        11.647376         0.000000    03             0.000000         -2810.262363             0.000000 
       20.949830     83482.6933432532   02        10.612164         0.000000        11.647813         0.000000    03             0.000000         -2810.502854             0.000000 
       20.949830     83482.6933432532   02        10.612164         0.000000        11.647813         0.000000    03             0.000000         -2810.502854             0.000000 
       20.949830     83482.6933432532   02        10.612164         0.000000        11.647813         0.000000    03             0.000000         -2810.502854             0.000000 
       20.949830     83483.1336388312   02        10.605962         0.000000        11.647376         0.000000    03             0.000000         -2810.262363             0.000000 
       20.949830     83493.5690942633   02        10.101494         0.000000        11.655080         0.000000    03             0.000000         -2800.705605             0.000000 
       20.949830     83482.6933432532   02        10.612164         0.000000        11.647813         0.000000    03             0.000000         -2810.502854             0.000000 
       20.949830     83493.5690942633   02        10.101494         0.000000        11.655080         0.000000    03             0.000000         -2800.705605             0.000000 
       20.949830     83493.5690942633   02        10.101494         0.000000        11.655080         0.000000    03             0.000000         -2800.705605             0.000000 
       20.949830     83482.6933432532   02        10.612164         0.000000        11.647813         0.000000    03             0.000000         -2810.502854             0.000000 
       20.949830     83482.6933432532   02        10.612164         0.000000        11.647813         0.000000    03             0.000000         -2810.502854             0.000000 
       20.949830     83482.4785973270   02        10.613767         0.000000        11.648076         0.000000    03             0.000000         -2810.596354             0.000000 
       20.949830     83483.1438768162   02        10.605892         0.000000        11.647363         0.000000    03             0.000000         -2810.258021             0.000000 
       20.949830     83483.1336388312   02        10.605962         0.000000        11.647376         0.000000    03             0.000000         -2810.262363             0.000000 
       20.949830     83482.6933432532   02        10.612164         0.000000        11.647813         0.000000    03             0.000000         -2810.502854             0.000000 
       20.949830     83483.1336388312   02        10.605962         0.000000        11.647376         0.000000    03             0.000000         -2810.262363             0.000000 
       20.949830     83483.1336388312   02        10.605962         0.000000        11.647376         0.000000    03             0.000000         -2810.262363             0.000000 
       20.949830     83482.6933432532   02        10.612164         0.000000        11.647813         0.000000    03             0.000000         -2810.502854             0.000000 
       20.949830     83482.6933432532   02        10.612164         0.000000        11.647813         0.000000    03             0.000000         -2810.502854             0.000000 
       20.949830     83482.6933432532   02        10.612164         0.000000        11.647813         0.000000    03             0.000000         -2810.502854             0.000000 
       20.949830     83482.6933432532   02        10.612164         0.000000        11.647813         0.000000    03             0.000000         -2810.502854             0.000000 
       20.949830     83493.5690942633   02        10.101494         0.000000        11.655080         0.000000    03             0.000000         -2800.705605             0.000000 
       20.949830     83482.6933432532   02        10.612164         0.000000        11.647813         0.000000    03             0.000000         -2810.502854             0.000000 
       20.949830     83482.6933432532   02        10.612164         0.000000        11.647813         0.000000    03             0.000000         -2810.502854             0.000000 
       20.949830     83458.9934571453   02        10.330573         0.000000        11.651939         0.000000    03             0.000000         -2804.934378             0.000000 
       20.949830     83472.3314586867   02        10.401784         0.000000        11.658156         0.000000    03             0.000000         -2807.771697             0.000000 
       20.949830     83472.3314586867   02        10.401784         0.000000        11.658156         0.000000    03             0.000000         -2807.771697             0.000000 
       20.949830     83472.3314586867   02        10.401784         0.000000        11.658156         0.000000    03             0.000000         -2807.771697             0.000000 
       20.949830     83472.3314586867   02        10.401784         0.000000        11.658156         0.000000    03             0.000000         -2807.771697             0.000000 
       20.949830     83472.3314586867   02        10.401784         0.000000        11.658156         0.000000    03             0.000000         -2807.771697             0.000000 
       20.949830     83472.3314586867   02        10.401784         0.000000        11.658156         0.000000    03             0.000000         -2807.771697             0.000000 
       20.949830     83482.6455192545   02        10.612621         0.000000        11.647868         0.000000    03             0.000000         -2810.525364             0.000000 
       20.949830     83472.3314586867   02        10.401784         0.000000        11.658156         0.000000    03             0.000000         -2807.771697             0.000000 
       20.949830     83472.3314586867   02        10.401784         0.000000        11.658156         0.000000    03             0.000000         -2807.771697             0.000000 
       20.949830     83472.3314586867   02        10.401784         0.000000        11.658156         0.000000    03             0.000000         -2807.771697             0.000000 
       20.949830     83472.3314586867   02        10.401784         0.000000        11.658156         0.000000    03             0.000000         -2807.771697             0.000000 
       20.949830     83482.6933432532   02        10.612164         0.000000        11.647813         0.000000    03             0.000000         -2810.502854             0.000000 
       20.949830     83482.6933432532   02        10.612164         0.000000        11.647813         0.000000    03             0.000000         -2810.502854             0.000000 
       20.949830     83482.6933432532   02        10.612164         0.000000        11.647813         0.000000    03             0.000000         -2810.502854             0.000000 
       20.949830     83482.6933432532   02        10.612164         0.000000        11.647813         0.000000    03             0.000000         -2810.502854             0.000000 
       20.949830     83472.3314586867   02        10.401784         0.000000        11.658156         0.000000    03             0.000000         -2807.771697             0.000000 
       20.949830     83472.3314586867   02        10.401784         0.000000        11.658156         0.000000    03             0.000000         -2807.771697             0.000000 
       20.949830     83472.3314586867   02        10.401784         0.000000        11.658156         0.000000    03             0.000000         -2807.771697             0.000000 
       20.949830     83472.3314586867   02        10.401784         0.000000        11.658156         0.000000    03             0.000000         -2807.771697             0.000000 
       20.949830     83472.3314586867   02        10.401784         0.000000        11.658156         0.000000    03             0.000000         -2807.771697             0.000000 
       20.949830     83472.3314586867   02        10.401784         0.000000        11.658156         0.000000    03             0.000000         -2807.771697             0.000000 
       20.949830     83472.3314586867   02        10.401784         0.000000        11.658156         0.000000    03             0.000000         -2807.771697             0.000000 
       20.949830     83472.3314586867   02        10.401784         0.000000        11.658156         0.000000    03             0.000000         -2807.771697             0.000000 
       20.949830     83472.3314586867   02        10.401784         0.000000        11.658156         0.000000    03             0.000000         -2807.771697             0.000000 
       20.949830     83472.3314586867   02        10.401784         0.000000        11.658156         0.000000    03             0.000000         -2807.771697             0.000000 
       20.949830     83472.3314586867   02        10.401784         0.000000        11.658156         0.000000    03             0.000000         -2807.771697             0.000000 
       20.949830     83472.3314586867   02        10.401784         0.000000        11.658156         0.000000    03             0.000000         -2807.771697             0.000000 
       20.949830     83472.3314586867   02        10.401784         0.000000        11.658156         0.000000    03             0.000000         -2807.771697             0.000000 
       20.949830     83472.3314586867   02        10.401784         0.000000        11.658156         0.000000    03             0.000000         -2807.771697             0.000000 
       20.949830     83472.3314586867   02        10.401784         0.000000        11.658156         0.000000    03             0.000000         -2807.771697             0.000000 
       20.949830     83483.1336388312   02        10.605962         0.000000        11.647376         0.000000    03             0.000000         -2810.262363             0.000000 
       20.949830     83472.3314586867   02        10.401784         0.000000        11.658156         0.000000    03             0.000000         -2807.771697             0.000000 
       20.949830     83472.3314586867   02        10.401784         0.000000        11.658156         0.000000    03             0.000000         -2807.771697             0.000000 
       20.949830     83472.3314586867   02        10.401784         0.000000        11.658156         0.000000    03             0.000000         -2807.771697             0.000000 
       20.949830     83472.3314586867   02        10.401784         0.000000        11.658156         0.000000    03             0.000000         -2807.771697             0.000000 
       20.949830     83472.3314586867   02        10.401784         0.000000        11.658156         0.000000    03             0.000000         -2807.771697             0.000000 
       20.949830     83460.8424506880   02        10.346136         0.000000        11.654189         0.000000    03             0.000000         -2805.745390             0.000000 
       20.949830     83460.8424506881   02        10.346136         0.000000        11.654189         0.000000    03             0.000000         -2805.745390             0.000000 
       20.949830     83462.7812298301   02        10.418315         0.000000        11.658510         0.000000    03             0.000000         -2808.300747             0.000000 
       20.949830     83462.7812298301   02        10.418315         0.000000        11.658510         0.000000    03             0.000000         -2808.300747             0.000000 
       20.949830     83462.7812298300   02        10.418315         0.000000        11.658510         0.000000    03             0.000000         -2808.300747             0.000000 
       20.949830     83462.7812298300   02        10.418315         0.000000        11.658510         0.000000    03             0.000000         -2808.300747             0.000000 
       20.949830     83462.7812298300   02        10.418315         0.000000        11.658510         0.000000    03             0.000000         -2808.300747             0.000000 
       20.949830     83460.8424506880   02        10.346136         0.000000        11.654189         0.000000    03             0.000000         -2805.745390             0.000000 
       20.949830     83460.8424506880   02        10.346136         0.000000        11.654189         0.000000    03             0.000000         -2805.745390             0.000000 
       20.949830     83472.3314586867   02        10.401784         0.000000        11.658156         0.000000    03             0.000000         -2807.771697             0.000000 
       20.949830     83472.3314586867   02        10.401784         0.000000        11.658156         0.000000    03             0.000000         -2807.771697             0.000000 
       20.949830     83472.3314586867   02        10.401784         0.000000        11.658156         0.000000    03             0.000000         -2807.771697             0.000000 
       20.949830     83472.3314586867   02        10.401784         0.000000        11.658156         0.000000    03             0.000000         -2807.771697             0.000000 
       20.949830     83462.7812298300   02        10.418315         0.000000        11.658510         0.000000    03             0.000000         -2808.300747             0.000000 
       20.949830     83462.7812298300   02        10.418315         0.000000        11.658510         0.000000    03             0.000000         -2808.300747             0.000000 
       20.949830     83462.7812298300   02        10.418315         0.000000        11.658510         0.000000    03             0.000000         -2808.300747             0.000000 
       20.949830     83462.7812298300   02        10.418315         0.000000        11.658510         0.000000    03             0.000000         -2808.300747             0.000000 
       20.949830     83462.7812298301   02        10.418315         0.000000        11.658510         0.000000    03             0.000000         -2808.300747             0.000000 
       20.949830     83462.7812298301   02        10.418315         0.000000        11.658510         0.000000    03             0.000000         -2808.300747             0.000000 
       20.949830     83462.7812298301   02        10.418315         0.000000        11.658510         0.000000    03             0.000000         -2808.300747             0.000000 
       20.949830     83462.7812298300   02        10.418315         0.000000        11.658510         0.000000    03             0.000000         -2808.300747             0.000000 
       20.949830     83462.7812298300   02        10.418315         0.000000        11.658510         0.000000    03             0.000000         -2808.300747             0.000000 
       20.949830     83462.7812298300   02        10.418315         0.000000        11.658510         0.000000    03             0.000000         -2808.300747             0.000000 
       20.949830     83462.7812298301   02        10.418315         0.000000        11.658510         0.000000    03             0.000000         -2808.300747             0.000000 
       20.949830     83460.8424506880   02        10.346136         0.000000        11.654189         0.000000    03             0.000000         -2805.745390             0.000000 
       20.949830     83462.7812298301   02        10.418315         0.000000        11.658510         0.000000    03             0.000000         -2808.300747             0.000000 
       20.949830     83472.3314586867   02        10.401784         0.000000        11.658156         0.000000    03             0.000000         -2807.771697             0.000000 
       20.949830     83472.3314586867   02        10.401784         0.000000        11.658156         0.000000    03             0.000000         -2807.771697             0.000000 
       20.949830     83462.7812298300   02        10.418315         0.000000        11.658510         0.000000    03             0.000000         -2808.300747             0.000000 
       20.949830     83462.7812298300   02        10.418315         0.000000        11.658510         0.000000    03             0.000000         -2808.300747             0.000000 
       20.949830     83462.7812298300   02        10.418315         0.000000        11.658510         0.000000    03             0.000000         -2808.300747             0.000000 
       20.949830     83462.7812298300   02        10.418315         0.000000        11.658510         0.000000    03             0.000000         -2808.300747             0.000000 
       20.949830     83462.7812298300   02        10.418315         0.000000        11.658510         0.000000    03             0.000000         -2808.300747             0.000000 
       20.949830     83462.7812298300   02        10.418315         0.000000        11.658510         0.000000    03             0.000000         -2808.300747             0.000000 
       20.949830     83472.3314586867   02        10.401784         0.000000        11.658156         0.000000    03             0.000000         -2807.771697             0.000000 
       20.949830     83462.7812298300   02        10.418315         0.000000        11.658510         0.000000    03             0.000000         -2808.300747             0.000000 
       20.949830     83462.7812298300   02        10.418315         0.000000        11.658510         0.000000    03             0.000000         -2808.300747             0.000000 
       20.949830     83463.3170168358   02        10.440323         0.000000        11.654681         0.000000    03             0.000000         -2807.875222             0.000000 
       20.949830     83462.1169865257   02        10.465919         0.000000        11.646170         0.000000    03             0.000000         -2806.526541             0.000000 
       20.949830     83462.7812298301   02        10.418315         0.000000        11.658510         0.000000    03             0.000000         -2808.300747             0.000000 
       20.949830     83462.7812298301   02        10.418315         0.000000        11.658510         0.000000    03             0.000000         -2808.300747             0.000000 
       20.949830     83462.7812298300   02        10.418315         0.000000        11.658510         0.000000    03             0.000000         -2808.300747             0.000000 
       20.949830     83462.7812298300   02        10.418315         0.000000        11.658510         0.000000    03             0.000000         -2808.300747             0.000000 
       20.949830     83462.7812298301   02        10.418315         0.000000        11.658510         0.000000    03             0.000000         -2808.300747             0.000000 
       20.949830     83463.3170168358   02        10.440323         0.000000        11.654681         0.000000    03             0.000000         -2807.875222             0.000000 
       20.949830     83463.3170168358   02        10.440323         0.000000        11.654681         0.000000    03             0.000000         -2807.875222             0.000000 
       20.949830     83463.3873297684   02        10.440386         0.000000        11.654574         0.000000    03             0.000000         -2807.853789             0.000000 
       20.949830     83463.3170168358   02        10.440323         0.000000        11.654681         0.000000    03             0.000000         -2807.875222             0.000000 
       20.949830     83463.3873297684   02        10.440386         0.000000        11.654574         0.000000    03             0.000000         -2807.853789             0.000000 
       20.949830     83462.7812298300   02        10.418315         0.000000        11.658510         0.000000    03             0.000000         -2808.300747             0.000000 
       20.949830     83462.7812298300   02        10.418315         0.000000        11.658510         0.000000    03             0.000000         -2808.300747             0.000000 
       20.949830     83463.3170168358   02        10.440323         0.000000        11.654681         0.000000    03             0.000000         -2807.875222             0.000000 
       20.949830     83463.3170168358   02        10.440323         0.000000        11.654681         0.000000    03             0.000000         -2807.875222             0.000000 
       20.949830     83463.3170168358   02        10.440323         0.000000        11.654681         0.000000    03             0.000000         -2807.875222             0.000000 
       20.949830     83463.3170168358   02        10.440323         0.000000        11.654681         0.000000    03             0.000000         -2807.875222             0.000000 
       20.949830     83462.7812298300   02        10.418315         0.000000        11.658510         0.000000    03             0.000000         -2808.300747             0.000000 
       20.949830     83463.3873297684   02        10.440386         0.000000        11.654574         0.000000    03             0.000000         -2807.853789             0.000000 
       20.949830     83462.7812298300   02        10.418315         0.000000        11.658510         0.000000    03             0.000000         -2808.300747             0.000000 
       20.949830     83462.7812298300   02        10.418315         0.000000        11.658510         0.000000    03             0.000000         -2808.300747             0.000000 
       20.949830     83463.3170168358   02        10.440323         0.000000        11.654681         0.000000    03             0.000000         -2807.875222             0.000000 
       20.949830     83463.3170168358   02        10.440323         0.000000        11.654681         0.000000    03             0.000000         -2807.875222             0.000000 
       20.949830     83460.8424506880   02        10.346136         0.000000        11.654189         0.000000    03             0.000000         -2805.745390             0.000000 
       20.949830     83463.3170168358   02        10.440323         0.000000        11.654681         0.000000    03             0.000000         -2807.875222             0.000000 
       20.949830     83463.3170168358   02        10.440323         0.000000        11.654681         0.000000    03             0.000000         -2807.875222             0.000000 
       20.949830     83463.3873297684   02        10.440386         0.000000        11.654574         0.000000    03             0.000000         -2807.853789             0.000000 
       20.949830     83462.7812298300   02        10.418315         0.000000        11.658510         0.000000    03             0.000000         -2808.300747             0.000000 
       20.949830     83463.3170168358   02        10.440323         0.000000        11.654681         0.000000    03             0.000000         -2807.875222             0.000000 
       20.949830     83463.3170168358   02        10.440323         0.000000        11.654681         0.000000    03             0.000000         -2807.875222             0.000000 
       20.949830     83463.3170168358   02        10.440323         0.000000        11.654681         0.000000    03             0.000000         -2807.875222             0.000000 
       20.949830     83463.3873297684   02        10.440386         0.000000        11.654574         0.000000    03             0.000000         -2807.853789             0.000000 
       20.949830     83463.3170168358   02        10.440323         0.000000        11.654681         0.000000    03             0.000000         -2807.875222             0.000000 
       20.949830     83463.3873297684   02        10.440386         0.000000        11.654574         0.000000    03             0.000000         -2807.853789             0.000000 
       20.949830     83463.3170168358   02        10.440323         0.000000        11.654681         0.000000    03             0.000000         -2807.875222             0.000000 
       20.949830     83462.7812298300   02        10.418315         0.000000        11.658510         0.000000    03             0.000000         -2808.300747             0.000000 
       20.949830     83462.1169865257   02        10.465919         0.000000        11.646170         0.000000    03             0.000000         -2806.526541             0.000000 
       20.949830     83463.3170168358   02        10.440323         0.000000        11.654681         0.000000    03             0.000000         -2807.875222             0.000000 
       20.949830     83460.8424506880   02        10.346136         0.000000        11.654189         0.000000    03             0.000000         -2805.745390             0.000000 
       20.949830     83460.8424506880   02        10.346136         0.000000        11.654189         0.000000    03             0.000000         -2805.745390             0.000000 
       20.949830     83460.8424506881   02        10.346136         0.000000        11.654189         0.000000    03             0.000000         -2805.745390             0.000000 
       20.949830     83460.8424506880   02        10.346136         0.000000        11.654189         0.000000    03             0.000000         -2805.745390             0.000000 
       20.949830     83460.8424506881   02        10.346136         0.000000        11.654189         0.000000    03             0.000000         -2805.745390             0.000000 
       20.949830     83463.3170168358   02        10.440323         0.000000        11.654681         0.000000    03             0.000000         -2807.875222             0.000000 
       20.949830     83463.3873297684   02        10.440386         0.000000        11.654574         0.000000    03             0.000000         -2807.853789             0.000000 
       20.949830     83460.8424506880   02        10.346136         0.000000        11.654189         0.000000    03             0.000000         -2805.745390             0.000000 
       20.949830     83460.8424506880   02        10.346136         0.000000        11.654189         0.000000    03             0.000000         -2805.745390             0.000000 
       20.949830     83460.8424506880   02        10.346136         0.000000        11.654189         0.000000    03             0.000000         -2805.745390             0.000000 
       20.949830     83460.8424506880   02        10.346136         0.000000        11.654189         0.000000    03             0.000000         -2805.745390             0.000000 
       20.949830     83463.3170168358   02        10.440323         0.000000        11.654681         0.000000    03             0.000000         -2807.875222             0.000000 
       20.949830     83463.3170168358   02        10.440323         0.000000        11.654681         0.000000    03             0.000000         -2807.875222             0.000000 
       20.949830     83463.3873297684   02        10.440386         0.000000        11.654574         0.000000    03             0.000000         -2807.853789             0.000000 
       20.949830     83463.3170168358   02        10.440323         0.000000        11.654681         0.000000    03             0.000000         -2807.875222             0.000000 
       20.949830     83460.8424506880   02        10.346136         0.000000        11.654189         0.000000    03             0.000000         -2805.745390             0.000000 
       20.949830     83460.8424506880   02        10.346136         0.000000        11.654189         0.000000    03             0.000000         -2805.745390             0.000000 
       20.949830     83463.3170168358   02        10.440323         0.000000        11.654681         0.000000    03             0.000000         -2807.875222             0.000000 
       20.949830     83460.8424506881   02        10.346136         0.000000        11.654189         0.000000    03             0.000000         -2805.745390             0.000000 
       20.949830     83460.8424506880   02        10.346136         0.000000        11.654189         0.000000    03             0.000000         -2805.745390             0.000000 
       20.949830     83463.3170168358   02        10.440323         0.000000        11.654681         0.000000    03             0.000000         -2807.875222             0.000000 
       20.949830     83463.3170168358   02        10.440323         0.000000        11.654681         0.000000    03             0.000000         -2807.875222             0.000000 
       20.949830     83460.8424506880   02        10.346136         0.000000        11.654189         0.000000    03             0.000000         -2805.745390             0.000000 
       20.949830     83460.8424506880   02        10.346136         0.000000        11.654189         0.000000    03             0.000000         -2805.745390             0.000000 
       20.949830     83460.8424506880   02        10.346136         0.000000        11.654189         0.000000    03             0.000000         -2805.745390             0.000000 
       20.949830     83460.8424506880   02        10.346136         0.000000        11.654189         0.000000    03             0.000000         -2805.745390             0.000000 
       20.949830     83460.8424506881   02        10.346136         0.000000        11.654189         0.000000    03             0.000000         -2805.745390             0.000000 
       20.949830     83463.3873297684   02        10.440386         0.000000        11.654574         0.000000    03             0.000000         -2807.853789             0.000000 
       20.949830     83463.3873297684   02        10.440386         0.000000        11.654574         0.000000    03             0.000000         -2807.853789             0.000000 
       20.949830     83463.3170168358   02        10.440323         0.000000        11.654681         0.000000    03             0.000000         -2807.875222             0.000000 
       20.949830     83463.3170168358   02        10.440323         0.000000        11.654681         0.000000    03             0.000000         -2807.875222             0.000000 
       20.949830     83460.8424506880   02        10.346136         0.000000        11.654189         0.000000    03             0.000000         -2805.745390             0.000000 
       20.949830     83460.8424506880   02        10.346136         0.000000        11.654189         0.000000    03             0.000000         -2805.745390             0.000000 
       20.949830     83460.8424506880   02        10.346136         0.000000        11.654189         0.000000    03             0.000000         -2805.745390             0.000000 
       20.949830     83460.8424506881   02        10.346136         0.000000        11.654189         0.000000    03             0.000000         -2805.745390             0.000000 
       20.949830     83462.1169865257   02        10.465919         0.000000        11.646170         0.000000    03             0.000000         -2806.526541             0.000000 
       20.949830     83458.9934571453   02        10.330573         0.000000        11.651939         0.000000    03             0.000000         -2804.934378             0.000000 
       20.949830     83458.9934571453   02        10.330573         0.000000        11.651939         0.000000    03             0.000000         -2804.934378             0.000000 
       20.949830     83590.1835618429   02        10.190089         0.000000        11.655586         0.000000    03             0.000000         -2802.611433             0.000000 
       20.949830     83460.8424506881   02        10.346136         0.000000        11.654189         0.000000    03             0.000000         -2805.745390             0.000000 
       20.949830     83460.8424506880   02        10.346136         0.000000        11.654189         0.000000    03             0.000000         -2805.745390             0.000000 
       20.949830     83359.2950350659   02        10.938787         0.000000        12.520933         0.000000    03             0.000000         -2865.613969             0.000000 
       20.949830     84519.8740914218   02         8.368283         0.000000        10.974921         0.000000    03             0.000000         -2655.418351             0.000000 
       20.949830     83386.1209461910   02        10.613182         0.000000        11.762538         0.000000    03             0.000000         -2836.028194             0.000000 
       20.949830     83694.7995400354   02         9.895627         0.000000        11.386592         0.000000    03             0.000000         -2736.628182             0.000000 
       20.949830     83424.1937937954   02        10.430618         0.000000        11.702582         0.000000    03             0.000000         -2818.472941             0.000000 
       20.949830     83560.6587773383   02        10.112344         0.000000        11.525578         0.000000    03             0.000000         -2772.102528             0.000000 
       20.949830     83442.6705934172   02        10.370745         0.000000        11.675284         0.000000    03             0.000000         -2811.011180             0.000000 
       20.949830     83496.5968775947   02        10.234420         0.000000        11.602222         0.000000    03             0.000000         -2791.754223             0.000000 
       21.119300     83490.6864889614   02        10.351589         0.000000        11.668525         0.000000    03             0.000000         -2809.055001             0.000000 
       21.119300     83492.9662929177   02        10.483269         0.000000        11.664337         0.000000    03             0.000000         -2810.906443             0.000000 
       21.119300     83492.9662929177   02        10.483269         0.000000        11.664337         0.000000    03             0.000000         -2810.906443             0.000000 
       21.119300     83492.9662929177   02        10.483269         0.000000        11.664337         0.000000    03             0.000000         -2810.906443             0.000000 
       21.119300     83492.9662929178   02        10.483269         0.000000        11.664337         0.000000    03             0.000000         -2810.906443             0.000000 
       21.119300     83492.3339106238   02        10.368158         0.000000        11.670947         0.000000    03             0.000000         -2809.912052             0.000000 
       21.119300     83492.9662929177   02        10.483269         0.000000        11.664337         0.000000    03             0.000000         -2810.906443             0.000000 
       21.119300     83492.9662929177   02        10.483269         0.000000        11.664337         0.000000    03             0.000000         -2810.906443             0.000000 
       21.119300     83492.9662929177   02        10.483269         0.000000        11.664337         0.000000    03             0.000000         -2810.906443             0.000000 
       21.119300     83492.9662929177   02        10.483269         0.000000        11.664337         0.000000    03             0.000000         -2810.906443             0.000000 
       21.119300     83490.6864889614   02        10.351589         0.000000        11.668525         0.000000    03             0.000000         -2809.055001             0.000000 
       21.119300     83490.6864889614   02        10.351589         0.000000        11.668525         0.000000    03             0.000000         -2809.055001             0.000000 
       21.119300     83492.9662929177   02        10.483269         0.000000        11.664337         0.000000    03             0.000000         -2810.906443             0.000000 
       21.119300     83492.9662929177   02        10.483269         0.000000        11.664337         0.000000    03             0.000000         -2810.906443             0.000000 
       21.119300     83492.9662929177   02        10.483269         0.000000        11.664337         0.000000    03             0.000000         -2810.906443             0.000000 
       21.119300     83490.6864889615   02        10.351589         0.000000        11.668525         0.000000    03             0.000000         -2809.055001             0.000000 
       21.119300     83492.9662929177   02        10.483269         0.000000        11.664337         0.000000    03             0.000000         -2810.906443             0.000000 
       21.119300     83492.9662929177   02        10.483269         0.000000        11.664337         0.000000    03             0.000000         -2810.906443             0.000000 
       21.119300     83490.6864889615   02        10.351589         0.000000        11.668525         0.000000    03             0.000000         -2809.055001             0.000000 
       21.119300     83492.9662929177   02        10.483269         0.000000        11.664337         0.000000    03             0.000000         -2810.906443             0.000000 
       21.119300     83492.9662929178   02        10.483269         0.000000        11.664337         0.000000    03             0.000000         -2810.906443             0.000000 
       21.119300     83492.3339106237   02        10.368158         0.000000        11.670947         0.000000    03             0.000000         -2809.912052             0.000000 
       21.119300     83490.6864889615   02        10.351589         0.000000        11.668525         0.000000    03             0.000000         -2809.055001             0.000000 
       21.119300     83492.9662929177   02        10.483269         0.000000        11.664337         0.000000    03             0.000000         -2810.906443             0.000000 
       21.119300     83492.9662929178   02        10.483269         0.000000        11.664337         0.000000    03             0.000000         -2810.906443             0.000000 
       21.119300     83492.9662929178   02        10.483269         0.000000        11.664337         0.000000    03             0.000000         -2810.906443             0.000000 
       21.119300     83490.6864889614   02        10.351589         0.000000        11.668525         0.000000    03             0.000000         -2809.055001             0.000000 
       21.119300     83492.9662929177   02        10.483269         0.000000        11.664337         0.000000    03             0.000000         -2810.906443             0.000000 
       21.119300     83492.9662929177   02        10.483269         0.000000        11.664337         0.000000    03             0.000000         -2810.906443             0.000000 
       21.119300     83492.9662929177   02        10.483269         0.000000        11.664337         0.000000    03             0.000000         -2810.906443             0.000000 
       21.119300     83492.9662929177   02        10.483269         0.000000        11.664337         0.000000    03             0.000000         -2810.906443             0.000000 
       21.119300     83490.6864889614   02        10.351589         0.000000        11.668525         0.000000    03             0.000000         -2809.055001             0.000000 
       21.119300     83492.9662929178   02        10.483269         0.000000        11.664337         0.000000    03             0.000000         -2810.906443             0.000000 
       21.119300     83492.9662929178   02        10.483269         0.000000        11.664337         0.000000    03             0.000000         -2810.906443             0.000000 
       21.119300     83492.9662929177   02        10.483269         0.000000        11.664337         0.000000    03             0.000000         -2810.906443             0.000000 
       21.119300     83492.9662929177   02        10.483269         0.000000        11.664337         0.000000    03             0.000000         -2810.906443             0.000000 
       21.119300     83492.9662929177   02        10.483269         0.000000        11.664337         0.000000    03             0.000000         -2810.906443             0.000000 
       21.119300     83653.0507929422   02        11.927477         0.000000        11.650172         0.000000    03             0.000000         -2839.533392             0.000000 
       21.119300     83490.6864889614   02        10.351589         0.000000        11.668525         0.000000    03             0.000000         -2809.055001             0.000000 
       21.119300     83490.6864889615   02        10.351589         0.000000        11.668525         0.000000    03             0.000000         -2809.055001             0.000000 
       21.119300     83490.6864889615   02        10.351589         0.000000        11.668525         0.000000    03             0.000000         -2809.055001             0.000000 
       21.119300     83490.6864889614   02        10.351589         0.000000        11.668525         0.000000    03             0.000000         -2809.055001             0.000000 
       21.119300     83492.9662929178   02        10.483269         0.000000        11.664337         0.000000    03             0.000000         -2810.906443             0.000000 
       21.119300     83653.0507929422   02        11.927477         0.000000        11.650172         0.000000    03             0.000000         -2839.533392             0.000000 
       21.119300     83621.8703403764   02        10.211429         0.000000        11.671845         0.000000    03             0.000000         -2806.673363             0.000000 
       21.119300     83621.8703403764   02        10.211429         0.000000        11.671845         0.000000    03             0.000000         -2806.673363             0.000000 
       21.119300     83621.8703403764   02        10.211429         0.000000        11.671845         0.000000    03             0.000000         -2806.673363             0.000000 
       21.119300     83490.6864889614   02        10.351589         0.000000        11.668525         0.000000    03             0.000000         -2809.055001             0.000000 
       21.119300     83490.6864889614   02        10.351589         0.000000        11.668525         0.000000    03             0.000000         -2809.055001             0.000000 
       21.119300     83490.6864889614   02        10.351589         0.000000        11.668525         0.000000    03             0.000000         -2809.055001             0.000000 
       21.119300     83653.0507929421   02        11.927477         0.000000        11.650172         0.000000    03             0.000000         -2839.533392             0.000000 
       21.119300     83490.6864889615   02        10.351589         0.000000        11.668525         0.000000    03             0.000000         -2809.055001             0.000000 
       21.119300     83490.6864889614   02        10.351589         0.000000        11.668525         0.000000    03             0.000000         -2809.055001             0.000000 
       21.119300     83653.0507929422   02        11.927477         0.000000        11.650172         0.000000    03             0.000000         -2839.533392             0.000000 
       21.119300     83490.6864889614   02        10.351589         0.000000        11.668525         0.000000    03             0.000000         -2809.055001             0.000000 
       21.119300     83653.2467109655   02        11.931292         0.000000        11.649755         0.000000    03             0.000000         -2839.547822             0.000000 
       21.119300     83490.6864889615   02        10.351589         0.000000        11.668525         0.000000    03             0.000000         -2809.055001             0.000000 
       21.119300     83653.0507929422   02        11.927477         0.000000        11.650172         0.000000    03             0.000000         -2839.533392             0.000000 
       21.119300     83490.6864889614   02        10.351589         0.000000        11.668525         0.000000    03             0.000000         -2809.055001             0.000000 
       21.119300     83490.6864889614   02        10.351589         0.000000        11.668525         0.000000    03             0.000000         -2809.055001             0.000000 
       21.119300     83490.6864889614   02        10.351589         0.000000        11.668525         0.000000    03             0.000000         -2809.055001             0.000000 
       21.119300     83490.6864889614   02        10.351589         0.000000        11.668525         0.000000    03             0.000000         -2809.055001             0.000000 
       21.119300     83653.0507929422   02        11.927477         0.000000        11.650172         0.000000    03             0.000000         -2839.533392             0.000000 
       21.119300     83490.6864889615   02        10.351589         0.000000        11.668525         0.000000    03             0.000000         -2809.055001             0.000000 
       21.119300     83490.6864889614   02        10.351589         0.000000        11.668525         0.000000    03             0.000000         -2809.055001             0.000000 
       21.119300     83490.6864889615   02        10.351589         0.000000        11.668525         0.000000    03             0.000000         -2809.055001             0.000000 
       21.119300     83490.6864889614   02        10.351589         0.000000        11.668525         0.000000    03             0.000000         -2809.055001             0.000000 
       21.119300     83490.6864889614   02        10.351589         0.000000        11.668525         0.000000    03             0.000000         -2809.055001             0.000000 
       21.119300     83490.6864889614   02        10.351589         0.000000        11.668525         0.000000    03             0.000000         -2809.055001             0.000000 
       21.119300     83621.8703403764   02        10.211429         0.000000        11.671845         0.000000    03             0.000000         -2806.673363             0.000000 
       21.119300     83653.0507929421   02        11.927477         0.000000        11.650172         0.000000    03             0.000000         -2839.533392             0.000000 
       21.119300     83490.6864889614   02        10.351589         0.000000        11.668525         0.000000    03             0.000000         -2809.055001             0.000000 
       21.119300     83490.6864889614   02        10.351589         0.000000        11.668525         0.000000    03             0.000000         -2809.055001             0.000000 
       21.119300     83653.0507929421   02        11.927477         0.000000        11.650172         0.000000    03             0.000000         -2839.533392             0.000000 
       21.119300     83653.0507929422   02        11.927477         0.000000        11.650172         0.000000    03             0.000000         -2839.533392             0.000000 
       21.119300     83490.6864889614   02        10.351589         0.000000        11.668525         0.000000    03             0.000000         -2809.055001             0.000000 
       21.119300     83490.6864889614   02        10.351589         0.000000        11.668525         0.000000    03             0.000000         -2809.055001             0.000000 
       21.119300     83490.6864889614   02        10.351589         0.000000        11.668525         0.000000    03             0.000000         -2809.055001             0.000000 
       21.119300     83653.0507929421   02        11.927477         0.000000        11.650172         0.000000    03             0.000000         -2839.533392             0.000000 
       21.119300     83621.8703403764   02        10.211429         0.000000        11.671845         0.000000    03             0.000000         -2806.673363             0.000000 
       21.119300     83621.8703403764   02        10.211429         0.000000        11.671845         0.000000    03             0.000000         -2806.673363             0.000000 
       21.119300     83492.9662929177   02        10.483269         0.000000        11.664337         0.000000    03             0.000000         -2810.906443             0.000000 
       21.119300     83621.8703403764   02        10.211429         0.000000        11.671845         0.000000    03             0.000000         -2806.673363             0.000000 
       21.119300     83621.8703403764   02        10.211429         0.000000        11.671845         0.000000    03             0.000000         -2806.673363             0.000000 
       21.119300     83621.8703403764   02        10.211429         0.000000        11.671845         0.000000    03             0.000000         -2806.673363             0.000000 
       21.119300     83621.8703403764   02        10.211429         0.000000        11.671845         0.000000    03             0.000000         -2806.673363             0.000000 
       21.119300     83621.8703403764   02        10.211429         0.000000        11.671845         0.000000    03             0.000000         -2806.673363             0.000000 
       21.119300     83621.8703403764   02        10.211429         0.000000        11.671845         0.000000    03             0.000000         -2806.673363             0.000000 
       21.119300     83621.8703403764   02        10.211429         0.000000        11.671845         0.000000    03             0.000000         -2806.673363             0.000000 
       21.119300     83621.8703403764   02        10.211429         0.000000        11.671845         0.000000    03             0.000000         -2806.673363             0.000000 
       21.119300     83621.8703403764   02        10.211429         0.000000        11.671845         0.000000    03             0.000000         -2806.673363             0.000000 
       21.119300     83621.8703403764   02        10.211429         0.000000        11.671845         0.000000    03             0.000000         -2806.673363             0.000000 
       21.119300     83621.8703403764   02        10.211429         0.000000        11.671845         0.000000    03             0.000000         -2806.673363             0.000000 
       21.119300     83621.8703403764   02        10.211429         0.000000        11.671845         0.000000    03             0.000000         -2806.673363             0.000000 
       21.119300     83621.8703403764   02        10.211429         0.000000        11.671845         0.000000    03             0.000000         -2806.673363             0.000000 
       21.119300     83621.8703403764   02        10.211429         0.000000        11.671845         0.000000    03             0.000000         -2806.673363             0.000000 
       21.119300     83621.8703403764   02        10.211429         0.000000        11.671845         0.000000    03             0.000000         -2806.673363             0.000000 
       21.119300     83621.8703403764   02        10.211429         0.000000        11.671845         0.000000    03             0.000000         -2806.673363             0.000000 
       21.119300     83621.8703403764   02        10.211429         0.000000        11.671845         0.000000    03             0.000000         -2806.673363             0.000000 
       21.119300     83621.8703403764   02        10.211429         0.000000        11.671845         0.000000    03             0.000000         -2806.673363             0.000000 
       21.119300     83573.3928949788   02        10.679538         0.000000        11.673758         0.000000    03             0.000000         -2817.491543             0.000000 
       21.119300     83621.8703403764   02        10.211429         0.000000        11.671845         0.000000    03             0.000000         -2806.673363             0.000000 
       21.119300     83621.8703403764   02        10.211429         0.000000        11.671845         0.000000    03             0.000000         -2806.673363             0.000000 
       21.119300     83492.3339106237   02        10.368158         0.000000        11.670947         0.000000    03             0.000000         -2809.912052             0.000000 
       21.119300     83621.8703403764   02        10.211429         0.000000        11.671845         0.000000    03             0.000000         -2806.673363             0.000000 
       21.119300     83621.8703403764   02        10.211429         0.000000        11.671845         0.000000    03             0.000000         -2806.673363             0.000000 
       21.119300     83621.8703403764   02        10.211429         0.000000        11.671845         0.000000    03             0.000000         -2806.673363             0.000000 
       21.119300     83621.8703403764   02        10.211429         0.000000        11.671845         0.000000    03             0.000000         -2806.673363             0.000000 
       21.119300     83621.8703403764   02        10.211429         0.000000        11.671845         0.000000    03             0.000000         -2806.673363             0.000000 
       21.119300     83574.2711439232   02        10.675826         0.000000        11.672587         0.000000    03             0.000000         -2817.142404             0.000000 
       21.119300     83621.8703403764   02        10.211429         0.000000        11.671845         0.000000    03             0.000000         -2806.673363             0.000000 
       21.119300     83621.8703403764   02        10.211429         0.000000        11.671845         0.000000    03             0.000000         -2806.673363             0.000000 
       21.119300     83621.8703403764   02        10.211429         0.000000        11.671845         0.000000    03             0.000000         -2806.673363             0.000000 
       21.119300     83621.8703403764   02        10.211429         0.000000        11.671845         0.000000    03             0.000000         -2806.673363             0.000000 
       21.119300     83621.8703403764   02        10.211429         0.000000        11.671845         0.000000    03             0.000000         -2806.673363             0.000000 
       21.119300     83574.2715084502   02        10.675828         0.000000        11.672587         0.000000    03             0.000000         -2817.142333             0.000000 
       21.119300     83492.9662929177   02        10.483269         0.000000        11.664337         0.000000    03             0.000000         -2810.906443             0.000000 
       21.119300     83573.3928949788   02        10.679538         0.000000        11.673758         0.000000    03             0.000000         -2817.491543             0.000000 
       21.119300     83573.3928949788   02        10.679538         0.000000        11.673758         0.000000    03             0.000000         -2817.491543             0.000000 
       21.119300     83573.3928949788   02        10.679538         0.000000        11.673758         0.000000    03             0.000000         -2817.491543             0.000000 
       21.119300     83574.2715084502   02        10.675828         0.000000        11.672587         0.000000    03             0.000000         -2817.142333             0.000000 
       21.119300     83573.3928949788   02        10.679538         0.000000        11.673758         0.000000    03             0.000000         -2817.491543             0.000000 
       21.119300     83574.2711439232   02        10.675826         0.000000        11.672587         0.000000    03             0.000000         -2817.142404             0.000000 
       21.119300     83574.2715084502   02        10.675828         0.000000        11.672587         0.000000    03             0.000000         -2817.142333             0.000000 
       21.119300     83574.2715084502   02        10.675828         0.000000        11.672587         0.000000    03             0.000000         -2817.142333             0.000000 
       21.119300     83573.3928949788   02        10.679538         0.000000        11.673758         0.000000    03             0.000000         -2817.491543             0.000000 
       21.119300     83573.3928949788   02        10.679538         0.000000        11.673758         0.000000    03             0.000000         -2817.491543             0.000000 
       21.119300     83573.3928949788   02        10.679538         0.000000        11.673758         0.000000    03             0.000000         -2817.491543             0.000000 
       21.119300     83573.3928949788   02        10.679538         0.000000        11.673758         0.000000    03             0.000000         -2817.491543             0.000000 
       21.119300     83573.3928949788   02        10.679538         0.000000        11.673758         0.000000    03             0.000000         -2817.491543             0.000000 
       21.119300     83573.3928949788   02        10.679538         0.000000        11.673758         0.000000    03             0.000000         -2817.491543             0.000000 
       21.119300     83573.3928949786   02        10.679538         0.000000        11.673758         0.000000    03             0.000000         -2817.491543             0.000000 
       21.119300     83573.3928949788   02        10.679538         0.000000        11.673758         0.000000    03             0.000000         -2817.491543             0.000000 
       21.119300     83567.1546770363   02        10.333639         0.000000        11.671771         0.000000    03             0.000000         -2809.344334             0.000000 
       21.119300     83573.3928949788   02        10.679538         0.000000        11.673758         0.000000    03             0.000000         -2817.491543             0.000000 
       21.119300     83574.2711439232   02        10.675826         0.000000        11.672587         0.000000    03             0.000000         -2817.142404             0.000000 
       21.119300     83573.3928949788   02        10.679538         0.000000        11.673758         0.000000    03             0.000000         -2817.491543             0.000000 
       21.119300     83573.3928949788   02        10.679538         0.000000        11.673758         0.000000    03             0.000000         -2817.491543             0.000000 
       21.119300     83574.2714829112   02        10.675828         0.000000        11.672587         0.000000    03             0.000000         -2817.142338             0.000000 
       21.119300     83574.2715084502   02        10.675828         0.000000        11.672587         0.000000    03             0.000000         -2817.142333             0.000000 
       21.119300     83573.3928949788   02        10.679538         0.000000        11.673758         0.000000    03             0.000000         -2817.491543             0.000000 
       21.119300     83573.3928949788   02        10.679538         0.000000        11.673758         0.000000    03             0.000000         -2817.491543             0.000000 
       21.119300     83567.1546770363   02        10.333639         0.000000        11.671771         0.000000    03             0.000000         -2809.344334             0.000000 
       21.119300     83573.3928949788   02        10.679538         0.000000        11.673758         0.000000    03             0.000000         -2817.491543             0.000000 
       21.119300     83573.3928949788   02        10.679538         0.000000        11.673758         0.000000    03             0.000000         -2817.491543             0.000000 
       21.119300     83573.3928949788   02        10.679538         0.000000        11.673758         0.000000    03             0.000000         -2817.491543             0.000000 
       21.119300     83573.3928949788   02        10.679538         0.000000        11.673758         0.000000    03             0.000000         -2817.491543             0.000000 
       21.119300     83574.2714829112   02        10.675828         0.000000        11.672587         0.000000    03             0.000000         -2817.142338             0.000000 
       21.119300     83574.2715084502   02        10.675828         0.000000        11.672587         0.000000    03             0.000000         -2817.142333             0.000000 
       21.119300     83573.3928949788   02        10.679538         0.000000        11.673758         0.000000    03             0.000000         -2817.491543             0.000000 
       21.119300     83573.3928949788   02        10.679538         0.000000        11.673758         0.000000    03             0.000000         -2817.491543             0.000000 
       21.119300     83573.3928949785   02        10.679538         0.000000        11.673758         0.000000    03             0.000000         -2817.491543             0.000000 
       21.119300     83573.3928949788   02        10.679538         0.000000        11.673758         0.000000    03             0.000000         -2817.491543             0.000000 
       21.119300     83492.9662929177   02        10.483269         0.000000        11.664337         0.000000    03             0.000000         -2810.906443             0.000000 
       21.119300     83567.1546770363   02        10.333639         0.000000        11.671771         0.000000    03             0.000000         -2809.344334             0.000000 
       21.119300     83567.1546770363   02        10.333639         0.000000        11.671771         0.000000    03             0.000000         -2809.344334             0.000000 
       21.119300     83567.1546770363   02        10.333639         0.000000        11.671771         0.000000    03             0.000000         -2809.344334             0.000000 
       21.119300     83567.1546770363   02        10.333639         0.000000        11.671771         0.000000    03             0.000000         -2809.344334             0.000000 
       21.119300     83567.1546770363   02        10.333639         0.000000        11.671771         0.000000    03             0.000000         -2809.344334             0.000000 
       21.119300     83567.1546770363   02        10.333639         0.000000        11.671771         0.000000    03             0.000000         -2809.344334             0.000000 
       21.119300     83567.1546770363   02        10.333639         0.000000        11.671771         0.000000    03             0.000000         -2809.344334             0.000000 
       21.119300     83567.1546770363   02        10.333639         0.000000        11.671771         0.000000    03             0.000000         -2809.344334             0.000000 
       21.119300     83567.1546770363   02        10.333639         0.000000        11.671771         0.000000    03             0.000000         -2809.344334             0.000000 
       21.119300     83567.1546770363   02        10.333639         0.000000        11.671771         0.000000    03             0.000000         -2809.344334             0.000000 
       21.119300     83567.1546770363   02        10.333639         0.000000        11.671771         0.000000    03             0.000000         -2809.344334             0.000000 
       21.119300     83567.1546770363   02        10.333639         0.000000        11.671771         0.000000    03             0.000000         -2809.344334             0.000000 
       21.119300     83567.1546770363   02        10.333639         0.000000        11.671771         0.000000    03             0.000000         -2809.344334             0.000000 
       21.119300     83567.1546770363   02        10.333639         0.000000        11.671771         0.000000    03             0.000000         -2809.344334             0.000000 
       21.119300     83567.1546770363   02        10.333639         0.000000        11.671771         0.000000    03             0.000000         -2809.344334             0.000000 
       21.119300     83567.1546770363   02        10.333639         0.000000        11.671771         0.000000    03             0.000000         -2809.344334             0.000000 
       21.119300     83567.1546770363   02        10.333639         0.000000        11.671771         0.000000    03             0.000000         -2809.344334             0.000000 
       21.119300     83567.1546770363   02        10.333639         0.000000        11.671771         0.000000    03             0.000000         -2809.344334             0.000000 
       21.119300     83567.1546770363   02        10.333639         0.000000        11.671771         0.000000    03             0.000000         -2809.344334             0.000000 
       21.119300     83567.1546770363   02        10.333639         0.000000        11.671771         0.000000    03             0.000000         -2809.344334             0.000000 
       21.119300     83492.3339106238   02        10.368158         0.000000        11.670947         0.000000    03             0.000000         -2809.912052             0.000000 
       21.119300     83567.1546770363   02        10.333639         0.000000        11.671771         0.000000    03             0.000000         -2809.344334             0.000000 
       21.119300     83567.1546770363   02        10.333639         0.000000        11.671771         0.000000    03             0.000000         -2809.344334             0.000000 
       21.119300     83567.1546770363   02        10.333639         0.000000        11.671771         0.000000    03             0.000000         -2809.344334             0.000000 
       21.119300     83567.1546770363   02        10.333639         0.000000        11.671771         0.000000    03             0.000000         -2809.344334             0.000000 
       21.119300     83567.1546770363   02        10.333639         0.000000        11.671771         0.000000    03             0.000000         -2809.344334             0.000000 
       21.119300     83567.1546770363   02        10.333639         0.000000        11.671771         0.000000    03             0.000000         -2809.344334             0.000000 
       21.119300     83567.1546770363   02        10.333639         0.000000        11.671771         0.000000    03             0.000000         -2809.344334             0.000000 
       21.119300     83567.1546770363   02        10.333639         0.000000        11.671771         0.000000    03             0.000000         -2809.344334             0.000000 
       21.119300     83567.1546770363   02        10.333639         0.000000        11.671771         0.000000    03             0.000000         -2809.344334             0.000000 
       21.119300     83567.1546770363   02        10.333639         0.000000        11.671771         0.000000    03             0.000000         -2809.344334             0.000000 
       21.119300     83567.1546770363   02        10.333639         0.000000        11.671771         0.000000    03             0.000000         -2809.344334             0.000000 
       21.119300     83567.1546770363   02        10.333639         0.000000        11.671771         0.000000    03             0.000000         -2809.344334             0.000000 
       21.119300     83567.1546770363   02        10.333639         0.000000        11.671771         0.000000    03             0.000000         -2809.344334             0.000000 
       21.119300     83567.1546770363   02        10.333639         0.000000        11.671771         0.000000    03             0.000000         -2809.344334             0.000000 
       21.119300     83567.1546770363   02        10.333639         0.000000        11.671771         0.000000    03             0.000000         -2809.344334             0.000000 
       21.119300     83492.9662929177   02        10.483269         0.000000        11.664337         0.000000    03             0.000000         -2810.906443             0.000000 
       21.119300     83549.4189165812   02        10.326216         0.000000        11.664166         0.000000    03             0.000000         -2807.486378             0.000000 
       21.119300     83549.4189165811   02        10.326216         0.000000        11.664166         0.000000    03             0.000000         -2807.486378             0.000000 
       21.119300     83549.4189165812   02        10.326216         0.000000        11.664166         0.000000    03             0.000000         -2807.486378             0.000000 
       21.119300     83549.4189165812   02        10.326216         0.000000        11.664166         0.000000    03             0.000000         -2807.486378             0.000000 
       21.119300     83549.4189165812   02        10.326216         0.000000        11.664166         0.000000    03             0.000000         -2807.486378             0.000000 
       21.119300     83549.4189165811   02        10.326216         0.000000        11.664166         0.000000    03             0.000000         -2807.486378             0.000000 
       21.119300     83549.4189165813   02        10.326216         0.000000        11.664166         0.000000    03             0.000000         -2807.486378             0.000000 
       21.119300     83549.4189165811   02        10.326216         0.000000        11.664166         0.000000    03             0.000000         -2807.486378             0.000000 
       21.119300     83549.4189165811   02        10.326216         0.000000        11.664166         0.000000    03             0.000000         -2807.486378             0.000000 
       21.119300     83549.4189165812   02        10.326216         0.000000        11.664166         0.000000    03             0.000000         -2807.486378             0.000000 
       21.119300     83549.4189165811   02        10.326216         0.000000        11.664166         0.000000    03             0.000000         -2807.486378             0.000000 
       21.119300     83549.4189165811   02        10.326216         0.000000        11.664166         0.000000    03             0.000000         -2807.486378             0.000000 
       21.119300     83549.4189165811   02        10.326216         0.000000        11.664166         0.000000    03             0.000000         -2807.486378             0.000000 
       21.119300     83549.4189165811   02        10.326216         0.000000        11.664166         0.000000    03             0.000000         -2807.486378             0.000000 
       21.119300     83549.4189165811   02        10.326216         0.000000        11.664166         0.000000    03             0.000000         -2807.486378             0.000000 
       21.119300     83549.4189165811   02        10.326216         0.000000        11.664166         0.000000    03             0.000000         -2807.486378             0.000000 
       21.119300     83549.4189165811   02        10.326216         0.000000        11.664166         0.000000    03             0.000000         -2807.486378             0.000000 
       21.119300     83549.4189165811   02        10.326216         0.000000        11.664166         0.000000    03             0.000000         -2807.486378             0.000000 
       21.119300     83549.4189165811   02        10.326216         0.000000        11.664166         0.000000    03             0.000000         -2807.486378             0.000000 
       21.119300     83549.4189165811   02        10.326216         0.000000        11.664166         0.000000    03             0.000000         -2807.486378             0.000000 
       21.119300     83549.4189165812   02        10.326216         0.000000        11.664166         0.000000    03             0.000000         -2807.486378             0.000000 
       21.119300     83549.4189165811   02        10.326216         0.000000        11.664166         0.000000    03             0.000000         -2807.486378             0.000000 
       21.119300     83549.4189165811   02        10.326216         0.000000        11.664166         0.000000    03             0.000000         -2807.486378             0.000000 
       21.119300     83549.4189165812   02        10.326216         0.000000        11.664166         0.000000    03             0.000000         -2807.486378             0.000000 
       21.119300     83549.4189165812   02        10.326216         0.000000        11.664166         0.000000    03             0.000000         -2807.486378             0.000000 
       21.119300     83549.4189165811   02        10.326216         0.000000        11.664166         0.000000    03             0.000000         -2807.486378             0.000000 
       21.119300     83549.4189165811   02        10.326216         0.000000        11.664166         0.000000    03             0.000000         -2807.486378             0.000000 
       21.119300     83549.4189165811   02        10.326216         0.000000        11.664166         0.000000    03             0.000000         -2807.486378             0.000000 
       21.119300     83549.4189165811   02        10.326216         0.000000        11.664166         0.000000    03             0.000000         -2807.486378             0.000000 
       21.119300     83549.4189165811   02        10.326216         0.000000        11.664166         0.000000    03             0.000000         -2807.486378             0.000000 
       21.119300     83549.4189165811   02        10.326216         0.000000        11.664166         0.000000    03             0.000000         -2807.486378             0.000000 
       21.119300     83549.4189165812   02        10.326216         0.000000        11.664166         0.000000    03             0.000000         -2807.486378             0.000000 
       21.119300     83549.4189165812   02        10.326216         0.000000        11.664166         0.000000    03             0.000000         -2807.486378             0.000000 
       21.119300     83549.4189165811   02        10.326216         0.000000        11.664166         0.000000    03             0.000000         -2807.486378             0.000000 
       21.119300     83549.4189165811   02        10.326216         0.000000        11.664166         0.000000    03             0.000000         -2807.486378             0.000000 
       21.119300     83549.4189165811   02        10.326216         0.000000        11.664166         0.000000    03             0.000000         -2807.486378             0.000000 
       21.119300     83492.3339106237   02        10.368158         0.000000        11.670947         0.000000    03             0.000000         -2809.912052             0.000000 
       21.119300     83535.4309321039   02        10.568895         0.000000        11.669968         0.000000    03             0.000000         -2813.896911             0.000000 
       21.119300     83535.6786669135   02        10.568314         0.000000        11.669622         0.000000    03             0.000000         -2813.807557             0.000000 
       21.119300     83535.6786669135   02        10.568314         0.000000        11.669622         0.000000    03             0.000000         -2813.807557             0.000000 
       21.119300     83535.4309321039   02        10.568895         0.000000        11.669968         0.000000    03             0.000000         -2813.896911             0.000000 
       21.119300     83535.6786669135   02        10.568314         0.000000        11.669622         0.000000    03             0.000000         -2813.807557             0.000000 
       21.119300     83535.6786669135   02        10.568314         0.000000        11.669622         0.000000    03             0.000000         -2813.807557             0.000000 
       21.119300     83535.6786669135   02        10.568314         0.000000        11.669622         0.000000    03             0.000000         -2813.807557             0.000000 
       21.119300     83535.6786669135   02        10.568314         0.000000        11.669622         0.000000    03             0.000000         -2813.807557             0.000000 
       21.119300     83535.6786669135   02        10.568314         0.000000        11.669622         0.000000    03             0.000000         -2813.807557             0.000000 
       21.119300     83535.6786669135   02        10.568314         0.000000        11.669622         0.000000    03             0.000000         -2813.807557             0.000000 
       21.119300     83535.6786669135   02        10.568314         0.000000        11.669622         0.000000    03             0.000000         -2813.807557             0.000000 
       21.119300     83535.6786669135   02        10.568314         0.000000        11.669622         0.000000    03             0.000000         -2813.807557             0.000000 
       21.119300     83535.6786669135   02        10.568314         0.000000        11.669622         0.000000    03             0.000000         -2813.807557             0.000000 
       21.119300     83535.6786669135   02        10.568314         0.000000        11.669622         0.000000    03             0.000000         -2813.807557             0.000000 
       21.119300     83535.4309321039   02        10.568895         0.000000        11.669968         0.000000    03             0.000000         -2813.896911             0.000000 
       21.119300     83535.6786669135   02        10.568314         0.000000        11.669622         0.000000    03             0.000000         -2813.807557             0.000000 
       21.119300     83535.6786669135   02        10.568314         0.000000        11.669622         0.000000    03             0.000000         -2813.807557             0.000000 
       21.119300     83535.4309321039   02        10.568895         0.000000        11.669968         0.000000    03             0.000000         -2813.896911             0.000000 
       21.119300     83535.4309321039   02        10.568895         0.000000        11.669968         0.000000    03             0.000000         -2813.896911             0.000000 
       21.119300     83535.6786669135   02        10.568314         0.000000        11.669622         0.000000    03             0.000000         -2813.807557             0.000000 
       21.119300     83492.3339106237   02        10.368158         0.000000        11.670947         0.000000    03             0.000000         -2809.912052             0.000000 
       21.119300     83535.6786669135   02        10.568314         0.000000        11.669622         0.000000    03             0.000000         -2813.807557             0.000000 
       21.119300     83535.6786669135   02        10.568314         0.000000        11.669622         0.000000    03             0.000000         -2813.807557             0.000000 
       21.119300     83535.6786669135   02        10.568314         0.000000        11.669622         0.000000    03             0.000000         -2813.807557             0.000000 
       21.119300     83535.6786669135   02        10.568314         0.000000        11.669622         0.000000    03             0.000000         -2813.807557             0.000000 
       21.119300     83535.4309321039   02        10.568895         0.000000        11.669968         0.000000    03             0.000000         -2813.896911             0.000000 
       21.119300     83535.6786669135   02        10.568314         0.000000        11.669622         0.000000    03             0.000000         -2813.807557             0.000000 
       21.119300     83549.4189165811   02        10.326216         0.000000        11.664166         0.000000    03             0.000000         -2807.486378             0.000000 
       21.119300     83535.4309321039   02        10.568895         0.000000        11.669968         0.000000    03             0.000000         -2813.896911             0.000000 
       21.119300     83535.6786669135   02        10.568314         0.000000        11.669622         0.000000    03             0.000000         -2813.807557             0.000000 
       21.119300     83535.4309321039   02        10.568895         0.000000        11.669968         0.000000    03             0.000000         -2813.896911             0.000000 
       21.119300     83535.4309321039   02        10.568895         0.000000        11.669968         0.000000    03             0.000000         -2813.896911             0.000000 
       21.119300     83535.4309321039   02        10.568895         0.000000        11.669968         0.000000    03             0.000000         -2813.896911             0.000000 
       21.119300     83535.6786669135   02        10.568314         0.000000        11.669622         0.000000    03             0.000000         -2813.807557             0.000000 
       21.119300     83535.4309321040   02        10.568895         0.000000        11.669968         0.000000    03             0.000000         -2813.896911             0.000000 
       21.119300     83535.6786669135   02        10.568314         0.000000        11.669622         0.000000    03             0.000000         -2813.807557             0.000000 
       21.119300     83524.0812078047   02        10.123365         0.000000        11.673018         0.000000    03             0.000000         -2805.148816             0.000000 
       21.119300     83524.0812078047   02        10.123365         0.000000        11.673018         0.000000    03             0.000000         -2805.148816             0.000000 
       21.119300     83513.5049967568   02        10.641509         0.000000        11.665433         0.000000    03             0.000000         -2815.051326             0.000000 
       21.119300     83524.0812078047   02        10.123365         0.000000        11.673018         0.000000    03             0.000000         -2805.148816             0.000000 
       21.119300     83524.0812078047   02        10.123365         0.000000        11.673018         0.000000    03             0.000000         -2805.148816             0.000000 
       21.119300     83524.0812078047   02        10.123365         0.000000        11.673018         0.000000    03             0.000000         -2805.148816             0.000000 
       21.119300     83524.0812078047   02        10.123365         0.000000        11.673018         0.000000    03             0.000000         -2805.148816             0.000000 
       21.119300     83524.0812078047   02        10.123365         0.000000        11.673018         0.000000    03             0.000000         -2805.148816             0.000000 
       21.119300     83535.6786669135   02        10.568314         0.000000        11.669622         0.000000    03             0.000000         -2813.807557             0.000000 
       21.119300     83524.0812078047   02        10.123365         0.000000        11.673018         0.000000    03             0.000000         -2805.148816             0.000000 
       21.119300     83524.0812078047   02        10.123365         0.000000        11.673018         0.000000    03             0.000000         -2805.148816             0.000000 
       21.119300     83492.9662929178   02        10.483269         0.000000        11.664337         0.000000    03             0.000000         -2810.906443             0.000000 
       21.119300     83524.0812078047   02        10.123365         0.000000        11.673018         0.000000    03             0.000000         -2805.148816             0.000000 
       21.119300     83524.0812078047   02        10.123365         0.000000        11.673018         0.000000    03             0.000000         -2805.148816             0.000000 
       21.119300     83524.0812078047   02        10.123365         0.000000        11.673018         0.000000    03             0.000000         -2805.148816             0.000000 
       21.119300     83524.0812078047   02        10.123365         0.000000        11.673018         0.000000    03             0.000000         -2805.148816             0.000000 
       21.119300     83524.0812078047   02        10.123365         0.000000        11.673018         0.000000    03             0.000000         -2805.148816             0.000000 
       21.119300     83524.0812078047   02        10.123365         0.000000        11.673018         0.000000    03             0.000000         -2805.148816             0.000000 
       21.119300     83535.6786669135   02        10.568314         0.000000        11.669622         0.000000    03             0.000000         -2813.807557             0.000000 
       21.119300     83524.0812078047   02        10.123365         0.000000        11.673018         0.000000    03             0.000000         -2805.148816             0.000000 
       21.119300     83524.0812078047   02        10.123365         0.000000        11.673018         0.000000    03             0.000000         -2805.148816             0.000000 
       21.119300     83524.0812078047   02        10.123365         0.000000        11.673018         0.000000    03             0.000000         -2805.148816             0.000000 
       21.119300     83524.0812078047   02        10.123365         0.000000        11.673018         0.000000    03             0.000000         -2805.148816             0.000000 
       21.119300     83524.0812078047   02        10.123365         0.000000        11.673018         0.000000    03             0.000000         -2805.148816             0.000000 
       21.119300     83492.3339106238   02        10.368158         0.000000        11.670947         0.000000    03             0.000000         -2809.912052             0.000000 
       21.119300     83535.6786669135   02        10.568314         0.000000        11.669622         0.000000    03             0.000000         -2813.807557             0.000000 
       21.119300     83524.0812078047   02        10.123365         0.000000        11.673018         0.000000    03             0.000000         -2805.148816             0.000000 
       21.119300     83524.0812078047   02        10.123365         0.000000        11.673018         0.000000    03             0.000000         -2805.148816             0.000000 
       21.119300     83524.0812078047   02        10.123365         0.000000        11.673018         0.000000    03             0.000000         -2805.148816             0.000000 
       21.119300     83524.0812078047   02        10.123365         0.000000        11.673018         0.000000    03             0.000000         -2805.148816             0.000000 
       21.119300     83524.0812078047   02        10.123365         0.000000        11.673018         0.000000    03             0.000000         -2805.148816             0.000000 
       21.119300     83524.0812078047   02        10.123365         0.000000        11.673018         0.000000    03             0.000000         -2805.148816             0.000000 
       21.119300     83524.0812078047   02        10.123365         0.000000        11.673018         0.000000    03             0.000000         -2805.148816             0.000000 
       21.119300     83524.0812078047   02        10.123365         0.000000        11.673018         0.000000    03             0.000000         -2805.148816             0.000000 
       21.119300     83524.0812078047   02        10.123365         0.000000        11.673018         0.000000    03             0.000000         -2805.148816             0.000000 
       21.119300     83524.0812078047   02        10.123365         0.000000        11.673018         0.000000    03             0.000000         -2805.148816             0.000000 
       21.119300     83524.0812078047   02        10.123365         0.000000        11.673018         0.000000    03             0.000000         -2805.148816             0.000000 
       21.119300     83492.9662929177   02        10.483269         0.000000        11.664337         0.000000    03             0.000000         -2810.906443             0.000000 
       21.119300     83513.5039465323   02        10.641517         0.000000        11.665435         0.000000    03             0.000000         -2815.051771             0.000000 
       21.119300     83513.5008792506   02        10.641538         0.000000        11.665439         0.000000    03             0.000000         -2815.053074             0.000000 
       21.119300     83513.5039465323   02        10.641517         0.000000        11.665435         0.000000    03             0.000000         -2815.051771             0.000000 
       21.119300     83513.5039465323   02        10.641517         0.000000        11.665435         0.000000    03             0.000000         -2815.051771             0.000000 
       21.119300     83524.0812078047   02        10.123365         0.000000        11.673018         0.000000    03             0.000000         -2805.148816             0.000000 
       21.119300     83513.5039465323   02        10.641517         0.000000        11.665435         0.000000    03             0.000000         -2815.051771             0.000000 
       21.119300     83513.5039465323   02        10.641517         0.000000        11.665435         0.000000    03             0.000000         -2815.051771             0.000000 
       21.119300     83513.5039465323   02        10.641517         0.000000        11.665435         0.000000    03             0.000000         -2815.051771             0.000000 
       21.119300     83513.4902630797   02        10.641610         0.000000        11.665452         0.000000    03             0.000000         -2815.057588             0.000000 
       21.119300     83513.5039465323   02        10.641517         0.000000        11.665435         0.000000    03             0.000000         -2815.051771             0.000000 
       21.119300     83513.5039465323   02        10.641517         0.000000        11.665435         0.000000    03             0.000000         -2815.051771             0.000000 
       21.119300     83524.0812078047   02        10.123365         0.000000        11.673018         0.000000    03             0.000000         -2805.148816             0.000000 
       21.119300     83513.5039465324   02        10.641517         0.000000        11.665435         0.000000    03             0.000000         -2815.051771             0.000000 
       21.119300     83513.5039465323   02        10.641517         0.000000        11.665435         0.000000    03             0.000000         -2815.051771             0.000000 
       21.119300     83513.5039465323   02        10.641517         0.000000        11.665435         0.000000    03             0.000000         -2815.051771             0.000000 
       21.119300     83513.5039465323   02        10.641517         0.000000        11.665435         0.000000    03             0.000000         -2815.051771             0.000000 
       21.119300     83513.5039465324   02        10.641517         0.000000        11.665435         0.000000    03             0.000000         -2815.051771             0.000000 
       21.119300     83524.0812078047   02        10.123365         0.000000        11.673018         0.000000    03             0.000000         -2805.148816             0.000000 
       21.119300     83513.5039465323   02        10.641517         0.000000        11.665435         0.000000    03             0.000000         -2815.051771             0.000000 
       21.119300     83524.0812078047   02        10.123365         0.000000        11.673018         0.000000    03             0.000000         -2805.148816             0.000000 
       21.119300     83524.0812078047   02        10.123365         0.000000        11.673018         0.000000    03             0.000000         -2805.148816             0.000000 
       21.119300     83513.5039465323   02        10.641517         0.000000        11.665435         0.000000    03             0.000000         -2815.051771             0.000000 
       21.119300     83513.5039465323   02        10.641517         0.000000        11.665435         0.000000    03             0.000000         -2815.051771             0.000000 
       21.119300     83513.4837562056   02        10.641655         0.000000        11.665460         0.000000    03             0.000000         -2815.060356             0.000000 
       21.119300     83513.5049967568   02        10.641509         0.000000        11.665433         0.000000    03             0.000000         -2815.051326             0.000000 
       21.119300     83513.5039465324   02        10.641517         0.000000        11.665435         0.000000    03             0.000000         -2815.051771             0.000000 
       21.119300     83513.5039465323   02        10.641517         0.000000        11.665435         0.000000    03             0.000000         -2815.051771             0.000000 
       21.119300     83513.5039465324   02        10.641517         0.000000        11.665435         0.000000    03             0.000000         -2815.051771             0.000000 
       21.119300     83513.5039465324   02        10.641517         0.000000        11.665435         0.000000    03             0.000000         -2815.051771             0.000000 
       21.119300     83513.5039465323   02        10.641517         0.000000        11.665435         0.000000    03             0.000000         -2815.051771             0.000000 
       21.119300     83513.5039465323   02        10.641517         0.000000        11.665435         0.000000    03             0.000000         -2815.051771             0.000000 
       21.119300     83513.5039465323   02        10.641517         0.000000        11.665435         0.000000    03             0.000000         -2815.051771             0.000000 
       21.119300     83513.5039465323   02        10.641517         0.000000        11.665435         0.000000    03             0.000000         -2815.051771             0.000000 
       21.119300     83524.0812078047   02        10.123365         0.000000        11.673018         0.000000    03             0.000000         -2805.148816             0.000000 
       21.119300     83513.5039465323   02        10.641517         0.000000        11.665435         0.000000    03             0.000000         -2815.051771             0.000000 
       21.119300     83513.5039465323   02        10.641517         0.000000        11.665435         0.000000    03             0.000000         -2815.051771             0.000000 
       21.119300     83490.6864889614   02        10.351589         0.000000        11.668525         0.000000    03             0.000000         -2809.055001             0.000000 
       21.119300     83502.5669131335   02        10.424384         0.000000        11.676482         0.000000    03             0.000000         -2812.329793             0.000000 
       21.119300     83502.5669131335   02        10.424384         0.000000        11.676482         0.000000    03             0.000000         -2812.329793             0.000000 
       21.119300     83502.5669131335   02        10.424384         0.000000        11.676482         0.000000    03             0.000000         -2812.329793             0.000000 
       21.119300     83502.5669131335   02        10.424384         0.000000        11.676482         0.000000    03             0.000000         -2812.329793             0.000000 
       21.119300     83502.5669131335   02        10.424384         0.000000        11.676482         0.000000    03             0.000000         -2812.329793             0.000000 
       21.119300     83502.5669131335   02        10.424384         0.000000        11.676482         0.000000    03             0.000000         -2812.329793             0.000000 
       21.119300     83513.5008792506   02        10.641538         0.000000        11.665439         0.000000    03             0.000000         -2815.053074             0.000000 
       21.119300     83502.5669131335   02        10.424384         0.000000        11.676482         0.000000    03             0.000000         -2812.329793             0.000000 
       21.119300     83502.5669131335   02        10.424384         0.000000        11.676482         0.000000    03             0.000000         -2812.329793             0.000000 
       21.119300     83502.5669131335   02        10.424384         0.000000        11.676482         0.000000    03             0.000000         -2812.329793             0.000000 
       21.119300     83502.5669131335   02        10.424384         0.000000        11.676482         0.000000    03             0.000000         -2812.329793             0.000000 
       21.119300     83513.5039465323   02        10.641517         0.000000        11.665435         0.000000    03             0.000000         -2815.051771             0.000000 
       21.119300     83513.5039465323   02        10.641517         0.000000        11.665435         0.000000    03             0.000000         -2815.051771             0.000000 
       21.119300     83513.5039465323   02        10.641517         0.000000        11.665435         0.000000    03             0.000000         -2815.051771             0.000000 
       21.119300     83513.5039465323   02        10.641517         0.000000        11.665435         0.000000    03             0.000000         -2815.051771             0.000000 
       21.119300     83502.5669131335   02        10.424384         0.000000        11.676482         0.000000    03             0.000000         -2812.329793             0.000000 
       21.119300     83502.5669131335   02        10.424384         0.000000        11.676482         0.000000    03             0.000000         -2812.329793             0.000000 
       21.119300     83502.5669131335   02        10.424384         0.000000        11.676482         0.000000    03             0.000000         -2812.329793             0.000000 
       21.119300     83502.5669131335   02        10.424384         0.000000        11.676482         0.000000    03             0.000000         -2812.329793             0.000000 
       21.119300     83502.5669131335   02        10.424384         0.000000        11.676482         0.000000    03             0.000000         -2812.329793             0.000000 
       21.119300     83502.5669131335   02        10.424384         0.000000        11.676482         0.000000    03             0.000000         -2812.329793             0.000000 
       21.119300     83502.5669131335   02        10.424384         0.000000        11.676482         0.000000    03             0.000000         -2812.329793             0.000000 
       21.119300     83502.5669131335   02        10.424384         0.000000        11.676482         0.000000    03             0.000000         -2812.329793             0.000000 
       21.119300     83502.5669131335   02        10.424384         0.000000        11.676482         0.000000    03             0.000000         -2812.329793             0.000000 
       21.119300     83502.5669131335   02        10.424384         0.000000        11.676482         0.000000    03             0.000000         -2812.329793             0.000000 
       21.119300     83502.5669131335   02        10.424384         0.000000        11.676482         0.000000    03             0.000000         -2812.329793             0.000000 
       21.119300     83502.5669131335   02        10.424384         0.000000        11.676482         0.000000    03             0.000000         -2812.329793             0.000000 
       21.119300     83502.5669131335   02        10.424384         0.000000        11.676482         0.000000    03             0.000000         -2812.329793             0.000000 
       21.119300     83502.5669131335   02        10.424384         0.000000        11.676482         0.000000    03             0.000000         -2812.329793             0.000000 
       21.119300     83502.5669131335   02        10.424384         0.000000        11.676482         0.000000    03             0.000000         -2812.329793             0.000000 
       21.119300     83513.5039465324   02        10.641517         0.000000        11.665435         0.000000    03             0.000000         -2815.051771             0.000000 
       21.119300     83502.5669131335   02        10.424384         0.000000        11.676482         0.000000    03             0.000000         -2812.329793             0.000000 
       21.119300     83502.5669131335   02        10.424384         0.000000        11.676482         0.000000    03             0.000000         -2812.329793             0.000000 
       21.119300     83502.5669131335   02        10.424384         0.000000        11.676482         0.000000    03             0.000000         -2812.329793             0.000000 
       21.119300     83502.5669131335   02        10.424384         0.000000        11.676482         0.000000    03             0.000000         -2812.329793             0.000000 
       21.119300     83502.5669131335   02        10.424384         0.000000        11.676482         0.000000    03             0.000000         -2812.329793             0.000000 
       21.119300     83492.3339106237   02        10.368158         0.000000        11.670947         0.000000    03             0.000000         -2809.912052             0.000000 
       21.119300     83492.3339106238   02        10.368158         0.000000        11.670947         0.000000    03             0.000000         -2809.912052             0.000000 
       21.119300     83496.6986246475   02        10.437170         0.000000        11.671613         0.000000    03             0.000000         -2811.584564             0.000000 
       21.119300     83496.6986246475   02        10.437170         0.000000        11.671613         0.000000    03             0.000000         -2811.584564             0.000000 
       21.119300     83496.6986246475   02        10.437170         0.000000        11.671613         0.000000    03             0.000000         -2811.584564             0.000000 
       21.119300     83496.6986246475   02        10.437170         0.000000        11.671613         0.000000    03             0.000000         -2811.584564             0.000000 
       21.119300     83496.6986246475   02        10.437170         0.000000        11.671613         0.000000    03             0.000000         -2811.584564             0.000000 
       21.119300     83492.3339106237   02        10.368158         0.000000        11.670947         0.000000    03             0.000000         -2809.912052             0.000000 
       21.119300     83492.3339106237   02        10.368158         0.000000        11.670947         0.000000    03             0.000000         -2809.912052             0.000000 
       21.119300     83502.5669131335   02        10.424384         0.000000        11.676482         0.000000    03             0.000000         -2812.329793             0.000000 
       21.119300     83502.5669131335   02        10.424384         0.000000        11.676482         0.000000    03             0.000000         -2812.329793             0.000000 
       21.119300     83502.5669131335   02        10.424384         0.000000        11.676482         0.000000    03             0.000000         -2812.329793             0.000000 
       21.119300     83502.5669131335   02        10.424384         0.000000        11.676482         0.000000    03             0.000000         -2812.329793             0.000000 
       21.119300     83496.6986246475   02        10.437170         0.000000        11.671613         0.000000    03             0.000000         -2811.584564             0.000000 
       21.119300     83496.6986246475   02        10.437170         0.000000        11.671613         0.000000    03             0.000000         -2811.584564             0.000000 
       21.119300     83496.6986246475   02        10.437170         0.000000        11.671613         0.000000    03             0.000000         -2811.584564             0.000000 
       21.119300     83496.6986246475   02        10.437170         0.000000        11.671613         0.000000    03             0.000000         -2811.584564             0.000000 
       21.119300     83496.6986246475   02        10.437170         0.000000        11.671613         0.000000    03             0.000000         -2811.584564             0.000000 
       21.119300     83496.6986246475   02        10.437170         0.000000        11.671613         0.000000    03             0.000000         -2811.584564             0.000000 
       21.119300     83496.6986246475   02        10.437170         0.000000        11.671613         0.000000    03             0.000000         -2811.584564             0.000000 
       21.119300     83496.6986246475   02        10.437170         0.000000        11.671613         0.000000    03             0.000000         -2811.584564             0.000000 
       21.119300     83496.6986246475   02        10.437170         0.000000        11.671613         0.000000    03             0.000000         -2811.584564             0.000000 
       21.119300     83496.6986246475   02        10.437170         0.000000        11.671613         0.000000    03             0.000000         -2811.584564             0.000000 
       21.119300     83496.6986246475   02        10.437170         0.000000        11.671613         0.000000    03             0.000000         -2811.584564             0.000000 
       21.119300     83492.3339106237   02        10.368158         0.000000        11.670947         0.000000    03             0.000000         -2809.912052             0.000000 
       21.119300     83496.6986246475   02        10.437170         0.000000        11.671613         0.000000    03             0.000000         -2811.584564             0.000000 
       21.119300     83502.5669131335   02        10.424384         0.000000        11.676482         0.000000    03             0.000000         -2812.329793             0.000000 
       21.119300     83502.5669131335   02        10.424384         0.000000        11.676482         0.000000    03             0.000000         -2812.329793             0.000000 
       21.119300     83496.6986246475   02        10.437170         0.000000        11.671613         0.000000    03             0.000000         -2811.584564             0.000000 
       21.119300     83496.6986246475   02        10.437170         0.000000        11.671613         0.000000    03             0.000000         -2811.584564             0.000000 
       21.119300     83496.6986246475   02        10.437170         0.000000        11.671613         0.000000    03             0.000000         -2811.584564             0.000000 
       21.119300     83496.6986246475   02        10.437170         0.000000        11.671613         0.000000    03             0.000000         -2811.584564             0.000000 
       21.119300     83496.6986246475   02        10.437170         0.000000        11.671613         0.000000    03             0.000000         -2811.584564             0.000000 
       21.119300     83496.6986246475   02        10.437170         0.000000        11.671613         0.000000    03             0.000000         -2811.584564             0.000000 
       21.119300     83502.5669131335   02        10.424384         0.000000        11.676482         0.000000    03             0.000000         -2812.329793             0.000000 
       21.119300     83496.6986246475   02        10.437170         0.000000        11.671613         0.000000    03             0.000000         -2811.584564             0.000000 
       21.119300     83496.6986246475   02        10.437170         0.000000        11.671613         0.000000    03             0.000000         -2811.584564             0.000000 
       21.119300     83495.6802209068   02        10.456649         0.000000        11.670244         0.000000    03             0.000000         -2811.664457             0.000000 
       21.119300     83492.9662929179   02        10.483269         0.000000        11.664337         0.000000    03             0.000000         -2810.906443             0.000000 
       21.119300     83496.6986246475   02        10.437170         0.000000        11.671613         0.000000    03             0.000000         -2811.584564             0.000000 
       21.119300     83496.6986246475   02        10.437170         0.000000        11.671613         0.000000    03             0.000000         -2811.584564             0.000000 
       21.119300     83496.6986246475   02        10.437170         0.000000        11.671613         0.000000    03             0.000000         -2811.584564             0.000000 
       21.119300     83496.6986246475   02        10.437170         0.000000        11.671613         0.000000    03             0.000000         -2811.584564             0.000000 
       21.119300     83496.6986246475   02        10.437170         0.000000        11.671613         0.000000    03             0.000000         -2811.584564             0.000000 
       21.119300     83495.6802209068   02        10.456649         0.000000        11.670244         0.000000    03             0.000000         -2811.664457             0.000000 
       21.119300     83495.6802209068   02        10.456649         0.000000        11.670244         0.000000    03             0.000000         -2811.664457             0.000000 
       21.119300     83495.6802209068   02        10.456649         0.000000        11.670244         0.000000    03             0.000000         -2811.664457             0.000000 
       21.119300     83495.6802209068   02        10.456649         0.000000        11.670244         0.000000    03             0.000000         -2811.664457             0.000000 
       21.119300     83495.6802209068   02        10.456649         0.000000        11.670244         0.000000    03             0.000000         -2811.664457             0.000000 
       21.119300     83496.6986246475   02        10.437170         0.000000        11.671613         0.000000    03             0.000000         -2811.584564             0.000000 
       21.119300     83496.6986246475   02        10.437170         0.000000        11.671613         0.000000    03             0.000000         -2811.584564             0.000000 
       21.119300     83495.6802209068   02        10.456649         0.000000        11.670244         0.000000    03             0.000000         -2811.664457             0.000000 
       21.119300     83495.6802209068   02        10.456649         0.000000        11.670244         0.000000    03             0.000000         -2811.664457             0.000000 
       21.119300     83495.6802209068   02        10.456649         0.000000        11.670244         0.000000    03             0.000000         -2811.664457             0.000000 
       21.119300     83495.6802209068   02        10.456649         0.000000        11.670244         0.000000    03             0.000000         -2811.664457             0.000000 
       21.119300     83496.6986246475   02        10.437170         0.000000        11.671613         0.000000    03             0.000000         -2811.584564             0.000000 
       21.119300     83495.6802209068   02        10.456649         0.000000        11.670244         0.000000    03             0.000000         -2811.664457             0.000000 
       21.119300     83496.6986246475   02        10.437170         0.000000        11.671613         0.000000    03             0.000000         -2811.584564             0.000000 
       21.119300     83496.6986246475   02        10.437170         0.000000        11.671613         0.000000    03             0.000000         -2811.584564             0.000000 
       21.119300     83495.6802209068   02        10.456649         0.000000        11.670244         0.000000    03             0.000000         -2811.664457             0.000000 
       21.119300     83495.6802209068   02        10.456649         0.000000        11.670244         0.000000    03             0.000000         -2811.664457             0.000000 
       21.119300     83492.3339106237   02        10.368158         0.000000        11.670947         0.000000    03             0.000000         -2809.912052             0.000000 
       21.119300     83495.6802209068   02        10.456649         0.000000        11.670244         0.000000    03             0.000000         -2811.664457             0.000000 
       21.119300     83495.6802209068   02        10.456649         0.000000        11.670244         0.000000    03             0.000000         -2811.664457             0.000000 
       21.119300     83495.6802209068   02        10.456649         0.000000        11.670244         0.000000    03             0.000000         -2811.664457             0.000000 
       21.119300     83496.6986246475   02        10.437170         0.000000        11.671613         0.000000    03             0.000000         -2811.584564             0.000000 
       21.119300     83495.6802209068   02        10.456649         0.000000        11.670244         0.000000    03             0.000000         -2811.664457             0.000000 
       21.119300     83495.6802209068   02        10.456649         0.000000        11.670244         0.000000    03             0.000000         -2811.664457             0.000000 
       21.119300     83495.6802209068   02        10.456649         0.000000        11.670244         0.000000    03             0.000000         -2811.664457             0.000000 
       21.119300     83495.6802209068   02        10.456649         0.000000        11.670244         0.000000    03             0.000000         -2811.664457             0.000000 
       21.119300     83495.6802209068   02        10.456649         0.000000        11.670244         0.000000    03             0.000000         -2811.664457             0.000000 
       21.119300     83495.6802209068   02        10.456649         0.000000        11.670244         0.000000    03             0.000000         -2811.664457             0.000000 
       21.119300     83495.6802209068   02        10.456649         0.000000        11.670244         0.000000    03             0.000000         -2811.664457             0.000000 
       21.119300     83496.6986246475   02        10.437170         0.000000        11.671613         0.000000    03             0.000000         -2811.584564             0.000000 
       21.119300     83492.9662929178   02        10.483269         0.000000        11.664337         0.000000    03             0.000000         -2810.906443             0.000000 
       21.119300     83495.6802209068   02        10.456649         0.000000        11.670244         0.000000    03             0.000000         -2811.664457             0.000000 
       21.119300     83492.3339106237   02        10.368158         0.000000        11.670947         0.000000    03             0.000000         -2809.912052             0.000000 
       21.119300     83492.3339106237   02        10.368158         0.000000        11.670947         0.000000    03             0.000000         -2809.912052             0.000000 
       21.119300     83492.3339106238   02        10.368158         0.000000        11.670947         0.000000    03             0.000000         -2809.912052             0.000000 
       21.119300     83492.3339106237   02        10.368158         0.000000        11.670947         0.000000    03             0.000000         -2809.912052             0.000000 
       21.119300     83492.3339106238   02        10.368158         0.000000        11.670947         0.000000    03             0.000000         -2809.912052             0.000000 
       21.119300     83495.6802209068   02        10.456649         0.000000        11.670244         0.000000    03             0.000000         -2811.664457             0.000000 
       21.119300     83495.6802209068   02        10.456649         0.000000        11.670244         0.000000    03             0.000000         -2811.664457             0.000000 
       21.119300     83492.3339106237   02        10.368158         0.000000        11.670947         0.000000    03             0.000000         -2809.912052             0.000000 
       21.119300     83492.3339106237   02        10.368158         0.000000        11.670947         0.000000    03             0.000000         -2809.912052             0.000000 
       21.119300     83492.3339106237   02        10.368158         0.000000        11.670947         0.000000    03             0.000000         -2809.912052             0.000000 
       21.119300     83492.3339106237   02        10.368158         0.000000        11.670947         0.000000    03             0.000000         -2809.912052             0.000000 
       21.119300     83495.6802209068   02        10.456649         0.000000        11.670244         0.000000    03             0.000000         -2811.664457             0.000000 
       21.119300     83495.6802209068   02        10.456649         0.000000        11.670244         0.000000    03             0.000000         -2811.664457             0.000000 
       21.119300     83495.6802209068   02        10.456649         0.000000        11.670244         0.000000    03             0.000000         -2811.664457             0.000000 
       21.119300     83495.6802209068   02        10.456649         0.000000        11.670244         0.000000    03             0.000000         -2811.664457             0.000000 
       21.119300     83492.3339106237   02        10.368158         0.000000        11.670947         0.000000    03             0.000000         -2809.912052             0.000000 
       21.119300     83492.3339106237   02        10.368158         0.000000        11.670947         0.000000    03             0.000000         -2809.912052             0.000000 
       21.119300     83495.6802209068   02        10.456649         0.000000        11.670244         0.000000    03             0.000000         -2811.664457             0.000000 
       21.119300     83492.3339106238   02        10.368158         0.000000        11.670947         0.000000    03             0.000000         -2809.912052             0.000000 
       21.119300     83492.3339106237   02        10.368158         0.000000        11.670947         0.000000    03             0.000000         -2809.912052             0.000000 
       21.119300     83495.6802209068   02        10.456649         0.000000        11.670244         0.000000    03             0.000000         -2811.664457             0.000000 
       21.119300     83495.6802209068   02        10.456649         0.000000        11.670244         0.000000    03             0.000000         -2811.664457             0.000000 
       21.119300     83492.3339106237   02        10.368158         0.000000        11.670947         0.000000    03             0.000000         -2809.912052             0.000000 
       21.119300     83492.3339106237   02        10.368158         0.000000        11.670947         0.000000    03             0.000000         -2809.912052             0.000000 
       21.119300     83492.3339106237   02        10.368158         0.000000        11.670947         0.000000    03             0.000000         -2809.912052             0.000000 
       21.119300     83492.3339106237   02        10.368158         0.000000        11.670947         0.000000    03             0.000000         -2809.912052             0.000000 
       21.119300     83492.3339106238   02        10.368158         0.000000        11.670947         0.000000    03             0.000000         -2809.912052             0.000000 
       21.119300     83495.6802209068   02        10.456649         0.000000        11.670244         0.000000    03             0.000000         -2811.664457             0.000000 
       21.119300     83495.6802209068   02        10.456649         0.000000        11.670244         0.000000    03             0.000000         -2811.664457             0.000000 
       21.119300     83495.6802209068   02        10.456649         0.000000        11.670244         0.000000    03             0.000000         -2811.664457             0.000000 
       21.119300     83495.6802209068   02        10.456649         0.000000        11.670244         0.000000    03             0.000000         -2811.664457             0.000000 
       21.119300     83492.3339106237   02        10.368158         0.000000        11.670947         0.000000    03             0.000000         -2809.912052             0.000000 
       21.119300     83492.3339106237   02        10.368158         0.000000        11.670947         0.000000    03             0.000000         -2809.912052             0.000000 
       21.119300     83492.3339106237   02        10.368158         0.000000        11.670947         0.000000    03             0.000000         -2809.912052             0.000000 
       21.119300     83492.3339106238   02        10.368158         0.000000        11.670947         0.000000    03             0.000000         -2809.912052             0.000000 
       21.119300     83492.9662929178   02        10.483269         0.000000        11.664337         0.000000    03             0.000000         -2810.906443             0.000000 
       21.119300     83490.6864889614   02        10.351589         0.000000        11.668525         0.000000    03             0.000000         -2809.055001             0.000000 
       21.119300     83490.6864889614   02        10.351589         0.000000        11.668525         0.000000    03             0.000000         -2809.055001             0.000000 
       21.119300     83621.8703403764   02        10.211429         0.000000        11.671845         0.000000    03             0.000000         -2806.673363             0.000000 
       21.119300     83492.3339106238   02        10.368158         0.000000        11.670947         0.000000    03             0.000000         -2809.912052             0.000000 
       21.119300     83492.3339106237   02        10.368158         0.000000        11.670947         0.000000    03             0.000000         -2809.912052             0.000000 
       21.119300     83383.9660798823   02        11.185405         0.000000        12.899902         0.000000    03             0.000000         -2882.591522             0.000000 
       21.119300     84435.7419328034   02         8.348700         0.000000        11.039923         0.000000    03             0.000000         -2658.447528             0.000000 
       21.119300     83405.3628804741   02        10.715113         0.000000        11.798248         0.000000    03             0.000000         -2846.226447             0.000000 
       21.119300     83731.9371956368   02         9.912536         0.000000        11.398468         0.000000    03             0.000000         -2739.622398             0.000000 
       21.119300     83457.3980847656   02        10.438558         0.000000        11.716727         0.000000    03             0.000000         -2821.765747             0.000000 
       21.119300     83594.1770650065   02        10.134702         0.000000        11.540070         0.000000    03             0.000000         -2775.798970             0.000000 
       21.119300     83475.1331306277   02        10.387425         0.000000        11.690721         0.000000    03             0.000000         -2814.785589             0.000000 
       21.119300     83531.4019255425   02        10.252253         0.000000        11.614777         0.000000    03             0.000000         -2794.925824             0.000000 
       29.702800     83516.8868483426   02        10.344193         0.000000        11.658211         0.000000    03             0.000000         -2806.626694             0.000000 
       29.702800     83518.4888642276   02        10.485079         0.000000        11.654625         0.000000    03             0.000000         -2808.819875             0.000000 
       29.702800     83518.4888642276   02        10.485079         0.000000        11.654625         0.000000    03             0.000000         -2808.819875             0.000000 
       29.702800     83518.4888642276   02        10.485079         0.000000        11.654625         0.000000    03             0.000000         -2808.819875             0.000000 
       29.702800     83518.4888642276   02        10.485079         0.000000        11.654625         0.000000    03             0.000000         -2808.819875             0.000000 
       29.702800     83518.1879522747   02        10.361314         0.000000        11.661147         0.000000    03             0.000000         -2807.615095             0.000000 
       29.702800     83518.4888642276   02        10.485079         0.000000        11.654625         0.000000    03             0.000000         -2808.819875             0.000000 
       29.702800     83518.4888642276   02        10.485079         0.000000        11.654625         0.000000    03             0.000000         -2808.819875             0.000000 
       29.702800     83518.4888642276   02        10.485079         0.000000        11.654625         0.000000    03             0.000000         -2808.819875             0.000000 
       29.702800     83518.4888642276   02        10.485079         0.000000        11.654625         0.000000    03             0.000000         -2808.819875             0.000000 
       29.702800     83516.8868483426   02        10.344193         0.000000        11.658211         0.000000    03             0.000000         -2806.626694             0.000000 
       29.702800     83516.8868483426   02        10.344193         0.000000        11.658211         0.000000    03             0.000000         -2806.626694             0.000000 
       29.702800     83518.4888642276   02        10.485079         0.000000        11.654625         0.000000    03             0.000000         -2808.819875             0.000000 
       29.702800     83518.4888642276   02        10.485079         0.000000        11.654625         0.000000    03             0.000000         -2808.819875             0.000000 
       29.702800     83518.4888642276   02        10.485079         0.000000        11.654625         0.000000    03             0.000000         -2808.819875             0.000000 
       29.702800     83516.8868483425   02        10.344193         0.000000        11.658211         0.000000    03             0.000000         -2806.626694             0.000000 
       29.702800     83518.4888642276   02        10.485079         0.000000        11.654625         0.000000    03             0.000000         -2808.819875             0.000000 
       29.702800     83518.4888642276   02        10.485079         0.000000        11.654625         0.000000    03             0.000000         -2808.819875             0.000000 
       29.702800     83516.8868483425   02        10.344193         0.000000        11.658211         0.000000    03             0.000000         -2806.626694             0.000000 
       29.702800     83518.4888642276   02        10.485079         0.000000        11.654625         0.000000    03             0.000000         -2808.819875             0.000000 
       29.702800     83518.4888642276   02        10.485079         0.000000        11.654625         0.000000    03             0.000000         -2808.819875             0.000000 
       29.702800     83518.1879522747   02        10.361314         0.000000        11.661147         0.000000    03             0.000000         -2807.615095             0.000000 
       29.702800     83516.8868483425   02        10.344193         0.000000        11.658211         0.000000    03             0.000000         -2806.626694             0.000000 
       29.702800     83518.4888642276   02        10.485079         0.000000        11.654625         0.000000    03             0.000000         -2808.819875             0.000000 
       29.702800     83518.4888642276   02        10.485079         0.000000        11.654625         0.000000    03             0.000000         -2808.819875             0.000000 
       29.702800     83518.4888642276   02        10.485079         0.000000        11.654625         0.000000    03             0.000000         -2808.819875             0.000000 
       29.702800     83516.8868483426   02        10.344193         0.000000        11.658211         0.000000    03             0.000000         -2806.626694             0.000000 
       29.702800     83518.4888642276   02        10.485079         0.000000        11.654625         0.000000    03             0.000000         -2808.819875             0.000000 
       29.702800     83518.4888642276   02        10.485079         0.000000        11.654625         0.000000    03             0.000000         -2808.819875             0.000000 
       29.702800     83518.4888642276   02        10.485079         0.000000        11.654625         0.000000    03             0.000000         -2808.819875             0.000000 
       29.702800     83518.4888642276   02        10.485079         0.000000        11.654625         0.000000    03             0.000000         -2808.819875             0.000000 
       29.702800     83516.8868483426   02        10.344193         0.000000        11.658211         0.000000    03             0.000000         -2806.626694             0.000000 
       29.702800     83518.4888642276   02        10.485079         0.000000        11.654625         0.000000    03             0.000000         -2808.819875             0.000000 
       29.702800     83518.4888642276   02        10.485079         0.000000        11.654625         0.000000    03             0.000000         -2808.819875             0.000000 
       29.702800     83518.4888642276   02        10.485079         0.000000        11.654625         0.000000    03             0.000000         -2808.819875             0.000000 
       29.702800     83518.4888642276   02        10.485079         0.000000        11.654625         0.000000    03             0.000000         -2808.819875             0.000000 
       29.702800     83518.4888642276   02        10.485079         0.000000        11.654625         0.000000    03             0.000000         -2808.819875             0.000000 
       29.702800     83678.2076002649   02        11.888891         0.000000        11.642151         0.000000    03             0.000000         -2836.704411             0.000000 
       29.702800     83516.8868483426   02        10.344193         0.000000        11.658211         0.000000    03             0.000000         -2806.626694             0.000000 
       29.702800     83516.8868483425   02        10.344193         0.000000        11.658211         0.000000    03             0.000000         -2806.626694             0.000000 
       29.702800     83516.8868483425   02        10.344193         0.000000        11.658211         0.000000    03             0.000000         -2806.626694             0.000000 
       29.702800     83516.8868483426   02        10.344193         0.000000        11.658211         0.000000    03             0.000000         -2806.626694             0.000000 
       29.702800     83518.4888642276   02        10.485079         0.000000        11.654625         0.000000    03             0.000000         -2808.819875             0.000000 
       29.702800     83678.2076002649   02        11.888891         0.000000        11.642151         0.000000    03             0.000000         -2836.704411             0.000000 
       29.702800     83644.2001952165   02        10.205872         0.000000        11.667297         0.000000    03             0.000000         -2805.554211             0.000000 
       29.702800     83644.2001952165   02        10.205872         0.000000        11.667297         0.000000    03             0.000000         -2805.554211             0.000000 
       29.702800     83644.2001952165   02        10.205872         0.000000        11.667297         0.000000    03             0.000000         -2805.554211             0.000000 
       29.702800     83516.8868483426   02        10.344193         0.000000        11.658211         0.000000    03             0.000000         -2806.626694             0.000000 
       29.702800     83516.8868483426   02        10.344193         0.000000        11.658211         0.000000    03             0.000000         -2806.626694             0.000000 
       29.702800     83516.8868483426   02        10.344193         0.000000        11.658211         0.000000    03             0.000000         -2806.626694             0.000000 
       29.702800     83677.9956774217   02        11.908157         0.000000        11.641803         0.000000    03             0.000000         -2837.198469             0.000000 
       29.702800     83516.8868483425   02        10.344193         0.000000        11.658211         0.000000    03             0.000000         -2806.626694             0.000000 
       29.702800     83516.8868483426   02        10.344193         0.000000        11.658211         0.000000    03             0.000000         -2806.626694             0.000000 
       29.702800     83678.2076002649   02        11.888891         0.000000        11.642151         0.000000    03             0.000000         -2836.704411             0.000000 
       29.702800     83516.8868483426   02        10.344193         0.000000        11.658211         0.000000    03             0.000000         -2806.626694             0.000000 
       29.702800     83677.7910327053   02        11.910256         0.000000        11.642036         0.000000    03             0.000000         -2837.298210             0.000000 
       29.702800     83516.8868483425   02        10.344193         0.000000        11.658211         0.000000    03             0.000000         -2806.626694             0.000000 
       29.702800     83678.2076002649   02        11.888891         0.000000        11.642151         0.000000    03             0.000000         -2836.704411             0.000000 
       29.702800     83516.8868483426   02        10.344193         0.000000        11.658211         0.000000    03             0.000000         -2806.626694             0.000000 
       29.702800     83516.8868483426   02        10.344193         0.000000        11.658211         0.000000    03             0.000000         -2806.626694             0.000000 
       29.702800     83516.8868483426   02        10.344193         0.000000        11.658211         0.000000    03             0.000000         -2806.626694             0.000000 
       29.702800     83516.8868483426   02        10.344193         0.000000        11.658211         0.000000    03             0.000000         -2806.626694             0.000000 
       29.702800     83678.2076002649   02        11.888891         0.000000        11.642151         0.000000    03             0.000000         -2836.704411             0.000000 
       29.702800     83516.8868483425   02        10.344193         0.000000        11.658211         0.000000    03             0.000000         -2806.626694             0.000000 
       29.702800     83516.8868483426   02        10.344193         0.000000        11.658211         0.000000    03             0.000000         -2806.626694             0.000000 
       29.702800     83516.8868483425   02        10.344193         0.000000        11.658211         0.000000    03             0.000000         -2806.626694             0.000000 
       29.702800     83516.8868483426   02        10.344193         0.000000        11.658211         0.000000    03             0.000000         -2806.626694             0.000000 
       29.702800     83516.8868483426   02        10.344193         0.000000        11.658211         0.000000    03             0.000000         -2806.626694             0.000000 
       29.702800     83516.8868483426   02        10.344193         0.000000        11.658211         0.000000    03             0.000000         -2806.626694             0.000000 
       29.702800     83644.2001952165   02        10.205872         0.000000        11.667297         0.000000    03             0.000000         -2805.554211             0.000000 
       29.702800     83677.9956774218   02        11.908157         0.000000        11.641803         0.000000    03             0.000000         -2837.198469             0.000000 
       29.702800     83516.8868483426   02        10.344193         0.000000        11.658211         0.000000    03             0.000000         -2806.626694             0.000000 
       29.702800     83516.8868483426   02        10.344193         0.000000        11.658211         0.000000    03             0.000000         -2806.626694             0.000000 
       29.702800     83677.9956774218   02        11.908157         0.000000        11.641803         0.000000    03             0.000000         -2837.198469             0.000000 
       29.702800     83678.2076002649   02        11.888891         0.000000        11.642151         0.000000    03             0.000000         -2836.704411             0.000000 
       29.702800     83516.8868483426   02        10.344193         0.000000        11.658211         0.000000    03             0.000000         -2806.626694             0.000000 
       29.702800     83516.8868483426   02        10.344193         0.000000        11.658211         0.000000    03             0.000000         -2806.626694             0.000000 
       29.702800     83516.8868483426   02        10.344193         0.000000        11.658211         0.000000    03             0.000000         -2806.626694             0.000000 
       29.702800     83677.9956774217   02        11.908157         0.000000        11.641803         0.000000    03             0.000000         -2837.198469             0.000000 
       29.702800     83644.2001952165   02        10.205872         0.000000        11.667297         0.000000    03             0.000000         -2805.554211             0.000000 
       29.702800     83644.2001952165   02        10.205872         0.000000        11.667297         0.000000    03             0.000000         -2805.554211             0.000000 
       29.702800     83518.4888642276   02        10.485079         0.000000        11.654625         0.000000    03             0.000000         -2808.819875             0.000000 
       29.702800     83644.2001952165   02        10.205872         0.000000        11.667297         0.000000    03             0.000000         -2805.554211             0.000000 
       29.702800     83644.2001952165   02        10.205872         0.000000        11.667297         0.000000    03             0.000000         -2805.554211             0.000000 
       29.702800     83644.2001952165   02        10.205872         0.000000        11.667297         0.000000    03             0.000000         -2805.554211             0.000000 
       29.702800     83644.2001952165   02        10.205872         0.000000        11.667297         0.000000    03             0.000000         -2805.554211             0.000000 
       29.702800     83644.2001952165   02        10.205872         0.000000        11.667297         0.000000    03             0.000000         -2805.554211             0.000000 
       29.702800     83644.2001952165   02        10.205872         0.000000        11.667297         0.000000    03             0.000000         -2805.554211             0.000000 
       29.702800     83644.2001952165   02        10.205872         0.000000        11.667297         0.000000    03             0.000000         -2805.554211             0.000000 
       29.702800     83644.2001952165   02        10.205872         0.000000        11.667297         0.000000    03             0.000000         -2805.554211             0.000000 
       29.702800     83644.2001952165   02        10.205872         0.000000        11.667297         0.000000    03             0.000000         -2805.554211             0.000000 
       29.702800     83644.2001952165   02        10.205872         0.000000        11.667297         0.000000    03             0.000000         -2805.554211             0.000000 
       29.702800     83644.2001952165   02        10.205872         0.000000        11.667297         0.000000    03             0.000000         -2805.554211             0.000000 
       29.702800     83644.2001952165   02        10.205872         0.000000        11.667297         0.000000    03             0.000000         -2805.554211             0.000000 
       29.702800     83644.2001952165   02        10.205872         0.000000        11.667297         0.000000    03             0.000000         -2805.554211             0.000000 
       29.702800     83644.2001952165   02        10.205872         0.000000        11.667297         0.000000    03             0.000000         -2805.554211             0.000000 
       29.702800     83644.2001952165   02        10.205872         0.000000        11.667297         0.000000    03             0.000000         -2805.554211             0.000000 
       29.702800     83644.2001952165   02        10.205872         0.000000        11.667297         0.000000    03             0.000000         -2805.554211             0.000000 
       29.702800     83644.2001952165   02        10.205872         0.000000        11.667297         0.000000    03             0.000000         -2805.554211             0.000000 
       29.702800     83644.2001952165   02        10.205872         0.000000        11.667297         0.000000    03             0.000000         -2805.554211             0.000000 
       29.702800     83599.4617300449   02        10.683152         0.000000        11.663209         0.000000    03             0.000000         -2815.288305             0.000000 
       29.702800     83644.2001952165   02        10.205872         0.000000        11.667297         0.000000    03             0.000000         -2805.554211             0.000000 
       29.702800     83644.2001952165   02        10.205872         0.000000        11.667297         0.000000    03             0.000000         -2805.554211             0.000000 
       29.702800     83518.1879522747   02        10.361314         0.000000        11.661147         0.000000    03             0.000000         -2807.615095             0.000000 
       29.702800     83644.2001952165   02        10.205872         0.000000        11.667297         0.000000    03             0.000000         -2805.554211             0.000000 
       29.702800     83644.2001952165   02        10.205872         0.000000        11.667297         0.000000    03             0.000000         -2805.554211             0.000000 
       29.702800     83644.2001952165   02        10.205872         0.000000        11.667297         0.000000    03             0.000000         -2805.554211             0.000000 
       29.702800     83644.2001952165   02        10.205872         0.000000        11.667297         0.000000    03             0.000000         -2805.554211             0.000000 
       29.702800     83644.2001952165   02        10.205872         0.000000        11.667297         0.000000    03             0.000000         -2805.554211             0.000000 
       29.702800     83599.4544049848   02        10.682547         0.000000        11.663240         0.000000    03             0.000000         -2815.278565             0.000000 
       29.702800     83644.2001952165   02        10.205872         0.000000        11.667297         0.000000    03             0.000000         -2805.554211             0.000000 
       29.702800     83644.2001952165   02        10.205872         0.000000        11.667297         0.000000    03             0.000000         -2805.554211             0.000000 
       29.702800     83644.2001952165   02        10.205872         0.000000        11.667297         0.000000    03             0.000000         -2805.554211             0.000000 
       29.702800     83644.2001952165   02        10.205872         0.000000        11.667297         0.000000    03             0.000000         -2805.554211             0.000000 
       29.702800     83644.2001952165   02        10.205872         0.000000        11.667297         0.000000    03             0.000000         -2805.554211             0.000000 
       29.702800     83599.4544049847   02        10.682547         0.000000        11.663240         0.000000    03             0.000000         -2815.278565             0.000000 
       29.702800     83518.4888642276   02        10.485079         0.000000        11.654625         0.000000    03             0.000000         -2808.819875             0.000000 
       29.702800     83599.4617300449   02        10.683152         0.000000        11.663209         0.000000    03             0.000000         -2815.288305             0.000000 
       29.702800     83599.4617300449   02        10.683152         0.000000        11.663209         0.000000    03             0.000000         -2815.288305             0.000000 
       29.702800     83599.4617300449   02        10.683152         0.000000        11.663209         0.000000    03             0.000000         -2815.288305             0.000000 
       29.702800     83599.4544049847   02        10.682547         0.000000        11.663240         0.000000    03             0.000000         -2815.278565             0.000000 
       29.702800     83599.4617300449   02        10.683152         0.000000        11.663209         0.000000    03             0.000000         -2815.288305             0.000000 
       29.702800     83599.4544049848   02        10.682547         0.000000        11.663240         0.000000    03             0.000000         -2815.278565             0.000000 
       29.702800     83599.4544049847   02        10.682547         0.000000        11.663240         0.000000    03             0.000000         -2815.278565             0.000000 
       29.702800     83599.4544049847   02        10.682547         0.000000        11.663240         0.000000    03             0.000000         -2815.278565             0.000000 
       29.702800     83599.4617300449   02        10.683152         0.000000        11.663209         0.000000    03             0.000000         -2815.288305             0.000000 
       29.702800     83599.4617300449   02        10.683152         0.000000        11.663209         0.000000    03             0.000000         -2815.288305             0.000000 
       29.702800     83599.4617300449   02        10.683152         0.000000        11.663209         0.000000    03             0.000000         -2815.288305             0.000000 
       29.702800     83599.4617300449   02        10.683152         0.000000        11.663209         0.000000    03             0.000000         -2815.288305             0.000000 
       29.702800     83599.4617300449   02        10.683152         0.000000        11.663209         0.000000    03             0.000000         -2815.288305             0.000000 
       29.702800     83599.4617300449   02        10.683152         0.000000        11.663209         0.000000    03             0.000000         -2815.288305             0.000000 
       29.702800     83599.4617300449   02        10.683152         0.000000        11.663209         0.000000    03             0.000000         -2815.288305             0.000000 
       29.702800     83599.4617300449   02        10.683152         0.000000        11.663209         0.000000    03             0.000000         -2815.288305             0.000000 
       29.702800     83591.8754569387   02        10.326961         0.000000        11.663702         0.000000    03             0.000000         -2807.417296             0.000000 
       29.702800     83599.4617300449   02        10.683152         0.000000        11.663209         0.000000    03             0.000000         -2815.288305             0.000000 
       29.702800     83599.4544049848   02        10.682547         0.000000        11.663240         0.000000    03             0.000000         -2815.278565             0.000000 
       29.702800     83599.4617300449   02        10.683152         0.000000        11.663209         0.000000    03             0.000000         -2815.288305             0.000000 
       29.702800     83599.4617300449   02        10.683152         0.000000        11.663209         0.000000    03             0.000000         -2815.288305             0.000000 
       29.702800     83599.4544049847   02        10.682547         0.000000        11.663240         0.000000    03             0.000000         -2815.278565             0.000000 
       29.702800     83599.4544049847   02        10.682547         0.000000        11.663240         0.000000    03             0.000000         -2815.278565             0.000000 
       29.702800     83599.4617300449   02        10.683152         0.000000        11.663209         0.000000    03             0.000000         -2815.288305             0.000000 
       29.702800     83599.4617300449   02        10.683152         0.000000        11.663209         0.000000    03             0.000000         -2815.288305             0.000000 
       29.702800     83591.8754569387   02        10.326961         0.000000        11.663702         0.000000    03             0.000000         -2807.417296             0.000000 
       29.702800     83599.4617300449   02        10.683152         0.000000        11.663209         0.000000    03             0.000000         -2815.288305             0.000000 
       29.702800     83599.4617300449   02        10.683152         0.000000        11.663209         0.000000    03             0.000000         -2815.288305             0.000000 
       29.702800     83599.4617300449   02        10.683152         0.000000        11.663209         0.000000    03             0.000000         -2815.288305             0.000000 
       29.702800     83599.4617300449   02        10.683152         0.000000        11.663209         0.000000    03             0.000000         -2815.288305             0.000000 
       29.702800     83599.4544049847   02        10.682547         0.000000        11.663240         0.000000    03             0.000000         -2815.278565             0.000000 
       29.702800     83599.4544049847   02        10.682547         0.000000        11.663240         0.000000    03             0.000000         -2815.278565             0.000000 
       29.702800     83599.4617300449   02        10.683152         0.000000        11.663209         0.000000    03             0.000000         -2815.288305             0.000000 
       29.702800     83599.4617300449   02        10.683152         0.000000        11.663209         0.000000    03             0.000000         -2815.288305             0.000000 
       29.702800     83599.4617300448   02        10.683152         0.000000        11.663209         0.000000    03             0.000000         -2815.288305             0.000000 
       29.702800     83599.4617300449   02        10.683152         0.000000        11.663209         0.000000    03             0.000000         -2815.288305             0.000000 
       29.702800     83518.4888642276   02        10.485079         0.000000        11.654625         0.000000    03             0.000000         -2808.819875             0.000000 
       29.702800     83591.8754569387   02        10.326961         0.000000        11.663702         0.000000    03             0.000000         -2807.417296             0.000000 
       29.702800     83591.8754569387   02        10.326961         0.000000        11.663702         0.000000    03             0.000000         -2807.417296             0.000000 
       29.702800     83591.8754569387   02        10.326961         0.000000        11.663702         0.000000    03             0.000000         -2807.417296             0.000000 
       29.702800     83591.8754569387   02        10.326961         0.000000        11.663702         0.000000    03             0.000000         -2807.417296             0.000000 
       29.702800     83591.8754569387   02        10.326961         0.000000        11.663702         0.000000    03             0.000000         -2807.417296             0.000000 
       29.702800     83591.8754569387   02        10.326961         0.000000        11.663702         0.000000    03             0.000000         -2807.417296             0.000000 
       29.702800     83591.8754569387   02        10.326961         0.000000        11.663702         0.000000    03             0.000000         -2807.417296             0.000000 
       29.702800     83591.8754569387   02        10.326961         0.000000        11.663702         0.000000    03             0.000000         -2807.417296             0.000000 
       29.702800     83591.8754569387   02        10.326961         0.000000        11.663702         0.000000    03             0.000000         -2807.417296             0.000000 
       29.702800     83591.8754569387   02        10.326961         0.000000        11.663702         0.000000    03             0.000000         -2807.417296             0.000000 
       29.702800     83591.8754569387   02        10.326961         0.000000        11.663702         0.000000    03             0.000000         -2807.417296             0.000000 
       29.702800     83591.8754569387   02        10.326961         0.000000        11.663702         0.000000    03             0.000000         -2807.417296             0.000000 
       29.702800     83591.8754569387   02        10.326961         0.000000        11.663702         0.000000    03             0.000000         -2807.417296             0.000000 
       29.702800     83591.8754569387   02        10.326961         0.000000        11.663702         0.000000    03             0.000000         -2807.417296             0.000000 
       29.702800     83591.8754569387   02        10.326961         0.000000        11.663702         0.000000    03             0.000000         -2807.417296             0.000000 
       29.702800     83591.8754569387   02        10.326961         0.000000        11.663702         0.000000    03             0.000000         -2807.417296             0.000000 
       29.702800     83591.8754569387   02        10.326961         0.000000        11.663702         0.000000    03             0.000000         -2807.417296             0.000000 
       29.702800     83591.8754569387   02        10.326961         0.000000        11.663702         0.000000    03             0.000000         -2807.417296             0.000000 
       29.702800     83591.8754569387   02        10.326961         0.000000        11.663702         0.000000    03             0.000000         -2807.417296             0.000000 
       29.702800     83591.8754569387   02        10.326961         0.000000        11.663702         0.000000    03             0.000000         -2807.417296             0.000000 
       29.702800     83518.1879522747   02        10.361314         0.000000        11.661147         0.000000    03             0.000000         -2807.615095             0.000000 
       29.702800     83591.8754569387   02        10.326961         0.000000        11.663702         0.000000    03             0.000000         -2807.417296             0.000000 
       29.702800     83591.8754569387   02        10.326961         0.000000        11.663702         0.000000    03             0.000000         -2807.417296             0.000000 
       29.702800     83591.8754569387   02        10.326961         0.000000        11.663702         0.000000    03             0.000000         -2807.417296             0.000000 
       29.702800     83591.8754569387   02        10.326961         0.000000        11.663702         0.000000    03             0.000000         -2807.417296             0.000000 
       29.702800     83591.8754569387   02        10.326961         0.000000        11.663702         0.000000    03             0.000000         -2807.417296             0.000000 
       29.702800     83591.8754569387   02        10.326961         0.000000        11.663702         0.000000    03             0.000000         -2807.417296             0.000000 
       29.702800     83591.8754569387   02        10.326961         0.000000        11.663702         0.000000    03             0.000000         -2807.417296             0.000000 
       29.702800     83591.8754569387   02        10.326961         0.000000        11.663702         0.000000    03             0.000000         -2807.417296             0.000000 
       29.702800     83591.8754569387   02        10.326961         0.000000        11.663702         0.000000    03             0.000000         -2807.417296             0.000000 
       29.702800     83591.8754569387   02        10.326961         0.000000        11.663702         0.000000    03             0.000000         -2807.417296             0.000000 
       29.702800     83591.8754569387   02        10.326961         0.000000        11.663702         0.000000    03             0.000000         -2807.417296             0.000000 
       29.702800     83591.8754569387   02        10.326961         0.000000        11.663702         0.000000    03             0.000000         -2807.417296             0.000000 
       29.702800     83591.8754569387   02        10.326961         0.000000        11.663702         0.000000    03             0.000000         -2807.417296             0.000000 
       29.702800     83591.8754569387   02        10.326961         0.000000        11.663702         0.000000    03             0.000000         -2807.417296             0.000000 
       29.702800     83591.8754569387   02        10.326961         0.000000        11.663702         0.000000    03             0.000000         -2807.417296             0.000000 
       29.702800     83518.4888642276   02        10.485079         0.000000        11.654625         0.000000    03             0.000000         -2808.819875             0.000000 
       29.702800     83572.0759758666   02        10.327504         0.000000        11.658763         0.000000    03             0.000000         -2806.325486             0.000000 
       29.702800     83572.3084321655   02        10.325729         0.000000        11.658481         0.000000    03             0.000000         -2806.223982             0.000000 
       29.702800     83572.0759758666   02        10.327504         0.000000        11.658763         0.000000    03             0.000000         -2806.325486             0.000000 
       29.702800     83572.0759758666   02        10.327504         0.000000        11.658763         0.000000    03             0.000000         -2806.325486             0.000000 
       29.702800     83572.0759758666   02        10.327504         0.000000        11.658763         0.000000    03             0.000000         -2806.325486             0.000000 
       29.702800     83572.3084321655   02        10.325729         0.000000        11.658481         0.000000    03             0.000000         -2806.223982             0.000000 
       29.702800     83572.1593760957   02        10.327574         0.000000        11.658637         0.000000    03             0.000000         -2806.299200             0.000000 
       29.702800     83572.3084321655   02        10.325729         0.000000        11.658481         0.000000    03             0.000000         -2806.223982             0.000000 
       29.702800     83572.3084321655   02        10.325729         0.000000        11.658481         0.000000    03             0.000000         -2806.223982             0.000000 
       29.702800     83572.0759758666   02        10.327504         0.000000        11.658763         0.000000    03             0.000000         -2806.325486             0.000000 
       29.702800     83572.3084321655   02        10.325729         0.000000        11.658481         0.000000    03             0.000000         -2806.223982             0.000000 
       29.702800     83572.3084321655   02        10.325729         0.000000        11.658481         0.000000    03             0.000000         -2806.223982             0.000000 
       29.702800     83572.3084321655   02        10.325729         0.000000        11.658481         0.000000    03             0.000000         -2806.223982             0.000000 
       29.702800     83572.3084321655   02        10.325729         0.000000        11.658481         0.000000    03             0.000000         -2806.223982             0.000000 
       29.702800     83572.3084321655   02        10.325729         0.000000        11.658481         0.000000    03             0.000000         -2806.223982             0.000000 
       29.702800     83572.3084321655   02        10.325729         0.000000        11.658481         0.000000    03             0.000000         -2806.223982             0.000000 
       29.702800     83572.3084321655   02        10.325729         0.000000        11.658481         0.000000    03             0.000000         -2806.223982             0.000000 
       29.702800     83572.3084321655   02        10.325729         0.000000        11.658481         0.000000    03             0.000000         -2806.223982             0.000000 
       29.702800     83572.3084321655   02        10.325729         0.000000        11.658481         0.000000    03             0.000000         -2806.223982             0.000000 
       29.702800     83572.3084321655   02        10.325729         0.000000        11.658481         0.000000    03             0.000000         -2806.223982             0.000000 
       29.702800     83572.0759758666   02        10.327504         0.000000        11.658763         0.000000    03             0.000000         -2806.325486             0.000000 
       29.702800     83572.3084321655   02        10.325729         0.000000        11.658481         0.000000    03             0.000000         -2806.223982             0.000000 
       29.702800     83572.3084321655   02        10.325729         0.000000        11.658481         0.000000    03             0.000000         -2806.223982             0.000000 
       29.702800     83572.0759758666   02        10.327504         0.000000        11.658763         0.000000    03             0.000000         -2806.325486             0.000000 
       29.702800     83572.0759758666   02        10.327504         0.000000        11.658763         0.000000    03             0.000000         -2806.325486             0.000000 
       29.702800     83572.3084321655   02        10.325729         0.000000        11.658481         0.000000    03             0.000000         -2806.223982             0.000000 
       29.702800     83572.3084321655   02        10.325729         0.000000        11.658481         0.000000    03             0.000000         -2806.223982             0.000000 
       29.702800     83572.3084321655   02        10.325729         0.000000        11.658481         0.000000    03             0.000000         -2806.223982             0.000000 
       29.702800     83572.3084321655   02        10.325729         0.000000        11.658481         0.000000    03             0.000000         -2806.223982             0.000000 
       29.702800     83572.3084321655   02        10.325729         0.000000        11.658481         0.000000    03             0.000000         -2806.223982             0.000000 
       29.702800     83572.3084321655   02        10.325729         0.000000        11.658481         0.000000    03             0.000000         -2806.223982             0.000000 
       29.702800     83572.0759758666   02        10.327504         0.000000        11.658763         0.000000    03             0.000000         -2806.325486             0.000000 
       29.702800     83572.0759758666   02        10.327504         0.000000        11.658763         0.000000    03             0.000000         -2806.325486             0.000000 
       29.702800     83572.3084321655   02        10.325729         0.000000        11.658481         0.000000    03             0.000000         -2806.223982             0.000000 
       29.702800     83572.3084321655   02        10.325729         0.000000        11.658481         0.000000    03             0.000000         -2806.223982             0.000000 
       29.702800     83572.3084321655   02        10.325729         0.000000        11.658481         0.000000    03             0.000000         -2806.223982             0.000000 
       29.702800     83518.1879522747   02        10.361314         0.000000        11.661147         0.000000    03             0.000000         -2807.615095             0.000000 
       29.702800     83560.0723094967   02        10.558153         0.000000        11.662061         0.000000    03             0.000000         -2811.906584             0.000000 
       29.702800     83560.0835994564   02        10.558127         0.000000        11.662045         0.000000    03             0.000000         -2811.902512             0.000000 
       29.702800     83560.0835994564   02        10.558127         0.000000        11.662045         0.000000    03             0.000000         -2811.902512             0.000000 
       29.702800     83560.0723094967   02        10.558153         0.000000        11.662061         0.000000    03             0.000000         -2811.906584             0.000000 
       29.702800     83560.0835994564   02        10.558127         0.000000        11.662045         0.000000    03             0.000000         -2811.902512             0.000000 
       29.702800     83560.0835994564   02        10.558127         0.000000        11.662045         0.000000    03             0.000000         -2811.902512             0.000000 
       29.702800     83560.0835994564   02        10.558127         0.000000        11.662045         0.000000    03             0.000000         -2811.902512             0.000000 
       29.702800     83560.0835994564   02        10.558127         0.000000        11.662045         0.000000    03             0.000000         -2811.902512             0.000000 
       29.702800     83560.0835994564   02        10.558127         0.000000        11.662045         0.000000    03             0.000000         -2811.902512             0.000000 
       29.702800     83560.0835994564   02        10.558127         0.000000        11.662045         0.000000    03             0.000000         -2811.902512             0.000000 
       29.702800     83560.0835994564   02        10.558127         0.000000        11.662045         0.000000    03             0.000000         -2811.902512             0.000000 
       29.702800     83560.0835994564   02        10.558127         0.000000        11.662045         0.000000    03             0.000000         -2811.902512             0.000000 
       29.702800     83560.0835994564   02        10.558127         0.000000        11.662045         0.000000    03             0.000000         -2811.902512             0.000000 
       29.702800     83560.0835994564   02        10.558127         0.000000        11.662045         0.000000    03             0.000000         -2811.902512             0.000000 
       29.702800     83560.0723094967   02        10.558153         0.000000        11.662061         0.000000    03             0.000000         -2811.906584             0.000000 
       29.702800     83560.0835994564   02        10.558127         0.000000        11.662045         0.000000    03             0.000000         -2811.902512             0.000000 
       29.702800     83560.0835994564   02        10.558127         0.000000        11.662045         0.000000    03             0.000000         -2811.902512             0.000000 
       29.702800     83560.0723094967   02        10.558153         0.000000        11.662061         0.000000    03             0.000000         -2811.906584             0.000000 
       29.702800     83560.0723094967   02        10.558153         0.000000        11.662061         0.000000    03             0.000000         -2811.906584             0.000000 
       29.702800     83560.0835994564   02        10.558127         0.000000        11.662045         0.000000    03             0.000000         -2811.902512             0.000000 
       29.702800     83518.1879522747   02        10.361314         0.000000        11.661147         0.000000    03             0.000000         -2807.615095             0.000000 
       29.702800     83560.0835994564   02        10.558127         0.000000        11.662045         0.000000    03             0.000000         -2811.902512             0.000000 
       29.702800     83560.0835994564   02        10.558127         0.000000        11.662045         0.000000    03             0.000000         -2811.902512             0.000000 
       29.702800     83560.0835994564   02        10.558127         0.000000        11.662045         0.000000    03             0.000000         -2811.902512             0.000000 
       29.702800     83560.0835994564   02        10.558127         0.000000        11.662045         0.000000    03             0.000000         -2811.902512             0.000000 
       29.702800     83560.0723094967   02        10.558153         0.000000        11.662061         0.000000    03             0.000000         -2811.906584             0.000000 
       29.702800     83560.0835994564   02        10.558127         0.000000        11.662045         0.000000    03             0.000000         -2811.902512             0.000000 
       29.702800     83572.3084321655   02        10.325729         0.000000        11.658481         0.000000    03             0.000000         -2806.223982             0.000000 
       29.702800     83560.0723094967   02        10.558153         0.000000        11.662061         0.000000    03             0.000000         -2811.906584             0.000000 
       29.702800     83560.0835994564   02        10.558127         0.000000        11.662045         0.000000    03             0.000000         -2811.902512             0.000000 
       29.702800     83560.0723094967   02        10.558153         0.000000        11.662061         0.000000    03             0.000000         -2811.906584             0.000000 
       29.702800     83560.0723094967   02        10.558153         0.000000        11.662061         0.000000    03             0.000000         -2811.906584             0.000000 
       29.702800     83560.0723094967   02        10.558153         0.000000        11.662061         0.000000    03             0.000000         -2811.906584             0.000000 
       29.702800     83560.0835994564   02        10.558127         0.000000        11.662045         0.000000    03             0.000000         -2811.902512             0.000000 
       29.702800     83560.0723094967   02        10.558153         0.000000        11.662061         0.000000    03             0.000000         -2811.906584             0.000000 
       29.702800     83560.0835994564   02        10.558127         0.000000        11.662045         0.000000    03             0.000000         -2811.902512             0.000000 
       29.702800     83547.8903054684   02        10.119075         0.000000        11.666285         0.000000    03             0.000000         -2803.567630             0.000000 
       29.702800     83547.8903054684   02        10.119075         0.000000        11.666285         0.000000    03             0.000000         -2803.567630             0.000000 
       29.702800     83538.3997208682   02        10.638693         0.000000        11.656839         0.000000    03             0.000000         -2813.098710             0.000000 
       29.702800     83547.8903054684   02        10.119075         0.000000        11.666285         0.000000    03             0.000000         -2803.567630             0.000000 
       29.702800     83547.8903054684   02        10.119075         0.000000        11.666285         0.000000    03             0.000000         -2803.567630             0.000000 
       29.702800     83547.8903054684   02        10.119075         0.000000        11.666285         0.000000    03             0.000000         -2803.567630             0.000000 
       29.702800     83547.8903054684   02        10.119075         0.000000        11.666285         0.000000    03             0.000000         -2803.567630             0.000000 
       29.702800     83547.8903054684   02        10.119075         0.000000        11.666285         0.000000    03             0.000000         -2803.567630             0.000000 
       29.702800     83560.0835994564   02        10.558127         0.000000        11.662045         0.000000    03             0.000000         -2811.902512             0.000000 
       29.702800     83547.8903054684   02        10.119075         0.000000        11.666285         0.000000    03             0.000000         -2803.567630             0.000000 
       29.702800     83547.8903054684   02        10.119075         0.000000        11.666285         0.000000    03             0.000000         -2803.567630             0.000000 
       29.702800     83518.4888642276   02        10.485079         0.000000        11.654625         0.000000    03             0.000000         -2808.819875             0.000000 
       29.702800     83547.8903054684   02        10.119075         0.000000        11.666285         0.000000    03             0.000000         -2803.567630             0.000000 
       29.702800     83547.8903054684   02        10.119075         0.000000        11.666285         0.000000    03             0.000000         -2803.567630             0.000000 
       29.702800     83547.8903054684   02        10.119075         0.000000        11.666285         0.000000    03             0.000000         -2803.567630             0.000000 
       29.702800     83547.8903054684   02        10.119075         0.000000        11.666285         0.000000    03             0.000000         -2803.567630             0.000000 
       29.702800     83547.8903054684   02        10.119075         0.000000        11.666285         0.000000    03             0.000000         -2803.567630             0.000000 
       29.702800     83547.8903054684   02        10.119075         0.000000        11.666285         0.000000    03             0.000000         -2803.567630             0.000000 
       29.702800     83560.0835994564   02        10.558127         0.000000        11.662045         0.000000    03             0.000000         -2811.902512             0.000000 
       29.702800     83547.8903054684   02        10.119075         0.000000        11.666285         0.000000    03             0.000000         -2803.567630             0.000000 
       29.702800     83547.8903054684   02        10.119075         0.000000        11.666285         0.000000    03             0.000000         -2803.567630             0.000000 
       29.702800     83547.8903054684   02        10.119075         0.000000        11.666285         0.000000    03             0.000000         -2803.567630             0.000000 
       29.702800     83547.8903054684   02        10.119075         0.000000        11.666285         0.000000    03             0.000000         -2803.567630             0.000000 
       29.702800     83547.8903054684   02        10.119075         0.000000        11.666285         0.000000    03             0.000000         -2803.567630             0.000000 
       29.702800     83518.1879522747   02        10.361314         0.000000        11.661147         0.000000    03             0.000000         -2807.615095             0.000000 
       29.702800     83560.0835994564   02        10.558127         0.000000        11.662045         0.000000    03             0.000000         -2811.902512             0.000000 
       29.702800     83547.8903054684   02        10.119075         0.000000        11.666285         0.000000    03             0.000000         -2803.567630             0.000000 
       29.702800     83547.8903054684   02        10.119075         0.000000        11.666285         0.000000    03             0.000000         -2803.567630             0.000000 
       29.702800     83547.8903054684   02        10.119075         0.000000        11.666285         0.000000    03             0.000000         -2803.567630             0.000000 
       29.702800     83547.8903054684   02        10.119075         0.000000        11.666285         0.000000    03             0.000000         -2803.567630             0.000000 
       29.702800     83547.8903054684   02        10.119075         0.000000        11.666285         0.000000    03             0.000000         -2803.567630             0.000000 
       29.702800     83547.8903054684   02        10.119075         0.000000        11.666285         0.000000    03             0.000000         -2803.567630             0.000000 
       29.702800     83547.8903054684   02        10.119075         0.000000        11.666285         0.000000    03             0.000000         -2803.567630             0.000000 
       29.702800     83547.8903054684   02        10.119075         0.000000        11.666285         0.000000    03             0.000000         -2803.567630             0.000000 
       29.702800     83547.8903054684   02        10.119075         0.000000        11.666285         0.000000    03             0.000000         -2803.567630             0.000000 
       29.702800     83547.8903054684   02        10.119075         0.000000        11.666285         0.000000    03             0.000000         -2803.567630             0.000000 
       29.702800     83547.8903054684   02        10.119075         0.000000        11.666285         0.000000    03             0.000000         -2803.567630             0.000000 
       29.702800     83518.4888642276   02        10.485079         0.000000        11.654625         0.000000    03             0.000000         -2808.819875             0.000000 
       29.702800     83538.1975243267   02        10.641541         0.000000        11.657040         0.000000    03             0.000000         -2813.209151             0.000000 
       29.702800     83538.1892935746   02        10.641657         0.000000        11.657048         0.000000    03             0.000000         -2813.213654             0.000000 
       29.702800     83538.1975243267   02        10.641541         0.000000        11.657040         0.000000    03             0.000000         -2813.209151             0.000000 
       29.702800     83538.1975243267   02        10.641541         0.000000        11.657040         0.000000    03             0.000000         -2813.209151             0.000000 
       29.702800     83547.8903054684   02        10.119075         0.000000        11.666285         0.000000    03             0.000000         -2803.567630             0.000000 
       29.702800     83538.1975243267   02        10.641541         0.000000        11.657040         0.000000    03             0.000000         -2813.209151             0.000000 
       29.702800     83538.1975243267   02        10.641541         0.000000        11.657040         0.000000    03             0.000000         -2813.209151             0.000000 
       29.702800     83538.1975243267   02        10.641541         0.000000        11.657040         0.000000    03             0.000000         -2813.209151             0.000000 
       29.702800     83538.1892935746   02        10.641657         0.000000        11.657048         0.000000    03             0.000000         -2813.213654             0.000000 
       29.702800     83538.1975243267   02        10.641541         0.000000        11.657040         0.000000    03             0.000000         -2813.209151             0.000000 
       29.702800     83538.1975243267   02        10.641541         0.000000        11.657040         0.000000    03             0.000000         -2813.209151             0.000000 
       29.702800     83547.8903054684   02        10.119075         0.000000        11.666285         0.000000    03             0.000000         -2803.567630             0.000000 
       29.702800     83538.3997208682   02        10.638693         0.000000        11.656839         0.000000    03             0.000000         -2813.098710             0.000000 
       29.702800     83538.1975243267   02        10.641541         0.000000        11.657040         0.000000    03             0.000000         -2813.209151             0.000000 
       29.702800     83538.1975243267   02        10.641541         0.000000        11.657040         0.000000    03             0.000000         -2813.209151             0.000000 
       29.702800     83538.1975243267   02        10.641541         0.000000        11.657040         0.000000    03             0.000000         -2813.209151             0.000000 
       29.702800     83538.3997208682   02        10.638693         0.000000        11.656839         0.000000    03             0.000000         -2813.098710             0.000000 
       29.702800     83547.8903054684   02        10.119075         0.000000        11.666285         0.000000    03             0.000000         -2803.567630             0.000000 
       29.702800     83538.1975243267   02        10.641541         0.000000        11.657040         0.000000    03             0.000000         -2813.209151             0.000000 
       29.702800     83547.8903054684   02        10.119075         0.000000        11.666285         0.000000    03             0.000000         -2803.567630             0.000000 
       29.702800     83547.8903054684   02        10.119075         0.000000        11.666285         0.000000    03             0.000000         -2803.567630             0.000000 
       29.702800     83538.1975243267   02        10.641541         0.000000        11.657040         0.000000    03             0.000000         -2813.209151             0.000000 
       29.702800     83538.1975243267   02        10.641541         0.000000        11.657040         0.000000    03             0.000000         -2813.209151             0.000000 
       29.702800     83538.1892935746   02        10.641657         0.000000        11.657048         0.000000    03             0.000000         -2813.213654             0.000000 
       29.702800     83538.3997208682   02        10.638693         0.000000        11.656839         0.000000    03             0.000000         -2813.098710             0.000000 
       29.702800     83538.3997208682   02        10.638693         0.000000        11.656839         0.000000    03             0.000000         -2813.098710             0.000000 
       29.702800     83538.1975243267   02        10.641541         0.000000        11.657040         0.000000    03             0.000000         -2813.209151             0.000000 
       29.702800     83538.3997208682   02        10.638693         0.000000        11.656839         0.000000    03             0.000000         -2813.098710             0.000000 
       29.702800     83538.3997208682   02        10.638693         0.000000        11.656839         0.000000    03             0.000000         -2813.098710             0.000000 
       29.702800     83538.1975243267   02        10.641541         0.000000        11.657040         0.000000    03             0.000000         -2813.209151             0.000000 
       29.702800     83538.1975243267   02        10.641541         0.000000        11.657040         0.000000    03             0.000000         -2813.209151             0.000000 
       29.702800     83538.1975243267   02        10.641541         0.000000        11.657040         0.000000    03             0.000000         -2813.209151             0.000000 
       29.702800     83538.1975243267   02        10.641541         0.000000        11.657040         0.000000    03             0.000000         -2813.209151             0.000000 
       29.702800     83547.8903054684   02        10.119075         0.000000        11.666285         0.000000    03             0.000000         -2803.567630             0.000000 
       29.702800     83538.1975243267   02        10.641541         0.000000        11.657040         0.000000    03             0.000000         -2813.209151             0.000000 
       29.702800     83538.1975243267   02        10.641541         0.000000        11.657040         0.000000    03             0.000000         -2813.209151             0.000000 
       29.702800     83516.8868483426   02        10.344193         0.000000        11.658211         0.000000    03             0.000000         -2806.626694             0.000000 
       29.702800     83527.4780535875   02        10.421276         0.000000        11.668004         0.000000    03             0.000000         -2810.398940             0.000000 
       29.702800     83527.4780535875   02        10.421276         0.000000        11.668004         0.000000    03             0.000000         -2810.398940             0.000000 
       29.702800     83527.4780535875   02        10.421276         0.000000        11.668004         0.000000    03             0.000000         -2810.398940             0.000000 
       29.702800     83527.4780535875   02        10.421276         0.000000        11.668004         0.000000    03             0.000000         -2810.398940             0.000000 
       29.702800     83527.4780535875   02        10.421276         0.000000        11.668004         0.000000    03             0.000000         -2810.398940             0.000000 
       29.702800     83527.4780535875   02        10.421276         0.000000        11.668004         0.000000    03             0.000000         -2810.398940             0.000000 
       29.702800     83538.1892935746   02        10.641657         0.000000        11.657048         0.000000    03             0.000000         -2813.213654             0.000000 
       29.702800     83527.4780535875   02        10.421276         0.000000        11.668004         0.000000    03             0.000000         -2810.398940             0.000000 
       29.702800     83527.4780535875   02        10.421276         0.000000        11.668004         0.000000    03             0.000000         -2810.398940             0.000000 
       29.702800     83527.4780535875   02        10.421276         0.000000        11.668004         0.000000    03             0.000000         -2810.398940             0.000000 
       29.702800     83527.4780535875   02        10.421276         0.000000        11.668004         0.000000    03             0.000000         -2810.398940             0.000000 
       29.702800     83538.1975243267   02        10.641541         0.000000        11.657040         0.000000    03             0.000000         -2813.209151             0.000000 
       29.702800     83538.1975243267   02        10.641541         0.000000        11.657040         0.000000    03             0.000000         -2813.209151             0.000000 
       29.702800     83538.1975243267   02        10.641541         0.000000        11.657040         0.000000    03             0.000000         -2813.209151             0.000000 
       29.702800     83538.1975243267   02        10.641541         0.000000        11.657040         0.000000    03             0.000000         -2813.209151             0.000000 
       29.702800     83527.4780535875   02        10.421276         0.000000        11.668004         0.000000    03             0.000000         -2810.398940             0.000000 
       29.702800     83527.4780535875   02        10.421276         0.000000        11.668004         0.000000    03             0.000000         -2810.398940             0.000000 
       29.702800     83527.4780535875   02        10.421276         0.000000        11.668004         0.000000    03             0.000000         -2810.398940             0.000000 
       29.702800     83527.4780535875   02        10.421276         0.000000        11.668004         0.000000    03             0.000000         -2810.398940             0.000000 
       29.702800     83527.4780535875   02        10.421276         0.000000        11.668004         0.000000    03             0.000000         -2810.398940             0.000000 
       29.702800     83527.4780535875   02        10.421276         0.000000        11.668004         0.000000    03             0.000000         -2810.398940             0.000000 
       29.702800     83527.4780535875   02        10.421276         0.000000        11.668004         0.000000    03             0.000000         -2810.398940             0.000000 
       29.702800     83527.4780535875   02        10.421276         0.000000        11.668004         0.000000    03             0.000000         -2810.398940             0.000000 
       29.702800     83527.4780535875   02        10.421276         0.000000        11.668004         0.000000    03             0.000000         -2810.398940             0.000000 
       29.702800     83527.4780535875   02        10.421276         0.000000        11.668004         0.000000    03             0.000000         -2810.398940             0.000000 
       29.702800     83527.4780535875   02        10.421276         0.000000        11.668004         0.000000    03             0.000000         -2810.398940             0.000000 
       29.702800     83527.4780535875   02        10.421276         0.000000        11.668004         0.000000    03             0.000000         -2810.398940             0.000000 
       29.702800     83527.4780535875   02        10.421276         0.000000        11.668004         0.000000    03             0.000000         -2810.398940             0.000000 
       29.702800     83527.4780535875   02        10.421276         0.000000        11.668004         0.000000    03             0.000000         -2810.398940             0.000000 
       29.702800     83527.4780535875   02        10.421276         0.000000        11.668004         0.000000    03             0.000000         -2810.398940             0.000000 
       29.702800     83538.3997208682   02        10.638693         0.000000        11.656839         0.000000    03             0.000000         -2813.098710             0.000000 
       29.702800     83527.4780535875   02        10.421276         0.000000        11.668004         0.000000    03             0.000000         -2810.398940             0.000000 
       29.702800     83527.4780535875   02        10.421276         0.000000        11.668004         0.000000    03             0.000000         -2810.398940             0.000000 
       29.702800     83527.4780535875   02        10.421276         0.000000        11.668004         0.000000    03             0.000000         -2810.398940             0.000000 
       29.702800     83527.4780535875   02        10.421276         0.000000        11.668004         0.000000    03             0.000000         -2810.398940             0.000000 
       29.702800     83527.4780535875   02        10.421276         0.000000        11.668004         0.000000    03             0.000000         -2810.398940             0.000000 
       29.702800     83518.1879522747   02        10.361314         0.000000        11.661147         0.000000    03             0.000000         -2807.615095             0.000000 
       29.702800     83518.1879522747   02        10.361314         0.000000        11.661147         0.000000    03             0.000000         -2807.615095             0.000000 
       29.702800     83520.6716341405   02        10.442816         0.000000        11.664196         0.000000    03             0.000000         -2810.119490             0.000000 
       29.702800     83520.6716341405   02        10.442816         0.000000        11.664196         0.000000    03             0.000000         -2810.119490             0.000000 
       29.702800     83520.6716341405   02        10.442816         0.000000        11.664196         0.000000    03             0.000000         -2810.119490             0.000000 
       29.702800     83520.6716341405   02        10.442816         0.000000        11.664196         0.000000    03             0.000000         -2810.119490             0.000000 
       29.702800     83520.6716341405   02        10.442816         0.000000        11.664196         0.000000    03             0.000000         -2810.119490             0.000000 
       29.702800     83518.1879522747   02        10.361314         0.000000        11.661147         0.000000    03             0.000000         -2807.615095             0.000000 
       29.702800     83518.1879522747   02        10.361314         0.000000        11.661147         0.000000    03             0.000000         -2807.615095             0.000000 
       29.702800     83527.4780535875   02        10.421276         0.000000        11.668004         0.000000    03             0.000000         -2810.398940             0.000000 
       29.702800     83527.4780535875   02        10.421276         0.000000        11.668004         0.000000    03             0.000000         -2810.398940             0.000000 
       29.702800     83527.4780535875   02        10.421276         0.000000        11.668004         0.000000    03             0.000000         -2810.398940             0.000000 
       29.702800     83527.4780535875   02        10.421276         0.000000        11.668004         0.000000    03             0.000000         -2810.398940             0.000000 
       29.702800     83520.6716341405   02        10.442816         0.000000        11.664196         0.000000    03             0.000000         -2810.119490             0.000000 
       29.702800     83520.6716341405   02        10.442816         0.000000        11.664196         0.000000    03             0.000000         -2810.119490             0.000000 
       29.702800     83520.6716341405   02        10.442816         0.000000        11.664196         0.000000    03             0.000000         -2810.119490             0.000000 
       29.702800     83520.6716341405   02        10.442816         0.000000        11.664196         0.000000    03             0.000000         -2810.119490             0.000000 
       29.702800     83520.6716341405   02        10.442816         0.000000        11.664196         0.000000    03             0.000000         -2810.119490             0.000000 
       29.702800     83520.6716341405   02        10.442816         0.000000        11.664196         0.000000    03             0.000000         -2810.119490             0.000000 
       29.702800     83520.6716341405   02        10.442816         0.000000        11.664196         0.000000    03             0.000000         -2810.119490             0.000000 
       29.702800     83520.6716341405   02        10.442816         0.000000        11.664196         0.000000    03             0.000000         -2810.119490             0.000000 
       29.702800     83520.6716341405   02        10.442816         0.000000        11.664196         0.000000    03             0.000000         -2810.119490             0.000000 
       29.702800     83520.6716341405   02        10.442816         0.000000        11.664196         0.000000    03             0.000000         -2810.119490             0.000000 
       29.702800     83520.6716341405   02        10.442816         0.000000        11.664196         0.000000    03             0.000000         -2810.119490             0.000000 
       29.702800     83518.1879522747   02        10.361314         0.000000        11.661147         0.000000    03             0.000000         -2807.615095             0.000000 
       29.702800     83520.6716341405   02        10.442816         0.000000        11.664196         0.000000    03             0.000000         -2810.119490             0.000000 
       29.702800     83527.4780535875   02        10.421276         0.000000        11.668004         0.000000    03             0.000000         -2810.398940             0.000000 
       29.702800     83527.4780535875   02        10.421276         0.000000        11.668004         0.000000    03             0.000000         -2810.398940             0.000000 
       29.702800     83520.6716341405   02        10.442816         0.000000        11.664196         0.000000    03             0.000000         -2810.119490             0.000000 
       29.702800     83520.6716341405   02        10.442816         0.000000        11.664196         0.000000    03             0.000000         -2810.119490             0.000000 
       29.702800     83520.6716341405   02        10.442816         0.000000        11.664196         0.000000    03             0.000000         -2810.119490             0.000000 
       29.702800     83520.6716341405   02        10.442816         0.000000        11.664196         0.000000    03             0.000000         -2810.119490             0.000000 
       29.702800     83520.6716341405   02        10.442816         0.000000        11.664196         0.000000    03             0.000000         -2810.119490             0.000000 
       29.702800     83520.6716341405   02        10.442816         0.000000        11.664196         0.000000    03             0.000000         -2810.119490             0.000000 
       29.702800     83527.4780535875   02        10.421276         0.000000        11.668004         0.000000    03             0.000000         -2810.398940             0.000000 
       29.702800     83520.6716341405   02        10.442816         0.000000        11.664196         0.000000    03             0.000000         -2810.119490             0.000000 
       29.702800     83520.6716341405   02        10.442816         0.000000        11.664196         0.000000    03             0.000000         -2810.119490             0.000000 
       29.702800     83515.9142579384   02        10.457959         0.000000        11.668525         0.000000    03             0.000000         -2811.315278             0.000000 
       29.702800     83518.4888642275   02        10.485079         0.000000        11.654625         0.000000    03             0.000000         -2808.819875             0.000000 
       29.702800     83520.6716341405   02        10.442816         0.000000        11.664196         0.000000    03             0.000000         -2810.119490             0.000000 
       29.702800     83520.6716341405   02        10.442816         0.000000        11.664196         0.000000    03             0.000000         -2810.119490             0.000000 
       29.702800     83520.6716341405   02        10.442816         0.000000        11.664196         0.000000    03             0.000000         -2810.119490             0.000000 
       29.702800     83520.6716341405   02        10.442816         0.000000        11.664196         0.000000    03             0.000000         -2810.119490             0.000000 
       29.702800     83520.6716341405   02        10.442816         0.000000        11.664196         0.000000    03             0.000000         -2810.119490             0.000000 
       29.702800     83515.9142579384   02        10.457959         0.000000        11.668525         0.000000    03             0.000000         -2811.315278             0.000000 
       29.702800     83515.9142579384   02        10.457959         0.000000        11.668525         0.000000    03             0.000000         -2811.315278             0.000000 
       29.702800     83518.9459644835   02        10.460675         0.000000        11.663942         0.000000    03             0.000000         -2810.391144             0.000000 
       29.702800     83515.9142579384   02        10.457959         0.000000        11.668525         0.000000    03             0.000000         -2811.315278             0.000000 
       29.702800     83518.9459644835   02        10.460675         0.000000        11.663942         0.000000    03             0.000000         -2810.391144             0.000000 
       29.702800     83520.6716341405   02        10.442816         0.000000        11.664196         0.000000    03             0.000000         -2810.119490             0.000000 
       29.702800     83520.6716341405   02        10.442816         0.000000        11.664196         0.000000    03             0.000000         -2810.119490             0.000000 
       29.702800     83515.9142579384   02        10.457959         0.000000        11.668525         0.000000    03             0.000000         -2811.315278             0.000000 
       29.702800     83515.9142579384   02        10.457959         0.000000        11.668525         0.000000    03             0.000000         -2811.315278             0.000000 
       29.702800     83515.9142579384   02        10.457959         0.000000        11.668525         0.000000    03             0.000000         -2811.315278             0.000000 
       29.702800     83515.9142579384   02        10.457959         0.000000        11.668525         0.000000    03             0.000000         -2811.315278             0.000000 
       29.702800     83520.6716341405   02        10.442816         0.000000        11.664196         0.000000    03             0.000000         -2810.119490             0.000000 
       29.702800     83518.9459644835   02        10.460675         0.000000        11.663942         0.000000    03             0.000000         -2810.391144             0.000000 
       29.702800     83520.6716341405   02        10.442816         0.000000        11.664196         0.000000    03             0.000000         -2810.119490             0.000000 
       29.702800     83520.6716341405   02        10.442816         0.000000        11.664196         0.000000    03             0.000000         -2810.119490             0.000000 
       29.702800     83515.9142579384   02        10.457959         0.000000        11.668525         0.000000    03             0.000000         -2811.315278             0.000000 
       29.702800     83515.9142579384   02        10.457959         0.000000        11.668525         0.000000    03             0.000000         -2811.315278             0.000000 
       29.702800     83518.1879522747   02        10.361314         0.000000        11.661147         0.000000    03             0.000000         -2807.615095             0.000000 
       29.702800     83515.9142579384   02        10.457959         0.000000        11.668525         0.000000    03             0.000000         -2811.315278             0.000000 
       29.702800     83515.9142579384   02        10.457959         0.000000        11.668525         0.000000    03             0.000000         -2811.315278             0.000000 
       29.702800     83518.9459644835   02        10.460675         0.000000        11.663942         0.000000    03             0.000000         -2810.391144             0.000000 
       29.702800     83520.6716341405   02        10.442816         0.000000        11.664196         0.000000    03             0.000000         -2810.119490             0.000000 
       29.702800     83515.9142579384   02        10.457959         0.000000        11.668525         0.000000    03             0.000000         -2811.315278             0.000000 
       29.702800     83515.9142579384   02        10.457959         0.000000        11.668525         0.000000    03             0.000000         -2811.315278             0.000000 
       29.702800     83515.9142579384   02        10.457959         0.000000        11.668525         0.000000    03             0.000000         -2811.315278             0.000000 
       29.702800     83518.9459644835   02        10.460675         0.000000        11.663942         0.000000    03             0.000000         -2810.391144             0.000000 
       29.702800     83515.9142579384   02        10.457959         0.000000        11.668525         0.000000    03             0.000000         -2811.315278             0.000000 
       29.702800     83518.9459644835   02        10.460675         0.000000        11.663942         0.000000    03             0.000000         -2810.391144             0.000000 
       29.702800     83515.9142579384   02        10.457959         0.000000        11.668525         0.000000    03             0.000000         -2811.315278             0.000000 
       29.702800     83520.6716341405   02        10.442816         0.000000        11.664196         0.000000    03             0.000000         -2810.119490             0.000000 
       29.702800     83518.4888642276   02        10.485079         0.000000        11.654625         0.000000    03             0.000000         -2808.819875             0.000000 
       29.702800     83515.9142579384   02        10.457959         0.000000        11.668525         0.000000    03             0.000000         -2811.315278             0.000000 
       29.702800     83518.1879522747   02        10.361314         0.000000        11.661147         0.000000    03             0.000000         -2807.615095             0.000000 
       29.702800     83518.1879522747   02        10.361314         0.000000        11.661147         0.000000    03             0.000000         -2807.615095             0.000000 
       29.702800     83518.1879522747   02        10.361314         0.000000        11.661147         0.000000    03             0.000000         -2807.615095             0.000000 
       29.702800     83518.1879522747   02        10.361314         0.000000        11.661147         0.000000    03             0.000000         -2807.615095             0.000000 
       29.702800     83518.1879522747   02        10.361314         0.000000        11.661147         0.000000    03             0.000000         -2807.615095             0.000000 
       29.702800     83515.9142579384   02        10.457959         0.000000        11.668525         0.000000    03             0.000000         -2811.315278             0.000000 
       29.702800     83518.9459644835   02        10.460675         0.000000        11.663942         0.000000    03             0.000000         -2810.391144             0.000000 
       29.702800     83518.1879522747   02        10.361314         0.000000        11.661147         0.000000    03             0.000000         -2807.615095             0.000000 
       29.702800     83518.1879522747   02        10.361314         0.000000        11.661147         0.000000    03             0.000000         -2807.615095             0.000000 
       29.702800     83518.1879522747   02        10.361314         0.000000        11.661147         0.000000    03             0.000000         -2807.615095             0.000000 
       29.702800     83518.1879522747   02        10.361314         0.000000        11.661147         0.000000    03             0.000000         -2807.615095             0.000000 
       29.702800     83515.9142579384   02        10.457959         0.000000        11.668525         0.000000    03             0.000000         -2811.315278             0.000000 
       29.702800     83515.9142579384   02        10.457959         0.000000        11.668525         0.000000    03             0.000000         -2811.315278             0.000000 
       29.702800     83518.9459644835   02        10.460675         0.000000        11.663942         0.000000    03             0.000000         -2810.391144             0.000000 
       29.702800     83515.9142579384   02        10.457959         0.000000        11.668525         0.000000    03             0.000000         -2811.315278             0.000000 
       29.702800     83518.1879522747   02        10.361314         0.000000        11.661147         0.000000    03             0.000000         -2807.615095             0.000000 
       29.702800     83518.1879522747   02        10.361314         0.000000        11.661147         0.000000    03             0.000000         -2807.615095             0.000000 
       29.702800     83515.9142579384   02        10.457959         0.000000        11.668525         0.000000    03             0.000000         -2811.315278             0.000000 
       29.702800     83518.1879522747   02        10.361314         0.000000        11.661147         0.000000    03             0.000000         -2807.615095             0.000000 
       29.702800     83518.1879522747   02        10.361314         0.000000        11.661147         0.000000    03             0.000000         -2807.615095             0.000000 
       29.702800     83515.9142579384   02        10.457959         0.000000        11.668525         0.000000    03             0.000000         -2811.315278             0.000000 
       29.702800     83515.9142579384   02        10.457959         0.000000        11.668525         0.000000    03             0.000000         -2811.315278             0.000000 
       29.702800     83518.1879522747   02        10.361314         0.000000        11.661147         0.000000    03             0.000000         -2807.615095             0.000000 
       29.702800     83518.1879522747   02        10.361314         0.000000        11.661147         0.000000    03             0.000000         -2807.615095             0.000000 
       29.702800     83518.1879522747   02        10.361314         0.000000        11.661147         0.000000    03             0.000000         -2807.615095             0.000000 
       29.702800     83518.1879522747   02        10.361314         0.000000        11.661147         0.000000    03             0.000000         -2807.615095             0.000000 
       29.702800     83518.1879522747   02        10.361314         0.000000        11.661147         0.000000    03             0.000000         -2807.615095             0.000000 
       29.702800     83518.9459644835   02        10.460675         0.000000        11.663942         0.000000    03             0.000000         -2810.391144             0.000000 
       29.702800     83518.9459644835   02        10.460675         0.000000        11.663942         0.000000    03             0.000000         -2810.391144             0.000000 
       29.702800     83515.9142579384   02        10.457959         0.000000        11.668525         0.000000    03             0.000000         -2811.315278             0.000000 
       29.702800     83515.9142579384   02        10.457959         0.000000        11.668525         0.000000    03             0.000000         -2811.315278             0.000000 
       29.702800     83518.1879522747   02        10.361314         0.000000        11.661147         0.000000    03             0.000000         -2807.615095             0.000000 
       29.702800     83518.1879522747   02        10.361314         0.000000        11.661147         0.000000    03             0.000000         -2807.615095             0.000000 
       29.702800     83518.1879522747   02        10.361314         0.000000        11.661147         0.000000    03             0.000000         -2807.615095             0.000000 
       29.702800     83518.1879522747   02        10.361314         0.000000        11.661147         0.000000    03             0.000000         -2807.615095             0.000000 
       29.702800     83518.4888642276   02        10.485079         0.000000        11.654625         0.000000    03             0.000000         -2808.819875             0.000000 
       29.702800     83516.8868483426   02        10.344193         0.000000        11.658211         0.000000    03             0.000000         -2806.626694             0.000000 
       29.702800     83516.8868483426   02        10.344193         0.000000        11.658211         0.000000    03             0.000000         -2806.626694             0.000000 
       29.702800     83644.2001952165   02        10.205872         0.000000        11.667297         0.000000    03             0.000000         -2805.554211             0.000000 
       29.702800     83518.1879522747   02        10.361314         0.000000        11.661147         0.000000    03             0.000000         -2807.615095             0.000000 
       29.702800     83518.1879522747   02        10.361314         0.000000        11.661147         0.000000    03             0.000000         -2807.615095             0.000000 
       29.702800     83396.4476915456   02        11.624766         0.000000        13.537916         0.000000    03             0.000000         -2894.167009             0.000000 
       29.702800     84410.2158075612   02         8.263909         0.000000        11.056283         0.000000    03             0.000000         -2656.318826             0.000000 
       29.702800     83433.1451687385   02        10.665768         0.000000        11.785389         0.000000    03             0.000000         -2842.255346             0.000000 
       29.702800     83759.8488240092   02         9.897250         0.000000        11.387687         0.000000    03             0.000000         -2736.905263             0.000000 
       29.702800     83481.3243349634   02        10.435600         0.000000        11.709618         0.000000    03             0.000000         -2820.154562             0.000000 
       29.702800     83620.9550075720   02        10.120664         0.000000        11.530166         0.000000    03             0.000000         -2773.300127             0.000000 
       29.702800     83486.4861489349   02        10.416526         0.000000        11.702010         0.000000    03             0.000000         -2818.014953             0.000000 
       29.702800     83558.9367157029   02        10.238193         0.000000        11.603232         0.000000    03             0.000000         -2792.064938             0.000000 
